unit	page	id	speaker	text	rects
0	0	u00-p000-s001	narrator	English	1
0	1	u00-p001-s001	narrator	English	1
0	2	u00-p002-s001	narrator	A	1
0	2	u00-p002-s002	narrator	jiaocai@yilin.com	1
0	2	u00-p002-s003	narrator	ISBN 978—7—5753—0036—0	1
0	3	u00-p003-s001	narrator	Millie	1
0	3	u00-p003-s002	narrator	Simon	1
0	3	u00-p003-s003	narrator	Sandy	1
0	3	u00-p003-s004	narrator	Daniel	1
0	3	u00-p003-s005	narrator	Kitty	1
0	3	u00-p003-s006	narrator	Amy	1
0	3	u00-p003-s007	narrator	Nora	1
0	3	u00-p003-s008	narrator	David	1
0	3	u00-p003-s009	narrator	Amy	1
0	3	u00-p003-s010	narrator	Nora	1
0	3	u00-p003-s011	narrator	David	1
0	3	u00-p003-s012	narrator	Welcome to the unit	3
0	3	u00-p003-s014	narrator	Reading	1
0	3	u00-p003-s015	narrator	Grammar	1
0	3	u00-p003-s016	narrator	Grammar	1
0	3	u00-p003-s017	narrator	Pronunciation	1
0	3	u00-p003-s018	narrator	Integration	1
0	3	u00-p003-s019	narrator	Integration	1
0	3	u00-p003-s020	narrator	Assessment	1
0	3	u00-p003-s021	narrator	Assessment	1
0	3	u00-p003-s022	narrator	Further study	1
0	3	u00-p003-s023	narrator	Further study	1
0	3	u00-p003-s024	narrator	Project	1
0	3	u00-p003-s025	narrator	Project	1
0	4	u00-p004-s001	narrator	Contents	1
0	4	u00-p004-s002	narrator	Unit	2
0	4	u00-p004-s003	narrator	Welcome to the unit	1
0	4	u00-p004-s004	narrator	Reading	1
0	4	u00-p004-s005	narrator	Grammar	2
0	4	u00-p004-s006	narrator	Greetings	1
0	4	u00-p004-s007	narrator	Welcome to Class 1, Grade 7!	2
0	4	u00-p004-s008	narrator	Simple present tense (I)	1
0	4	u00-p004-s009	narrator	Getting to know each other	1
0	4	u00-p004-s010	narrator	This is me!	1
0	4	u00-p004-s011	narrator	(p.	1
0	4	u00-p004-s012	narrator	(pp.	1
0	4	u00-p004-s013	narrator	(p.	1
0	4	u00-p004-s014	narrator	(pp.	1
0	4	u00-p004-s015	narrator	What do you like to dog	2
0	4	u00-p004-s016	narrator	Simple present tense (II)	1
0	4	u00-p004-s017	narrator	A fan of science	1
0	4	u00-p004-s018	narrator	Hobbies	1
0	4	u00-p004-s019	narrator	(pp.	1
0	4	u00-p004-s020	narrator	(pp.	1
0	4	u00-p004-s021	narrator	(p.	1
0	4	u00-p004-s022	narrator	(p.	1
0	4	u00-p004-s023	narrator	Places at school	1
0	4	u00-p004-s024	narrator	Our wonderful school	1
0	4	u00-p004-s025	narrator	Personal pronouns	2
0	4	u00-p004-s026	narrator	A	1
0	4	u00-p004-s027	narrator	subject form	1
0	4	u00-p004-s028	narrator	Welcome to our school!	2
0	4	u00-p004-s029	narrator	(p.	1
0	4	u00-p004-s030	narrator	(pp.	1
0	4	u00-p004-s031	narrator	(p.	1
0	4	u00-p004-s032	narrator	B	1
0	4	u00-p004-s033	narrator	object form	1
0	4	u00-p004-s034	narrator	(p.	1
0	4	u00-p004-s035	narrator	(p.	1
0	4	u00-p004-s036	narrator	School days	2
0	4	u00-p004-s037	narrator	A day at school	1
0	4	u00-p004-s038	narrator	Prepositions of time	1
0	4	u00-p004-s039	narrator	A	1
0	4	u00-p004-s040	narrator	(p.	1
0	4	u00-p004-s041	narrator	Module	1
0	4	u00-p004-s042	narrator	Adverbs of frequency	1
0	4	u00-p004-s043	narrator	B	1
0	4	u00-p004-s044	narrator	(p.	1
0	4	u00-p004-s045	narrator	(pp.	1
0	4	u00-p004-s046	narrator	(p.	1
0	4	u00-p004-s047	narrator	(p.	1
0	4	u00-p004-s048	narrator	All kinds of food	1
0	4	u00-p004-s049	narrator	Lifestyle: healthy or notg	2
0	4	u00-p004-s050	narrator	Countable and uncountable nouns	2
0	4	u00-p004-s051	narrator	Colourful life	1
0	4	u00-p004-s052	narrator	A healthy lifestyle	2
0	4	u00-p004-s053	narrator	(p.	1
0	4	u00-p004-s054	narrator	(pp.	1
0	4	u00-p004-s055	narrator	(pp.	1
0	4	u00-p004-s056	narrator	(p.	1
0	4	u00-p004-s057	narrator	Learning about clothes	2
0	4	u00-p004-s058	narrator	Choosing the right colour	2
0	4	u00-p004-s059	narrator	Asking questions	1
0	4	u00-p004-s060	narrator	(pp.	1
0	4	u00-p004-s061	narrator	My clothes, my style	2
0	4	u00-p004-s062	narrator	(p.	1
0	4	u00-p004-s063	narrator	(pp.	1
0	4	u00-p004-s064	narrator	(p.	1
0	4	u00-p004-s065	narrator	Gifts around the world	2
0	4	u00-p004-s066	narrator	Family money management	2
0	4	u00-p004-s067	narrator	Using some/any	1
0	4	u00-p004-s068	narrator	A	1
0	4	u00-p004-s069	narrator	(p.	1
0	4	u00-p004-s070	narrator	Using there be	1
0	4	u00-p004-s071	narrator	Be wise with money	2
0	4	u00-p004-s072	narrator	B	1
0	4	u00-p004-s073	narrator	(p.	1
0	4	u00-p004-s074	narrator	(p.	1
0	4	u00-p004-s075	narrator	(pp.	1
0	4	u00-p004-s076	narrator	(p.	1
0	4	u00-p004-s077	narrator	Festivals around the world	2
0	4	u00-p004-s078	narrator	Happy New Year	1
0	4	u00-p004-s079	narrator	Present continuous tense	1
0	4	u00-p004-s080	narrator	Let’s celebrate!	1
0	4	u00-p004-s081	narrator	(pp.	1
0	4	u00-p004-s082	narrator	(pp.	1
0	4	u00-p004-s083	narrator	Module	1
0	4	u00-p004-s084	narrator	(p.	1
0	4	u00-p004-s085	narrator	(p.	1
0	4	u00-p004-s086	narrator	Appendices	1
0	4	u00-p004-s087	narrator	English sounds	1
0	4	u00-p004-s088	narrator	Notes	1
0	4	u00-p004-s089	narrator	Grammar check	1
0	4	u00-p004-s090	narrator	(pp.	1
0	4	u00-p004-s091	narrator	(pp.	1
0	4	u00-p004-s092	narrator	(pp.	1
0	5	u00-p005-s001	narrator	Project	3
0	5	u00-p005-s002	narrator	Pronunciation	1
0	5	u00-p005-s003	narrator	Integration	1
0	5	u00-p005-s004	narrator	Assessment	1
0	5	u00-p005-s005	narrator	Further study	1
0	5	u00-p005-s006	narrator	Workbook	1
0	5	u00-p005-s007	narrator	Vowels (I)	1
0	5	u00-p005-s008	narrator	Meeting my new friends	2
0	5	u00-p005-s009	narrator	(p.	1
0	5	u00-p005-s010	narrator	(p.	1
0	5	u00-p005-s011	narrator	(pp.	1
0	5	u00-p005-s012	narrator	(p.	1
0	5	u00-p005-s013	narrator	(pp.	1
0	5	u00-p005-s014	narrator	(pp.	1
0	5	u00-p005-s015	narrator	A video about my new school life	1
0	5	u00-p005-s016	narrator	Vowels (II)	1
0	5	u00-p005-s017	narrator	After-school fun	1
0	5	u00-p005-s018	narrator	(p.	1
0	5	u00-p005-s019	narrator	(p.	1
0	5	u00-p005-s020	narrator	(pp.	1
0	5	u00-p005-s021	narrator	(p.	1
0	5	u00-p005-s022	narrator	(pp.	1
0	5	u00-p005-s023	narrator	Consonants (I)	1
0	5	u00-p005-s024	narrator	Great places at school	1
0	5	u00-p005-s025	narrator	(p.	1
0	5	u00-p005-s026	narrator	(p.	1
0	5	u00-p005-s027	narrator	(pp.	1
0	5	u00-p005-s028	narrator	(p.	1
0	5	u00-p005-s029	narrator	(pp.	1
0	5	u00-p005-s030	narrator	Vowels (III)	1
0	5	u00-p005-s031	narrator	Learning by doing	1
0	5	u00-p005-s032	narrator	(p.	1
0	5	u00-p005-s033	narrator	(p.	1
0	5	u00-p005-s034	narrator	(pp.	1
0	5	u00-p005-s035	narrator	(p.	1
0	5	u00-p005-s036	narrator	(pp.	1
0	5	u00-p005-s037	narrator	Consonants (II)	1
0	5	u00-p005-s038	narrator	My lifestyle	1
0	5	u00-p005-s039	narrator	(p.	1
0	5	u00-p005-s040	narrator	(p.	1
0	5	u00-p005-s041	narrator	(pp.	1
0	5	u00-p005-s042	narrator	(p.	1
0	5	u00-p005-s043	narrator	(pp.	1
0	5	u00-p005-s044	narrator	(pp.	1
0	5	u00-p005-s045	narrator	A party plan to celebrate New Year	1
0	5	u00-p005-s046	narrator	Vowels (IV)	1
0	5	u00-p005-s047	narrator	Different types of clothes	2
0	5	u00-p005-s048	narrator	(p.	1
0	5	u00-p005-s049	narrator	(p.	1
0	5	u00-p005-s050	narrator	(pp.	1
0	5	u00-p005-s051	narrator	(p.	1
0	5	u00-p005-s052	narrator	(pp.	1
0	5	u00-p005-s053	narrator	Consonants (III)	1
0	5	u00-p005-s054	narrator	All about money	1
0	5	u00-p005-s055	narrator	(p.	1
0	5	u00-p005-s056	narrator	(p.	1
0	5	u00-p005-s057	narrator	(pp.	1
0	5	u00-p005-s058	narrator	(p.	1
0	5	u00-p005-s059	narrator	(pp.	1
0	5	u00-p005-s060	narrator	/w/ and /v/	1
0	5	u00-p005-s061	narrator	Festivals for the family	2
0	5	u00-p005-s062	narrator	(p.	1
0	5	u00-p005-s063	narrator	(p.	1
0	5	u00-p005-s064	narrator	(pp.	1
0	5	u00-p005-s065	narrator	(p.	1
0	5	u00-p005-s066	narrator	(pp.	1
0	5	u00-p005-s067	narrator	Wordlists	1
0	5	u00-p005-s068	narrator	Proper nouns	1
0	5	u00-p005-s069	narrator	(pp.	1
0	5	u00-p005-s070	narrator	(pp.	1
1	6	u01-p006-s008	narrator	Unit	1
1	6	u01-p006-s011	narrator	This is me!	1
1	6	u01-p006-s001	narrator	New school, new friends, new start!	1
1	6	u01-p006-s005	narrator	read about Millie and her new classmates;	1
1	6	u01-p006-s006	narrator	learn about other students from Class 1, Grade 7;	1
1	6	u01-p006-s009	narrator	In this unit, we will	2
1	6	u01-p006-s007	narrator	introduce ourselves and our classmates;	1
1	6	u01-p006-s002	narrator	learn how to greet others and make new friends.	1
1	6	u01-p006-s003	narrator	This is our first day at a new school.	1
1	6	u01-p006-s004	narrator	Let’s meet some of the students and teachers at Sunshine Middle School, and learn how to greet others and introduce ourselves.	3
1	7	u01-p007-s034	narrator	Unit 1	1
1	7	u01-p007-s035	narrator	Welcome to the unit	1
1	7	u01-p007-s033	narrator	Greetings	1
1	7	u01-p007-s001	narrator	Here are some students from Class 1, Grade 7 and their English teacher, Mr Wu.	1
1	7	u01-p007-s002	narrator	Read what they say.	1
1	7	u01-p007-s004	daniel	Hello, my name is Chen Dan, and Daniel is my English name.	2
1	7	u01-p007-s003	mr wu	Good morning, class.	1
1	7	u01-p007-s005	class	Good morning, Mr Wu.	1
1	7	u01-p007-s006	amy	Hi, I'm Zhao Min. My English name is Amy.	3
1	7	u01-p007-s007	narrator	Please greet and introduce each other.	2
1	7	u01-p007-s009	kitty	Hi, my name is Zhang Ke. You can call me Kitty.	2
1	7	u01-p007-s008	simon	Good morning. I'm Luo Yang. You can call me Simon.	3
1	7	u01-p007-s010	sandy	Hi, I'm Sandy. My Chinese name is Li Shanshan.	4
1	7	u01-p007-s011	millie	Hello, I'm Wang Xinyue, and I go by Millie.	3
1	7	u01-p007-s014	narrator	Greet your partner and then introduce yourself.	2
1	7	u01-p007-s012	narrator	Millie is greeting Sandy.	1
1	7	u01-p007-s013	narrator	Work in pairs.	1
1	7	u01-p007-s015	narrator	Use the conversation below as a model.	1
1	7	u01-p007-s016	narrator	The sentences in the box may help you.	1
1	7	u01-p007-s017	simon	Good morning.	1
1	7	u01-p007-s018	narrator	Good afternoon.	1
1	7	u01-p007-s019	narrator	Good evening.	1
1	7	u01-p007-s036	millie	Millie:	1
1	7	u01-p007-s020	millie	Good morning.	1
1	7	u01-p007-s027	millie	“Morning” is an informal way of saying “Good morning”.	2
1	7	u01-p007-s037	millie	TIP	1
1	7	u01-p007-s038	sandy	Sandy:	1
1	7	u01-p007-s021	sandy	Morning.	1
1	7	u01-p007-s028	sandy	The same goes for “Afternoon/Evening/Night”.	2
1	7	u01-p007-s039	millie	Millie:	1
1	7	u01-p007-s022	millie	I’m Millie. What’s your nameg	1
1	7	u01-p007-s040	sandy	Sandy:	1
1	7	u01-p007-s023	sandy	My name is Sandy. Nice to meet you!	1
1	7	u01-p007-s041	millie	Millie:	1
1	7	u01-p007-s024	millie	Glad to meet you too! Which class are you ing	1
1	7	u01-p007-s042	sandy	Sandy:	1
1	7	u01-p007-s025	sandy	I’m in Class 1. And youg	1
1	7	u01-p007-s043	millie	Millie:	1
1	7	u01-p007-s026	millie	Wow, we’re in the same class! Do you have any hobbiesg	2
1	7	u01-p007-s044	sandy	Sandy:	1
1	7	u01-p007-s029	sandy	Yes, I like playing the piano. What about youg	1
1	7	u01-p007-s045	millie	Millie:	1
1	7	u01-p007-s030	millie	I love reading.	1
1	7	u01-p007-s032	narrator	Think of a different greeting and share it with your classmates.	2
1	7	u01-p007-s031	narrator	What other greetings do you knowg	1
1	8	u01-p008-s035	narrator	Unit 1	1
1	8	u01-p008-s036	narrator	Reading	1
1	8	u01-p008-s001	narrator	Welcome to Class 1, Grade 7!	1
1	8	u01-p008-s002	narrator	Millie is introducing herself and her new classmates at Sunshine Middle School.	1
1	8	u01-p008-s003	narrator	Let’s meet them.	2
1	8	u01-p008-s004	narrator	Before reading, think about the questions below.	1
1	8	u01-p008-s005	narrator	1 What do you want to tell your new classmates about yourselfg	1
1	8	u01-p008-s006	narrator	2 What do you know about your new classmatesg	1
1	8	u01-p008-s034	narrator	Welcome to	1
1	8	u01-p008-s037	narrator	Class 1, Grade 7	1
1	8	u01-p008-s007	millie	Hi! I'm Millie, a new student at Sunshine Middle School.	3
1	8	u01-p008-s009	millie	I'm in Class 1, Grade 7.	1
1	8	u01-p008-s038	narrator	Wang Xinyue/Millie	1
1	8	u01-p008-s010	millie	I'm 12 years old.	1
1	8	u01-p008-s012	millie	Here are my new classmates.	2
1	8	u01-p008-s011	millie	I love reading.	1
1	8	u01-p008-s013	millie	They're very friendly.	1
1	8	u01-p008-s014	millie	Let's meet them.	1
1	8	u01-p008-s015	narrator	We use “this is...”	1
1	8	u01-p008-s039	narrator	TIP	1
1	8	u01-p008-s016	narrator	to introduce someone to others.	2
1	8	u01-p008-s019	millie	This is Simon.	1
1	8	u01-p008-s017	narrator	We also use “this is...”	2
1	8	u01-p008-s020	millie	He is tall.	1
1	8	u01-p008-s018	narrator	to introduce ourselves on the phone.	3
1	8	u01-p008-s021	millie	He is always full of energy.	1
1	8	u01-p008-s022	millie	He is good at sport.	1
1	8	u01-p008-s040	narrator	Luo Yang/Simon	1
1	8	u01-p008-s023	millie	He often plays football after school.	1
1	8	u01-p008-s024	millie	This is Sandy.	1
1	8	u01-p008-s025	millie	She is tall and slim.	1
1	8	u01-p008-s026	millie	She has long hair.	1
1	8	u01-p008-s027	millie	She is very polite.	1
1	8	u01-p008-s028	millie	She likes music and she can play the piano well.	1
1	8	u01-p008-s041	narrator	Li Shanshan/Sandy	1
1	8	u01-p008-s029	millie	This is Daniel.	1
1	8	u01-p008-s030	millie	He is not tall.	1
1	8	u01-p008-s031	millie	He wears glasses.	1
1	8	u01-p008-s032	millie	He is smart and always ready to help others.	1
1	8	u01-p008-s042	narrator	Chen Dan/Daniel	1
1	8	u01-p008-s033	millie	He is interested in science.	1
1	9	u01-p009-s015	narrator	Unit 1	1
1	9	u01-p009-s001	narrator	A Match the new students in Class 1, Grade 7 with their hobbies.	1
1	9	u01-p009-s016	narrator	a	1
1	9	u01-p009-s011	narrator	Millie	1
1	9	u01-p009-s017	narrator	b	1
1	9	u01-p009-s012	narrator	Simon	1
1	9	u01-p009-s018	narrator	c	1
1	9	u01-p009-s013	narrator	Sandy	1
1	9	u01-p009-s019	narrator	d	1
1	9	u01-p009-s014	narrator	Daniel	1
1	9	u01-p009-s003	narrator	Write a T if a sentence is true or an F if it is false.	1
1	9	u01-p009-s002	narrator	B Read Millie’s introductions again.	1
1	9	u01-p009-s004	narrator	Then correct the false one(s).	1
1	9	u01-p009-s005	narrator	1 Millie is interested in reading.	1
1	9	u01-p009-s006	narrator	2 Simon is not tall.	1
1	9	u01-p009-s007	narrator	3 Simon loves science.	1
1	9	u01-p009-s008	narrator	4 Sandy is a tall, polite girl.	1
1	9	u01-p009-s009	narrator	5 Sandy and Daniel wear glasses.	1
1	9	u01-p009-s010	narrator	6 Daniel is very helpful.	1
1	10	u01-p010-s019	narrator	Unit 1	1
1	10	u01-p010-s002	narrator	Complete his notes with the correct forms of the words and phrases in the box below.	2
1	10	u01-p010-s001	narrator	C Mr Wu is making some notes about his new students.	1
1	10	u01-p010-s020	narrator	be good at	1
1	10	u01-p010-s021	narrator	friendly	1
1	10	u01-p010-s022	narrator	smart	1
1	10	u01-p010-s023	narrator	full of energy	1
1	10	u01-p010-s024	narrator	slim	1
1	10	u01-p010-s025	narrator	polite	1
1	10	u01-p010-s026	narrator	science	1
1	10	u01-p010-s027	narrator	ready to	1
1	10	u01-p010-s028	narrator	Millie	1
1	10	u01-p010-s029	narrator	Simon	1
1	10	u01-p010-s030	narrator	Sandy	1
1	10	u01-p010-s031	narrator	Daniel	1
1	10	u01-p010-s003	narrator	This is Millie.	1
1	10	u01-p010-s004	narrator	She has short hair.	1
1	10	u01-p010-s005	narrator	She loves reading.	1
1	10	u01-p010-s032	narrator	He likes sport and football.	1
1	10	u01-p010-s006	narrator	Simon is a tall boy.	1
1	10	u01-p010-s033	narrator	He is always …	2
1	10	u01-p010-s035	narrator	Sandy is a tall and girl with long hair.	1
1	10	u01-p010-s007	narrator	She is interested in music, and she can play the piano well.	2
1	10	u01-p010-s036	narrator	She is very.	1
1	10	u01-p010-s008	narrator	She always says “please” and “thank you”.	1
1	10	u01-p010-s037	narrator	He is.	1
1	10	u01-p010-s038	narrator	He likes learning about …	2
1	10	u01-p010-s009	narrator	Daniel is not tall.	1
1	10	u01-p010-s010	narrator	He wears glasses.	1
1	10	u01-p010-s040	narrator	He is very nice and always	1
1	10	u01-p010-s041	narrator	help others.	1
1	10	u01-p010-s042	narrator	They are … to each other.	2
1	10	u01-p010-s011	narrator	My new students are all very nice.	1
1	10	u01-p010-s013	narrator	You can write them in the following order.	2
1	10	u01-p010-s012	narrator	D Write some sentences about yourself or one of your classmates.	1
1	10	u01-p010-s014	narrator	Name	1
1	10	u01-p010-s015	narrator	Age	1
1	10	u01-p010-s016	narrator	Looks	1
1	10	u01-p010-s017	narrator	Character	1
1	10	u01-p010-s018	narrator	Hobbies	1
1	11	u01-p011-s030	narrator	Unit 1	1
1	11	u01-p011-s031	narrator	Grammar	1
1	11	u01-p011-s032	narrator	Simple present tense (I)	1
1	11	u01-p011-s001	narrator	Millie sends a message to her old friend Jenny about her new classmates.	1
1	11	u01-p011-s002	narrator	Read the message and pay attention to the use of the verb be.	2
1	11	u01-p011-s004	narrator	I am at Sunshine Middle School now.	1
1	11	u01-p011-s005	narrator	It is a nice school.	1
1	11	u01-p011-s003	narrator	Hi, Jenny.	1
1	11	u01-p011-s007	narrator	They are all very friendly.	1
1	11	u01-p011-s006	narrator	I like my new classmates.	1
1	11	u01-p011-s011	narrator	He is good at sport.	2
1	11	u01-p011-s009	narrator	She is interested in music.	1
1	11	u01-p011-s008	narrator	Sandy is a tall girl.	1
1	11	u01-p011-s010	narrator	Simon is tall too.	1
1	11	u01-p011-s012	narrator	We are friends now.	1
1	11	u01-p011-s014	narrator	Are you happy at your new schoolg	1
1	11	u01-p011-s013	narrator	How about youg	1
1	11	u01-p011-s015	narrator	We use the simple present tense to talk about facts and states.	1
1	11	u01-p011-s033	narrator	We use (am, are, is) with I.	1
1	11	u01-p011-s034	narrator	We use (am, are, is) with you, we and they.	1
1	11	u01-p011-s035	narrator	We use (am, are, is) with he, she and it.	1
1	11	u01-p011-s036	narrator	We make positive and negative sentences using the verb be in the simple present tense like this:	2
1	11	u01-p011-s038	narrator	I am = I’m	1
1	11	u01-p011-s063	narrator	am	1
1	11	u01-p011-s064	narrator	am not	1
1	11	u01-p011-s025	narrator	I	1
1	11	u01-p011-s026	narrator	I	1
1	11	u01-p011-s039	narrator	TIP	1
1	11	u01-p011-s040	narrator	You are = You’re	1
1	11	u01-p011-s041	narrator	We are = We’re	1
1	11	u01-p011-s043	narrator	are	1
1	11	u01-p011-s045	narrator	are not	1
1	11	u01-p011-s042	narrator	You/We/They	1
1	11	u01-p011-s016	narrator	happy.	1
1	11	u01-p011-s044	narrator	You/We/They	1
1	11	u01-p011-s017	narrator	happy.	1
1	11	u01-p011-s046	narrator	They are = They’re	1
1	11	u01-p011-s047	narrator	He is = He’s	1
1	11	u01-p011-s049	narrator	is	1
1	11	u01-p011-s051	narrator	is not	1
1	11	u01-p011-s048	narrator	He/She/It	1
1	11	u01-p011-s050	narrator	He/She/It	1
1	11	u01-p011-s052	narrator	She is = She’s	1
1	11	u01-p011-s053	narrator	It is = It’s	1
1	11	u01-p011-s054	narrator	We ask and answer questions using the verb be in the simple present tense like this:	2
1	11	u01-p011-s056	narrator	are not = aren’t	1
1	11	u01-p011-s057	narrator	TIP	1
1	11	u01-p011-s027	narrator	Am	1
1	11	u01-p011-s065	narrator	I	1
1	11	u01-p011-s058	narrator	is not = isn’t	1
1	11	u01-p011-s059	narrator	Are	1
1	11	u01-p011-s060	narrator	you/we/they	1
1	11	u01-p011-s018	narrator	happyg	1
1	11	u01-p011-s061	narrator	Is	1
1	11	u01-p011-s062	narrator	he/she/it	1
1	11	u01-p011-s066	narrator	am.	1
1	11	u01-p011-s019	narrator	I	1
1	11	u01-p011-s067	narrator	am not.	1
1	11	u01-p011-s020	narrator	I	1
1	11	u01-p011-s028	narrator	Yes,	1
1	11	u01-p011-s068	narrator	are.	1
1	11	u01-p011-s021	narrator	you/we/they	1
1	11	u01-p011-s029	narrator	No,	1
1	11	u01-p011-s069	narrator	are not.	1
1	11	u01-p011-s022	narrator	you/we/they	1
1	11	u01-p011-s070	narrator	is.	1
1	11	u01-p011-s023	narrator	he/she/it	1
1	11	u01-p011-s071	narrator	is not.	1
1	11	u01-p011-s024	narrator	he/she/it	1
1	12	u01-p012-s011	narrator	Unit 1	1
1	12	u01-p012-s001	narrator	A Here are some pictures of Millie, her classmates and her teacher at the new school.	1
1	12	u01-p012-s002	narrator	Complete what they are saying with the correct forms of the verb be.	1
1	12	u01-p012-s003	narrator	Hello!	1
1	12	u01-p012-s012	narrator	I Millie.	1
1	12	u01-p012-s004	narrator	I have some new friends now.	1
1	12	u01-p012-s013	narrator	I 12 years old.	1
1	12	u01-p012-s014	narrator	They friendly.	1
1	12	u01-p012-s005	narrator	Hi, Daniel.	1
1	12	u01-p012-s015	narrator	The girls over there … Kitty and Sandy.	2
1	12	u01-p012-s016	narrator	you good at footballg	1
1	12	u01-p012-s006	narrator	They both love sport.	1
1	12	u01-p012-s018	narrator	No, I.	1
1	12	u01-p012-s007	narrator	Look!	1
1	12	u01-p012-s019	narrator	he our teacherg	1
1	12	u01-p012-s020	narrator	Yes, he.	1
1	12	u01-p012-s021	narrator	He … our English teacher.	2
1	12	u01-p012-s023	narrator	This our classroom.	1
1	12	u01-p012-s024	narrator	Our lessons … not easy, but we enjoy them.	3
1	12	u01-p012-s009	narrator	Complete their conversation with the correct forms of the verb be.	2
1	12	u01-p012-s008	narrator	B Millie is talking to her new friends.	1
1	12	u01-p012-s027	millie	Millie:	1
1	12	u01-p012-s028	millie	Hi, Simon.	1
1	12	u01-p012-s029	millie	Hi, Sandy.	1
1	12	u01-p012-s030	millie	you happy at our new schoolg	1
1	12	u01-p012-s031	narrator	Sandy & Simon:	1
1	12	u01-p012-s049	millie	Yes, we …	1
1	12	u01-p012-s033	sandy	It new and clean.	1
1	12	u01-p012-s032	sandy	Sandy:	1
1	12	u01-p012-s050	sandy	I like this school a lot!	1
1	12	u01-p012-s034	sandy	Our	1
1	12	u01-p012-s035	sandy	classmates very nice.	1
1	12	u01-p012-s036	narrator	Simon: The teachers nice too.	1
1	12	u01-p012-s037	sandy	Mr Wu … my favourite teacher!	2
1	12	u01-p012-s039	sandy	Sandy:	1
1	12	u01-p012-s040	sandy	English easy for you, Simong	1
1	12	u01-p012-s041	simon	Simon:	1
1	12	u01-p012-s051	simon	No, it …	1
1	12	u01-p012-s042	simon	It hard for me, but I like it.	1
1	12	u01-p012-s043	sandy	Sandy:	1
1	12	u01-p012-s052	sandy	How about you, Millieg	1
1	12	u01-p012-s044	sandy	you interested in Englishg	1
1	12	u01-p012-s046	millie	Yes, I.	1
1	12	u01-p012-s047	millie	I … always happy in English class.	2
1	12	u01-p012-s045	millie	Millie:	1
1	12	u01-p012-s010	narrator	C Talk with your partner about people and things in your new school, using the correct forms of the verb be.	2
1	13	u01-p013-s054	narrator	Unit 1	1
1	13	u01-p013-s055	narrator	Pronunciation	1
1	13	u01-p013-s056	narrator	Vowels (I)	1
1	13	u01-p013-s002	narrator	Pay attention to the sounds of the letters a, e, i, o and u.	1
1	13	u01-p013-s001	narrator	Read the following words.	1
1	13	u01-p013-s014	narrator	name	1
1	13	u01-p013-s015	narrator	face	1
1	13	u01-p013-s016	narrator	game	1
1	13	u01-p013-s017	narrator	age	1
1	13	u01-p013-s018	narrator	late	1
1	13	u01-p013-s019	narrator	be	1
1	13	u01-p013-s020	narrator	he	1
1	13	u01-p013-s021	narrator	me	1
1	13	u01-p013-s022	narrator	we	1
1	13	u01-p013-s023	narrator	these	1
1	13	u01-p013-s024	narrator	fine	1
1	13	u01-p013-s025	narrator	hi	1
1	13	u01-p013-s026	narrator	write	1
1	13	u01-p013-s027	narrator	time	1
1	13	u01-p013-s028	narrator	kite	1
1	13	u01-p013-s029	narrator	old	1
1	13	u01-p013-s030	narrator	home	1
1	13	u01-p013-s031	narrator	no	1
1	13	u01-p013-s032	narrator	nose	1
1	13	u01-p013-s033	narrator	close	1
1	13	u01-p013-s034	narrator	computer	1
1	13	u01-p013-s035	narrator	cute	1
1	13	u01-p013-s036	narrator	music	1
1	13	u01-p013-s037	narrator	student	1
1	13	u01-p013-s038	narrator	use	1
1	13	u01-p013-s003	narrator	A Read the words below.	1
1	13	u01-p013-s004	narrator	Then put each one into the correct sound group.	1
1	13	u01-p013-s057	narrator	grade	1
1	13	u01-p013-s058	narrator	she	1
1	13	u01-p013-s059	narrator	hello	1
1	13	u01-p013-s060	narrator	like	1
1	13	u01-p013-s061	narrator	make	1
1	13	u01-p013-s062	narrator	music	1
1	13	u01-p013-s063	narrator	those	1
1	13	u01-p013-s064	narrator	use	1
1	13	u01-p013-s065	narrator	white	1
1	13	u01-p013-s066	narrator	these	1
1	13	u01-p013-s006	narrator	Try to read the new words according to the sound of the word in the centre in each group.	2
1	13	u01-p013-s005	narrator	B Look at the groups of words.	1
1	13	u01-p013-s043	narrator	rise	1
1	13	u01-p013-s044	narrator	joke	1
1	13	u01-p013-s039	narrator	same	1
1	13	u01-p013-s040	narrator	gate	1
1	13	u01-p013-s041	narrator	hide	1
1	13	u01-p013-s042	narrator	hope	1
1	13	u01-p013-s045	narrator	place	1
1	13	u01-p013-s046	narrator	nice	1
1	13	u01-p013-s047	narrator	home	1
1	13	u01-p013-s048	narrator	page	1
1	13	u01-p013-s049	narrator	race	1
1	13	u01-p013-s050	narrator	life	1
1	13	u01-p013-s051	narrator	note	1
1	13	u01-p013-s052	narrator	size	1
1	13	u01-p013-s053	narrator	rose	1
1	13	u01-p013-s007	narrator	C Read the following sentences.	1
1	13	u01-p013-s008	narrator	Pay attention to the sounds of the letters in bold.	1
1	13	u01-p013-s009	narrator	1 We have the same hobbies.	1
1	13	u01-p013-s010	narrator	2 My classmates are all very nice.	1
1	13	u01-p013-s011	narrator	3 Sandy likes listening to piano music.	1
1	13	u01-p013-s012	narrator	4 Simon and Amy go to school by bike.	1
1	13	u01-p013-s013	narrator	5 These students go home by bus.	1
1	14	u01-p014-s023	narrator	Unit 1	1
1	14	u01-p014-s024	narrator	Integration	1
1	14	u01-p014-s025	narrator	Meeting my new friends	1
1	14	u01-p014-s003	narrator	Circle the correct words in the table.	2
1	14	u01-p014-s001	narrator	A Millie is writing about her new friends Kitty and Amy.	1
1	14	u01-p014-s002	narrator	Read her introductions.	1
1	14	u01-p014-s004	narrator	This is Zhang Ke.	1
1	14	u01-p014-s026	narrator	Her English name is Kitty.	2
1	14	u01-p014-s027	narrator	She has long hair.	2
1	14	u01-p014-s028	narrator	She is pretty and has lovely eyes.	2
1	14	u01-p014-s029	narrator	She is shy and quiet.	2
1	14	u01-p014-s009	narrator	She likes dancing.	1
1	14	u01-p014-s010	narrator	This is Zhao Min.	1
1	14	u01-p014-s030	narrator	Her English name is Amy.	2
1	14	u01-p014-s012	narrator	Her hair is short.	1
1	14	u01-p014-s013	narrator	She is small and cute.	1
1	14	u01-p014-s031	narrator	She is always happy.	2
1	14	u01-p014-s032	narrator	She is good at swimming.	2
1	14	u01-p014-s022	narrator	Kitty	1
1	14	u01-p014-s050	narrator	Amy	1
1	14	u01-p014-s033	narrator	long hair/short hair	1
1	14	u01-p014-s034	narrator	long hair/short hair	1
1	14	u01-p014-s035	narrator	Looks	1
1	14	u01-p014-s036	narrator	small/cute/lovely eyes/pretty	1
1	14	u01-p014-s037	narrator	small/cute/lovely eyes/pretty	1
1	14	u01-p014-s039	narrator	shy/quiet/happy	1
1	14	u01-p014-s040	narrator	shy/quiet/happy	1
1	14	u01-p014-s038	narrator	Character	1
1	14	u01-p014-s042	narrator	swimming/dancing	1
1	14	u01-p014-s043	narrator	swimming/dancing	1
1	14	u01-p014-s041	narrator	Hobby	1
1	14	u01-p014-s017	narrator	Listen to their conversation and complete the sentences below.	2
1	14	u01-p014-s016	narrator	B Millie is showing her mum a photo of her new class.	1
1	14	u01-p014-s018	narrator	Kitty and Amy are Millie’s new friends.	1
1	14	u01-p014-s044	narrator	Kitty is only years old.	1
1	14	u01-p014-s045	narrator	She is good at.	1
1	14	u01-p014-s046	narrator	She also likes.	1
1	14	u01-p014-s019	narrator	She has dance classes every week.	1
1	14	u01-p014-s047	narrator	Amy is years old.	1
1	14	u01-p014-s020	narrator	She is small.	1
1	14	u01-p014-s048	narrator	She swims very	1
1	14	u01-p014-s049	narrator	She likes new people.	1
1	14	u01-p014-s021	narrator	Millie likes her new friends very much.	1
1	15	u01-p015-s018	narrator	Unit 1	1
1	15	u01-p015-s001	narrator	C Millie and Ms Lin, the Music teacher, meet Simon in front of the classroom building.	1
1	15	u01-p015-s002	narrator	Work in groups of three to greet and introduce each other.	1
1	15	u01-p015-s003	narrator	Use the conversation below as a model.	2
1	15	u01-p015-s019	simon	Simon:	1
1	15	u01-p015-s004	simon	Hi, Millie.	1
1	15	u01-p015-s005	simon	When we introduce two people to each other, we usually introduce the younger to the elder first.	5
1	15	u01-p015-s020	simon	TIP	1
1	15	u01-p015-s021	millie	Millie:	1
1	15	u01-p015-s006	millie	Hi, Simon. Ms Lin, this is my classmate Simon.	1
1	15	u01-p015-s033	millie	Simon, this is Ms Lin, our Music teacher.	1
1	15	u01-p015-s022	simon	Simon:	1
1	15	u01-p015-s007	simon	Glad to meet you, Ms Lin.	1
1	15	u01-p015-s023	ms lin	Ms Lin:	1
1	15	u01-p015-s008	ms lin	Glad to meet you too, Simon.	1
1	15	u01-p015-s034	ms lin	You like playing football, rightg	1
1	15	u01-p015-s024	simon	Simon:	1
1	15	u01-p015-s009	simon	Yes, I do.	1
1	15	u01-p015-s036	simon	Sport helps me stay healthy and happy.	2
1	15	u01-p015-s035	simon	I often play football after school.	1
1	15	u01-p015-s025	ms lin	Ms Lin:	1
1	15	u01-p015-s010	ms lin	Great!	1
1	15	u01-p015-s026	simon	Simon:	1
1	15	u01-p015-s011	simon	Oh, we have a football match with Class 2 at 4:30 this afternoon.	1
1	15	u01-p015-s037	simon	I have to go now.	1
1	15	u01-p015-s038	simon	Goodbye, Ms Lin.	1
1	15	u01-p015-s039	simon	Goodbye, Millie.	1
1	15	u01-p015-s027	ms lin	Ms Lin:	1
1	15	u01-p015-s012	ms lin	OK.	1
1	15	u01-p015-s040	ms lin	Bye.	1
1	15	u01-p015-s041	ms lin	Good luck!	1
1	15	u01-p015-s028	millie	Millie:	1
1	15	u01-p015-s013	millie	Bye.	1
1	15	u01-p015-s014	narrator	D To help students learn more about each other, Mr Wu asked every student to write a self-introduction and post it on the school website.	2
1	15	u01-p015-s016	narrator	Complete the table with your own information.	2
1	15	u01-p015-s015	narrator	D1 Daniel is making a table to help him write the self-introduction.	1
1	15	u01-p015-s017	narrator	Daniel	1
1	15	u01-p015-s042	narrator	Me	1
1	15	u01-p015-s029	narrator	Age	1
1	15	u01-p015-s030	narrator	Favourite subject(s)	1
1	15	u01-p015-s043	narrator	Maths, Computer Science	1
1	15	u01-p015-s032	narrator	Chinese chess, ping-pong	1
1	15	u01-p015-s031	narrator	Hobbies	1
1	16	u01-p016-s037	narrator	Unit 1	1
1	16	u01-p016-s001	narrator	D2 Here is Daniel’s self-introduction.	1
1	16	u01-p016-s002	narrator	Read it below.	1
1	16	u01-p016-s003	narrator	“Hi there” is an informal greeting.	3
1	16	u01-p016-s038	narrator	TIP	1
1	16	u01-p016-s004	narrator	Hi there!	1
1	16	u01-p016-s005	narrator	I am Chen Dan from Class 1, Grade 7.	1
1	16	u01-p016-s006	narrator	My English name is Daniel.	1
1	16	u01-p016-s007	narrator	I am 12 years old.	1
1	16	u01-p016-s008	narrator	My favourite subjects are Maths and Computer Science.	2
1	16	u01-p016-s010	narrator	I am good at them, and I like to help my classmates with Maths problems.	3
1	16	u01-p016-s009	narrator	They are interesting.	1
1	16	u01-p016-s011	narrator	I enjoy playing Chinese chess and ping-pong.	1
1	16	u01-p016-s012	narrator	I often play these with my dad at the weekend.	2
1	16	u01-p016-s013	narrator	They are fun.	1
1	16	u01-p016-s014	narrator	I have many new classmates at school.	1
1	16	u01-p016-s015	narrator	They are all very nice.	1
1	16	u01-p016-s016	narrator	I am happy to make friends with them.	1
1	16	u01-p016-s017	narrator	Do you want to be my friendg	1
1	16	u01-p016-s018	narrator	We use a comma (,) to pause or separate things in a sentence.	2
1	16	u01-p016-s039	narrator	TIP	1
1	16	u01-p016-s019	narrator	We use a full stop (.)	1
1	16	u01-p016-s020	narrator	to end a sentence.	1
1	16	u01-p016-s021	narrator	We use a question mark (g)	1
1	16	u01-p016-s022	narrator	at the end of a question.	1
1	16	u01-p016-s024	narrator	Use Daniel’s self-introduction as a model.	2
1	16	u01-p016-s023	narrator	D3 Write your own self-introduction based on your information in Part D1.	1
1	16	u01-p016-s040	narrator	Useful expressions	1
1	16	u01-p016-s025	narrator	My name is …/I am …	1
1	16	u01-p016-s026	narrator	I am …	1
1	16	u01-p016-s027	narrator	(years old).	1
1	16	u01-p016-s028	narrator	I am in …	1
1	16	u01-p016-s029	narrator	I like/love Maths/Computer Science/…	1
1	16	u01-p016-s030	narrator	I like to...	1
1	16	u01-p016-s031	narrator	I am good at …	1
1	16	u01-p016-s032	narrator	I am interested in …	1
1	16	u01-p016-s033	narrator	My favourite …	1
1	16	u01-p016-s034	narrator	is …	1
1	16	u01-p016-s035	narrator	I often play...	1
1	16	u01-p016-s036	narrator	at the weekend.	1
1	17	u01-p017-s024	narrator	Unit 1	1
1	17	u01-p017-s025	narrator	Assessment	1
1	17	u01-p017-s026	narrator	What I can do	1
1	17	u01-p017-s027	narrator	Me	1
1	17	u01-p017-s028	narrator	Partner	1
1	17	u01-p017-s001	narrator	1 I can describe Millie and her new classmates.	1
1	17	u01-p017-s002	narrator	2 I can use the verb be in the simple present tense correctly.	2
1	17	u01-p017-s003	narrator	3 I can introduce myself and my classmates with the new words in this unit.	2
1	17	u01-p017-s029	narrator	4 I can pronounce the sounds /eɪ/, /iː/, /aɪ/, /əʊ/ and /juː/ correctly in words.	2
1	17	u01-p017-s005	narrator	5 I know how to greet others and make new friends at a new school.	2
1	17	u01-p017-s006	narrator	* Assess your learning of new words and grammar by doing the exercises on page 106.	1
1	17	u01-p017-s030	narrator	Result:	1
1	17	u01-p017-s031	narrator	Weak	1
1	17	u01-p017-s032	narrator	Good	1
1	17	u01-p017-s033	narrator	Wonderful	1
1	17	u01-p017-s007	narrator	I am good at.	2
1	17	u01-p017-s008	narrator	I need to spend more time on.	2
1	17	u01-p017-s034	narrator	My action plan:	1
1	17	u01-p017-s009	narrator	Don’t use a nickname if the person does not ask you to.	3
1	17	u01-p017-s036	narrator	Further study	1
1	17	u01-p017-s035	narrator	TIP	1
1	17	u01-p017-s010	narrator	Simon has a friend called William Smith.	1
1	17	u01-p017-s011	narrator	He is from the UK.	2
1	17	u01-p017-s012	narrator	His parents and friends often call him “Will”.	1
1	17	u01-p017-s013	narrator	Here are some nicknames for popular English names.	1
1	17	u01-p017-s015	narrator	Andrew Andy	2
1	17	u01-p017-s016	narrator	Elizabeth Liz	2
1	17	u01-p017-s017	narrator	James Jimmy	2
1	17	u01-p017-s018	narrator	Susan Sue	2
1	17	u01-p017-s019	narrator	Thomas Tom	2
1	17	u01-p017-s020	narrator	William Will	2
1	17	u01-p017-s021	narrator	Luo Yang	1
1	17	u01-p017-s022	narrator	William Smith	1
1	17	u01-p017-s023	narrator	(Simon)	1
1	17	u01-p017-s014	narrator	Find out more fun facts about names and share them with your classmates.	2
2	18	u02-p018-s008	narrator	Unit	1
2	18	u02-p018-s001	narrator	Hobbies bring joy to our life.	1
2	18	u02-p018-s005	narrator	read about some students’ hobbies;	1
2	18	u02-p018-s006	narrator	learn about after-school clubs at Sunshine Middle School;	1
2	18	u02-p018-s009	narrator	In this unit, we will	2
2	18	u02-p018-s007	narrator	talk and write about our hobbies;	1
2	18	u02-p018-s002	narrator	think about why hobbies are important for us.	1
2	18	u02-p018-s003	narrator	The Class 1, Grade 7 students are talking about their hobbies.	2
2	18	u02-p018-s004	narrator	Let’s share our favourite hobbies with classmates.	1
2	19	u02-p019-s016	narrator	Unit 2	1
2	19	u02-p019-s017	narrator	Welcome to the unit	1
2	19	u02-p019-s001	narrator	What do you like to dog	1
2	19	u02-p019-s003	narrator	Complete their answers with the words in the box.	2
2	19	u02-p019-s002	narrator	A What do the Class 1, Grade 7 students like to dog	1
2	19	u02-p019-s018	narrator	jogging	1
2	19	u02-p019-s019	narrator	painting	1
2	19	u02-p019-s020	narrator	paper-cutting	1
2	19	u02-p019-s021	narrator	reading	1
2	19	u02-p019-s022	narrator	I love.	1
2	19	u02-p019-s023	narrator	I enjoy.	1
2	19	u02-p019-s024	narrator	I like.	1
2	19	u02-p019-s025	narrator	I like.	1
2	19	u02-p019-s005	narrator	Work in pairs and talk about your hobbies.	2
2	19	u02-p019-s004	narrator	B Amy and Millie are talking about their hobbies.	1
2	19	u02-p019-s006	narrator	Use the conversation below as a model.	1
2	19	u02-p019-s026	amy	Amy:	1
2	19	u02-p019-s007	amy	What’s your favourite hobby, Millieg	1
2	19	u02-p019-s027	millie	Millie:	1
2	19	u02-p019-s008	millie	I love reading.	1
2	19	u02-p019-s028	amy	Amy:	1
2	19	u02-p019-s009	amy	What do you like to readg	1
2	19	u02-p019-s029	millie	Millie:	1
2	19	u02-p019-s010	millie	I read all kinds of books, and I learn a lot from them. What about youg	2
2	19	u02-p019-s030	amy	Amy:	1
2	19	u02-p019-s011	amy	I like swimming.	1
2	19	u02-p019-s031	millie	Millie:	1
2	19	u02-p019-s012	millie	How often do you go swimmingg	1
2	19	u02-p019-s032	amy	Amy:	1
2	19	u02-p019-s013	amy	I go swimming every week. It helps me keep fit.	1
2	19	u02-p019-s014	narrator	C What hobbies do your family members or your friends haveg	1
2	19	u02-p019-s015	narrator	Give an example.	1
2	20	u02-p020-s023	narrator	Unit 2	1
2	20	u02-p020-s024	narrator	Reading	1
2	20	u02-p020-s025	narrator	A fan of science	1
2	20	u02-p020-s001	narrator	Mr Wu asked the Class 1, Grade 7 students to write an article about a friend’s hobby.	1
2	20	u02-p020-s002	narrator	Here is Millie’s article about Daniel.	1
2	20	u02-p020-s003	narrator	Before reading, think about the questions below.	1
2	20	u02-p020-s004	narrator	1 Do you like scienceg	1
2	20	u02-p020-s005	narrator	Why or why notg	1
2	20	u02-p020-s006	narrator	2 What do you think a fan of science often doesg	1
2	20	u02-p020-s026	narrator	Daniel: a fan of science	1
2	20	u02-p020-s007	narrator	We use an exclamation mark (!)	3
2	20	u02-p020-s009	narrator	Daniel is one of my new friends.	1
2	20	u02-p020-s010	narrator	He is a fan of science.	2
2	20	u02-p020-s027	narrator	TIP	1
2	20	u02-p020-s012	narrator	It is all around us.	2
2	20	u02-p020-s011	narrator	He thinks science is very cool.	1
2	20	u02-p020-s008	narrator	to express love, surprise, joy or other strong feelings.	5
2	20	u02-p020-s013	narrator	Science changes our lives!	1
2	20	u02-p020-s014	narrator	Daniel often visits science museums.	1
2	20	u02-p020-s015	narrator	He gets to see all kinds of things and learns a lot.	2
2	20	u02-p020-s016	narrator	It is great fun for him.	2
2	20	u02-p020-s017	narrator	At home, he likes to take things apart and learn how they work.	2
2	20	u02-p020-s018	narrator	Now he can help fix things around the house!	2
2	20	u02-p020-s019	narrator	In his free time, Daniel reads many science books.	2
2	20	u02-p020-s020	narrator	He also goes on the internet to find answers to his endless questions.	2
2	20	u02-p020-s021	narrator	He wants to be a scientist one day.	1
2	20	u02-p020-s022	narrator	I am sure his dream can come true.	2
2	21	u02-p021-s016	narrator	Unit 2	1
2	21	u02-p021-s001	narrator	A Complete the chart below with the information in the article.	1
2	21	u02-p021-s017	narrator	Thinks science is cool and … our lives	2
2	21	u02-p021-s008	narrator	Why he loves science	2
2	21	u02-p021-s019	narrator	Visits	1
2	21	u02-p021-s020	narrator	… how things work	2
2	21	u02-p021-s011	narrator	What he often does	2
2	21	u02-p021-s021	narrator	Reads many science books	1
2	21	u02-p021-s023	narrator	Finds answers to his questions on the …	2
2	21	u02-p021-s022	narrator	A … of science	2
2	21	u02-p021-s024	narrator	Wants to be a	1
2	21	u02-p021-s015	narrator	His dream	1
2	21	u02-p021-s002	narrator	B Read the article again and answer the questions below.	1
2	21	u02-p021-s003	narrator	1 Why does Daniel think science is coolg	1
2	21	u02-p021-s004	narrator	2 What does Daniel do at science museumsg	1
2	21	u02-p021-s005	narrator	3 What does Daniel like to do at homeg	1
2	21	u02-p021-s006	narrator	4 What does Daniel look for on the internetg	1
2	21	u02-p021-s007	narrator	5 How does the article show Daniel’s love for scienceg	1
2	22	u02-p022-s016	narrator	Unit 2	1
2	22	u02-p022-s002	narrator	Complete their conversation with the correct forms of the words and phrases in the box below.	2
2	22	u02-p022-s001	narrator	C Kitty is asking Millie questions about Daniel.	1
2	22	u02-p022-s003	narrator	come true	1
2	22	u02-p022-s036	narrator	change	1
2	22	u02-p022-s037	narrator	endless	1
2	22	u02-p022-s038	narrator	go on the internet	1
2	22	u02-p022-s039	narrator	fix	1
2	22	u02-p022-s040	narrator	museum	1
2	22	u02-p022-s041	narrator	scientist	1
2	22	u02-p022-s042	narrator	take … apart	2
2	22	u02-p022-s018	kitty	Kitty:	1
2	22	u02-p022-s004	kitty	Daniel is a big fan of science. He can often answer our questions about science. Why does he like it so muchg	2
2	22	u02-p022-s020	millie	It’s all around us and it … our lives.	2
2	22	u02-p022-s019	millie	Millie:	1
2	22	u02-p022-s043	millie	For him, science is cool.	1
2	22	u02-p022-s021	kitty	Kitty:	1
2	22	u02-p022-s005	kitty	So, what does he do in his free timeg	1
2	22	u02-p022-s022	narrator	Millie: He often visits science.	1
2	22	u02-p022-s023	kitty	He also likes to … things.	2
2	22	u02-p022-s025	narrator	Now he can help … things!	2
2	22	u02-p022-s006	narrator	In this way, he learns how they work.	1
2	22	u02-p022-s027	kitty	Kitty:	1
2	22	u02-p022-s007	kitty	Wow, so cool!	1
2	22	u02-p022-s029	kitty	He often.	1
2	22	u02-p022-s028	narrator	Millie: He’s also very good with computers.	1
2	22	u02-p022-s030	kitty	Kitty:	1
2	22	u02-p022-s008	kitty	What does he use the internet to dog	1
2	22	u02-p022-s031	millie	Millie:	1
2	22	u02-p022-s044	millie	He uses it to find answers to his … questions.	1
2	22	u02-p022-s032	kitty	Kitty:	1
2	22	u02-p022-s009	kitty	What does he want to beg	1
2	22	u02-p022-s033	millie	Millie:	1
2	22	u02-p022-s045	millie	He wants to be a …	1
2	22	u02-p022-s046	kitty	Great! I’m sure his dream can …!	2
2	22	u02-p022-s034	kitty	Kitty:	1
2	22	u02-p022-s010	narrator	D Think about the questions below.	1
2	22	u02-p022-s011	narrator	Share your answers with your classmates.	1
2	22	u02-p022-s012	narrator	1 How do you find answers to questions about scienceg	1
2	22	u02-p022-s013	narrator	2 What other ways do you know to learn about scienceg	1
2	22	u02-p022-s014	narrator	3 Why is it important for us to have hobbiesg	1
2	23	u02-p023-s016	narrator	Unit 2	1
2	23	u02-p023-s017	narrator	Grammar	1
2	23	u02-p023-s018	narrator	Simple present tense (II)	1
2	23	u02-p023-s001	narrator	Read the sentences below and pay attention to the use of the verbs.	1
2	23	u02-p023-s019	narrator	We use the simple present tense to talk about:	1
2	23	u02-p023-s020	narrator	things that we often do	1
2	23	u02-p023-s021	narrator	things that are always true	2
2	23	u02-p023-s022	narrator	things that are true now	2
2	23	u02-p023-s002	narrator	Science changes people’s lives.	2
2	23	u02-p023-s004	narrator	Daniel often visits science museums.	2
2	23	u02-p023-s003	narrator	Daniel likes to take things apart.	2
2	23	u02-p023-s025	narrator	We make positive and negative sentences using the verbs in the simple present tense like this:	2
2	23	u02-p023-s005	narrator	I/You/We/They	1
2	23	u02-p023-s055	narrator	like	1
2	23	u02-p023-s056	narrator	sport.	1
2	23	u02-p023-s006	narrator	I/You/We/They	1
2	23	u02-p023-s057	narrator	do not	1
2	23	u02-p023-s058	narrator	like	1
2	23	u02-p023-s059	narrator	sport.	1
2	23	u02-p023-s028	narrator	likes	1
2	23	u02-p023-s030	narrator	does not	1
2	23	u02-p023-s027	narrator	He/She/It	1
2	23	u02-p023-s029	narrator	He/She/It	1
2	23	u02-p023-s031	narrator	We ask and answer questions using the verbs in the simple present tense like this:	2
2	23	u02-p023-s032	narrator	do not = don’t	1
2	23	u02-p023-s033	narrator	TIP	1
2	23	u02-p023-s035	narrator	does not = doesn’t	1
2	23	u02-p023-s066	narrator	do.	1
2	23	u02-p023-s007	narrator	Do	1
2	23	u02-p023-s065	narrator	I/you/we/they	1
2	23	u02-p023-s060	narrator	I/you/we/they	1
2	23	u02-p023-s061	narrator	like	1
2	23	u02-p023-s062	narrator	sportg	1
2	23	u02-p023-s064	narrator	Yes,	1
2	23	u02-p023-s067	narrator	does.	1
2	23	u02-p023-s008	narrator	Does	1
2	23	u02-p023-s009	narrator	he/she/it	1
2	23	u02-p023-s063	narrator	he/she/it	1
2	23	u02-p023-s069	narrator	do not.	1
2	23	u02-p023-s068	narrator	I/you/we/they	1
2	23	u02-p023-s010	narrator	No,	1
2	23	u02-p023-s070	narrator	does not.	1
2	23	u02-p023-s011	narrator	he/she/it	1
2	23	u02-p023-s100	narrator	Work out the rule!	1
2	23	u02-p023-s012	narrator	When we make negative sentences and ask questions,	1
2	23	u02-p023-s071	narrator	we use … (do, does) with I, you, we and they;	1
2	23	u02-p023-s072	narrator	we use … (do, does) with he, she and it.	1
2	23	u02-p023-s013	narrator	Remember that we add -s to the verb after he, she or it.	1
2	23	u02-p023-s014	narrator	However, there are some exceptions.	2
2	23	u02-p023-s015	narrator	Turn to page 141 for changes in pronun- ciation.	7
2	23	u02-p023-s036	narrator	TIP	1
2	23	u02-p023-s040	narrator	likes	1
2	23	u02-p023-s041	narrator	play	1
2	23	u02-p023-s073	narrator	plays	1
2	23	u02-p023-s038	narrator	s	1
2	23	u02-p023-s037	narrator	Most verbs	1
2	23	u02-p023-s039	narrator	like	1
2	23	u02-p023-s042	narrator	Verbs ending in a consonant + y	1
2	23	u02-p023-s074	narrator	-y + ies	1
2	23	u02-p023-s075	narrator	study	1
2	23	u02-p023-s076	narrator	studies	1
2	23	u02-p023-s044	narrator	flies	1
2	23	u02-p023-s043	narrator	fly	1
2	23	u02-p023-s046	narrator	watch	1
2	23	u02-p023-s078	narrator	watches	1
2	23	u02-p023-s079	narrator	wash	1
2	23	u02-p023-s080	narrator	washes	1
2	23	u02-p023-s045	narrator	Verbs ending in -ch, -sh, -ss or -x	1
2	23	u02-p023-s077	narrator	+ es	1
2	23	u02-p023-s047	narrator	dress	1
2	23	u02-p023-s081	narrator	dresses	1
2	23	u02-p023-s049	narrator	fixes	1
2	23	u02-p023-s048	narrator	fix	1
2	23	u02-p023-s050	narrator	Verbs ending in a consonant + o	1
2	23	u02-p023-s082	narrator	+ es	1
2	23	u02-p023-s051	narrator	go	1
2	23	u02-p023-s052	narrator	goes	1
2	23	u02-p023-s054	narrator	does	1
2	23	u02-p023-s053	narrator	do	1
2	24	u02-p024-s021	narrator	Unit 2	1
2	24	u02-p024-s002	narrator	Complete the sentences below with the correct forms of the verbs in the box.	2
2	24	u02-p024-s001	narrator	A The Class 1, Grade 7 students have different hobbies.	1
2	24	u02-p024-s022	narrator	dance	1
2	24	u02-p024-s023	narrator	go	1
2	24	u02-p024-s024	narrator	fly	1
2	24	u02-p024-s025	narrator	love	1
2	24	u02-p024-s026	narrator	play	1
2	24	u02-p024-s027	narrator	read	1
2	24	u02-p024-s028	narrator	watch	1
2	24	u02-p024-s029	narrator	want	1
2	24	u02-p024-s030	narrator	Millie reading.	1
2	24	u02-p024-s031	narrator	She every evening.	1
2	24	u02-p024-s032	narrator	Simon football every week.	1
2	24	u02-p024-s033	narrator	He also football matches.	1
2	24	u02-p024-s034	narrator	David for a walk on Saturdays.	1
2	24	u02-p024-s035	narrator	Sometimes, he … a kite in the park.	2
2	24	u02-p024-s003	narrator	4 Kitty likes dancing.	1
2	24	u02-p024-s038	narrator	She … to learn all kinds of dances.	2
2	24	u02-p024-s037	narrator	She for half an hour every day.	1
2	24	u02-p024-s004	narrator	B The students are writing their names under the activities they like in the table below.	1
2	24	u02-p024-s005	narrator	Complete the questions and then use the information in the table to answer them.	1
2	24	u02-p024-s040	narrator	Listening to music	1
2	24	u02-p024-s041	narrator	Swimming	1
2	24	u02-p024-s042	narrator	Reading	1
2	24	u02-p024-s043	narrator	Jogging	1
2	24	u02-p024-s044	narrator	Drawing	1
2	24	u02-p024-s045	narrator	Sandy	1
2	24	u02-p024-s046	narrator	Simon	1
2	24	u02-p024-s047	narrator	Amy	1
2	24	u02-p024-s048	narrator	Daniel	1
2	24	u02-p024-s049	narrator	Millie	1
2	24	u02-p024-s011	narrator	Daniel	1
2	24	u02-p024-s012	narrator	Simon	1
2	24	u02-p024-s019	narrator	Kitty	1
2	24	u02-p024-s013	narrator	Sandy	1
2	24	u02-p024-s014	narrator	Millie	1
2	24	u02-p024-s015	narrator	Kitty	1
2	24	u02-p024-s016	narrator	Nora	1
2	24	u02-p024-s017	narrator	Sandy	1
2	24	u02-p024-s018	narrator	Amy	1
2	24	u02-p024-s050	narrator	Millie	1
2	24	u02-p024-s020	narrator	Kitty	1
2	24	u02-p024-s051	narrator	Do Sandy and Kitty enjoy listening to musicg	2
2	24	u02-p024-s006	narrator	Yes, they do.	1
2	24	u02-p024-s052	narrator	Millie like swimmingg	1
2	24	u02-p024-s053	narrator	Amy enjoy readingg	1
2	24	u02-p024-s054	narrator	Kitty like joggingg	1
2	24	u02-p024-s055	narrator	Simon and Daniel love drawingg	1
2	24	u02-p024-s008	narrator	Complete their conversation with the correct forms of the verbs in brackets.	2
2	24	u02-p024-s007	narrator	C Amy and Sandy are talking about their hobbies.	1
2	24	u02-p024-s056	amy	Amy:	1
2	24	u02-p024-s009	amy	Hi, Sandy. What’s your hobbyg	1
2	24	u02-p024-s057	sandy	Sandy:	1
2	24	u02-p024-s076	sandy	I … (like) painting.	1
2	24	u02-p024-s059	sandy	My aunt … (know) so much about art.	2
2	24	u02-p024-s058	sandy	I often paint at my aunt’s house.	1
2	24	u02-p024-s061	sandy	She … (help) me a lot.	2
2	24	u02-p024-s064	sandy	you (like) artg	1
2	24	u02-p024-s063	sandy	What about youg	1
2	24	u02-p024-s067	amy	I often (go) swimming.	1
2	24	u02-p024-s065	amy	Amy:	1
2	24	u02-p024-s066	amy	No, I don’t, but I like sport.	1
2	24	u02-p024-s068	sandy	Sandy:	1
2	24	u02-p024-s077	sandy	Great!	1
2	24	u02-p024-s069	sandy	you (go) with your parentsg	1
2	24	u02-p024-s072	amy	My dad (love) swimming and he always	1
2	24	u02-p024-s070	amy	Amy:	1
2	24	u02-p024-s071	amy	Yes.	1
2	24	u02-p024-s074	amy	My mum (not like) swimming.	1
2	24	u02-p024-s073	amy	(go) swimming with me.	1
2	24	u02-p024-s075	amy	She (watch) us swim.	1
2	24	u02-p024-s010	narrator	D Talk with your partner about your and your friends’ hobbies, using the correct forms of the verbs.	2
2	25	u02-p025-s053	narrator	Unit 2	1
2	25	u02-p025-s054	narrator	Pronunciation	1
2	25	u02-p025-s055	narrator	Vowels (II)	1
2	25	u02-p025-s002	narrator	Pay attention to the sounds of the letters a, e, i, o and u.	2
2	25	u02-p025-s001	narrator	Read the following words.	1
2	25	u02-p025-s003	narrator	They are different from the sounds in Unit 1 and each sound is short.	1
2	25	u02-p025-s013	narrator	cap	1
2	25	u02-p025-s014	narrator	cat	1
2	25	u02-p025-s015	narrator	dad	1
2	25	u02-p025-s016	narrator	man	1
2	25	u02-p025-s017	narrator	map	1
2	25	u02-p025-s018	narrator	desk	1
2	25	u02-p025-s019	narrator	egg	1
2	25	u02-p025-s020	narrator	pen	1
2	25	u02-p025-s021	narrator	red	1
2	25	u02-p025-s022	narrator	yes	1
2	25	u02-p025-s023	narrator	big	1
2	25	u02-p025-s024	narrator	city	1
2	25	u02-p025-s025	narrator	him	1
2	25	u02-p025-s026	narrator	sit	1
2	25	u02-p025-s027	narrator	with	1
2	25	u02-p025-s028	narrator	box	1
2	25	u02-p025-s029	narrator	dog	1
2	25	u02-p025-s030	narrator	long	1
2	25	u02-p025-s031	narrator	not	1
2	25	u02-p025-s032	narrator	stop	1
2	25	u02-p025-s033	narrator	but	1
2	25	u02-p025-s034	narrator	cup	1
2	25	u02-p025-s035	narrator	duck	1
2	25	u02-p025-s036	narrator	run	1
2	25	u02-p025-s037	narrator	sun	1
2	25	u02-p025-s004	narrator	A Read the words below.	1
2	25	u02-p025-s005	narrator	Then put each one under the correct sound.	1
2	25	u02-p025-s056	narrator	clock	1
2	25	u02-p025-s065	narrator	club	1
2	25	u02-p025-s066	narrator	fun	1
2	25	u02-p025-s067	narrator	get	1
2	25	u02-p025-s068	narrator	happy	1
2	25	u02-p025-s069	narrator	listen	1
2	25	u02-p025-s070	narrator	bad	1
2	25	u02-p025-s071	narrator	often	1
2	25	u02-p025-s072	narrator	swim	1
2	25	u02-p025-s073	narrator	well	1
2	25	u02-p025-s007	narrator	Try to read the new words according to the sound of the first word in each group.	2
2	25	u02-p025-s006	narrator	B Look at the groups of words.	1
2	25	u02-p025-s057	narrator	hand	1
2	25	u02-p025-s058	narrator	help	1
2	25	u02-p025-s059	narrator	film	1
2	25	u02-p025-s060	narrator	hot	1
2	25	u02-p025-s061	narrator	mum	1
2	25	u02-p025-s038	narrator	habit	1
2	25	u02-p025-s039	narrator	lend	1
2	25	u02-p025-s040	narrator	bill	1
2	25	u02-p025-s041	narrator	job	1
2	25	u02-p025-s042	narrator	gun	1
2	25	u02-p025-s043	narrator	lab	1
2	25	u02-p025-s044	narrator	test	1
2	25	u02-p025-s045	narrator	risk	1
2	25	u02-p025-s046	narrator	top	1
2	25	u02-p025-s047	narrator	just	1
2	25	u02-p025-s048	narrator	mad	1
2	25	u02-p025-s049	narrator	wet	1
2	25	u02-p025-s050	narrator	silk	1
2	25	u02-p025-s051	narrator	rock	1
2	25	u02-p025-s052	narrator	luck	1
2	25	u02-p025-s008	narrator	C Read the following poem.	1
2	25	u02-p025-s009	narrator	Pay attention to the sounds of the letters in bold.	1
2	25	u02-p025-s062	narrator	Do you like cooking a yummy dish,	1
2	25	u02-p025-s010	narrator	Or going swimming like a fishg	1
2	25	u02-p025-s063	narrator	Maybe you like studying maps,	1
2	25	u02-p025-s064	narrator	Learning on the apps,	1
2	25	u02-p025-s011	narrator	Or going for a long rung	1
2	25	u02-p025-s012	narrator	Well, all of these hobbies are so much fun!	1
2	26	u02-p026-s016	narrator	Unit 2	1
2	26	u02-p026-s017	narrator	Integration	1
2	26	u02-p026-s014	narrator	After-school fun	1
2	26	u02-p026-s002	narrator	Read the table below and then answer the questions.	2
2	26	u02-p026-s001	narrator	A Millie is reading about after-school clubs at Sunshine Middle School.	1
2	26	u02-p026-s003	narrator	When reading a table, we can look at the headings first to get a general idea.	6
2	26	u02-p026-s015	narrator	Club Members Time	3
2	26	u02-p026-s018	narrator	TIP	1
2	26	u02-p026-s019	narrator	Book	1
2	26	u02-p026-s020	narrator	Music	1
2	26	u02-p026-s021	narrator	Painting	1
2	26	u02-p026-s022	narrator	p.m., Wednesday	1
2	26	u02-p026-s023	narrator	Dancing	1
2	26	u02-p026-s024	narrator	Robot	1
2	26	u02-p026-s025	narrator	Geography	1
2	26	u02-p026-s026	narrator	Ping-pong	1
2	26	u02-p026-s027	narrator	Basketball	1
2	26	u02-p026-s028	narrator	Volleyball	1
2	26	u02-p026-s029	narrator	p.m., Friday	1
2	26	u02-p026-s030	narrator	Football	1
2	26	u02-p026-s031	narrator	Swimming	1
2	26	u02-p026-s004	narrator	1 What sports clubs are there at Sunshine Middle Schoolg	1
2	26	u02-p026-s005	narrator	2 How many clubs can each student joing	1
2	26	u02-p026-s007	narrator	Listen to their conversation and help Millie complete her notes.	2
2	26	u02-p026-s006	narrator	B Millie is asking Mr Wu about after-school clubs.	1
2	26	u02-p026-s032	narrator	Each club meets once.	1
2	26	u02-p026-s008	narrator	Our school has 11 clubs in all.	1
2	26	u02-p026-s033	narrator	I want to join the Club.	1
2	26	u02-p026-s034	narrator	The club members meet on Wednesday afternoons.	2
2	26	u02-p026-s035	narrator	They every week and share their	1
2	26	u02-p026-s036	narrator	They also introduce their to each other at	1
2	26	u02-p026-s010	narrator	ideas about it.	1
2	26	u02-p026-s011	narrator	the meeting.	1
2	26	u02-p026-s037	narrator	Our school also has some clubs.	1
2	26	u02-p026-s038	narrator	The members meet every Friday afternoon.	2
2	26	u02-p026-s013	narrator	I can also join one of those clubs.	1
2	27	u02-p027-s030	narrator	Unit 2	1
2	27	u02-p027-s002	narrator	Work in pairs and discuss your hobbies.	2
2	27	u02-p027-s001	narrator	C Daniel and Sandy are talking about their hobbies.	1
2	27	u02-p027-s003	narrator	Use the conversation below as a model.	1
2	27	u02-p027-s031	daniel	Daniel:	1
2	27	u02-p027-s004	daniel	Hi, Sandy. What do you like doing after schoolg	1
2	27	u02-p027-s005	daniel	It is common to use “Sounds nice!”, “Sure.”, etc.	3
2	27	u02-p027-s032	daniel	TIP	1
2	27	u02-p027-s033	sandy	Sandy:	1
2	27	u02-p027-s007	sandy	I like painting. It makes me feel happy.	1
2	27	u02-p027-s006	sandy	in a conversation to show interest, support or agreement.	3
2	27	u02-p027-s034	daniel	Daniel:	1
2	27	u02-p027-s008	daniel	Sounds nice! Do you plan to join the Painting Clubg	1
2	27	u02-p027-s035	sandy	Sandy:	1
2	27	u02-p027-s009	sandy	Yes, I do. What about youg	1
2	27	u02-p027-s036	daniel	Daniel:	1
2	27	u02-p027-s010	daniel	I like science, so I’m interested in the Robot Club. It’s going to be a lot of fun.	3
2	27	u02-p027-s037	sandy	Sandy:	1
2	27	u02-p027-s011	sandy	Sure. Both of us will have a great time in our clubs.	2
2	27	u02-p027-s012	narrator	D Mr Wu asked the Class 1, Grade 7 students to write about their favourite hobbies.	1
2	27	u02-p027-s013	narrator	D1 Read the results of Sandy’s questionnaire below and complete it with your own information.	2
2	27	u02-p027-s028	narrator	Questionnaire	1
2	27	u02-p027-s029	narrator	Questions	1
2	27	u02-p027-s050	narrator	Sandy	1
2	27	u02-p027-s051	narrator	Me	1
2	27	u02-p027-s014	narrator	What is your favourite hobbyg	2
2	27	u02-p027-s015	narrator	Painting.	1
2	27	u02-p027-s016	narrator	How often do you do itg	1
2	27	u02-p027-s017	narrator	Every week.	1
2	27	u02-p027-s018	narrator	When do you do itg	1
2	27	u02-p027-s019	narrator	After school.	1
2	27	u02-p027-s020	narrator	Why do you like itg	1
2	27	u02-p027-s021	narrator	It makes me feel happy.	1
2	27	u02-p027-s022	narrator	It is great fun.	1
2	27	u02-p027-s023	narrator	Who is your role modelg	1
2	27	u02-p027-s024	narrator	Xu Beihong.	1
2	27	u02-p027-s025	narrator	My dream is to design beautiful clothes.	2
2	27	u02-p027-s027	narrator	How can your hobby help youg	2
2	27	u02-p027-s026	narrator	My painting skills can help me a lot.	3
2	28	u02-p028-s028	narrator	Unit 2	1
2	28	u02-p028-s001	narrator	D2 Here is Sandy’s article about her favourite hobby.	1
2	28	u02-p028-s002	narrator	Read it below.	1
2	28	u02-p028-s003	narrator	We capitalize the first letter of each sentence.	4
2	28	u02-p028-s029	narrator	TIP	1
2	28	u02-p028-s004	narrator	I love painting.	1
2	28	u02-p028-s007	narrator	I often paint with my friends after school.	2
2	28	u02-p028-s005	narrator	It makes me feel happy.	1
2	28	u02-p028-s006	narrator	I paint every week.	1
2	28	u02-p028-s008	narrator	We enjoy sharing our paintings and talking about art.	2
2	28	u02-p028-s009	narrator	It is great fun.	1
2	28	u02-p028-s010	narrator	My favourite artist is Xu Beihong.	1
2	28	u02-p028-s011	narrator	He was a master of Chinese painting.	1
2	28	u02-p028-s012	narrator	His paintings of horses are great works of art.	1
2	28	u02-p028-s013	narrator	I want to become a designer.	1
2	28	u02-p028-s014	narrator	I would like to design beautiful clothes in the future.	2
2	28	u02-p028-s015	narrator	My painting skills can help me a lot.	2
2	28	u02-p028-s016	narrator	I hope my dream can come true.	2
2	28	u02-p028-s018	narrator	Use Sandy’s article as a model.	2
2	28	u02-p028-s017	narrator	D3 Write an article about your favourite hobby based on the information in Part D1.	1
2	28	u02-p028-s030	narrator	Useful expressions	1
2	28	u02-p028-s019	narrator	My favourite hobby is …	1
2	28	u02-p028-s020	narrator	I am interested in …	1
2	28	u02-p028-s021	narrator	I like/love/enjoy …	1
2	28	u02-p028-s022	narrator	I often play...	1
2	28	u02-p028-s023	narrator	Every week/day, I …	1
2	28	u02-p028-s024	narrator	I play/go/do …	1
2	28	u02-p028-s025	narrator	after school.	1
2	28	u02-p028-s026	narrator	makes me feel happy/good/great.	1
2	28	u02-p028-s027	narrator	can help make my dream come true.	1
2	29	u02-p029-s013	narrator	Unit 2	1
2	29	u02-p029-s014	narrator	Assessment	1
2	29	u02-p029-s015	narrator	What I can do	1
2	29	u02-p029-s016	narrator	Me	1
2	29	u02-p029-s017	narrator	Partner	1
2	29	u02-p029-s001	narrator	1 I can describe Daniel’s and his classmates’ hobbies.	2
2	29	u02-p029-s002	narrator	2 I can use the simple present tense correctly.	1
2	29	u02-p029-s003	narrator	3 I can talk and write about different hobbies with the new words in this unit.	2
2	29	u02-p029-s004	narrator	4 I can pronounce the sounds /æ/, /e/, /ɪ/, /ɒ/ and /ʌ/ correctly in words.	2
2	29	u02-p029-s005	narrator	5 I know why hobbies are important for us.	1
2	29	u02-p029-s006	narrator	* Assess your learning of new words and grammar by doing the exercises on page 109.	1
2	29	u02-p029-s018	narrator	Result:	1
2	29	u02-p029-s019	narrator	Weak	1
2	29	u02-p029-s020	narrator	Good	1
2	29	u02-p029-s021	narrator	Wonderful	1
2	29	u02-p029-s007	narrator	I am good at.	2
2	29	u02-p029-s008	narrator	I need to spend more time on.	2
2	29	u02-p029-s022	narrator	My action plan:	1
2	29	u02-p029-s023	narrator	Further study	1
2	29	u02-p029-s009	narrator	Skateboarding is a fun and exciting sport.	1
2	29	u02-p029-s024	narrator	In 2021, the sport made it to the Olympics for the first time.	2
2	29	u02-p029-s011	narrator	It is quite popular with young people these days.	1
2	29	u02-p029-s025	narrator	Find out about a fun sport and share it with your classmates.	2
3	30	u03-p030-s008	narrator	Unit	1
3	30	u03-p030-s001	narrator	School is a great place for learning.	1
3	30	u03-p030-s005	narrator	read about Sunshine Middle School;	1
3	30	u03-p030-s006	narrator	learn about different places at school;	1
3	30	u03-p030-s009	narrator	In this unit, we will	2
3	30	u03-p030-s007	narrator	introduce our school;	1
3	30	u03-p030-s002	narrator	get to know our school better.	1
3	30	u03-p030-s003	narrator	We are at a new school now.	1
3	30	u03-p030-s004	narrator	Let’s learn about different places at our school and discuss them with each other.	2
3	31	u03-p031-s024	narrator	Unit 3	1
3	31	u03-p031-s025	narrator	Welcome to the unit	1
3	31	u03-p031-s017	narrator	Places at school A The Class 1, Grade 7 students are listening to an introduction to Sunshine Middle School.	3
3	31	u03-p031-s002	narrator	Listen and tick the places you hear.	1
3	31	u03-p031-s018	narrator	gym	1
3	31	u03-p031-s019	narrator	classroom building	1
3	31	u03-p031-s020	narrator	sports field	1
3	31	u03-p031-s021	narrator	dining hall	1
3	31	u03-p031-s022	narrator	library	1
3	31	u03-p031-s023	narrator	lab	1
3	31	u03-p031-s003	narrator	B Millie and her primary school classmate Kate are talking about their new schools.	1
3	31	u03-p031-s004	narrator	Imagine you meet a friend from another school.	1
3	31	u03-p031-s006	narrator	Use the conversation below as a model.	2
3	31	u03-p031-s005	narrator	Role-play in pairs.	1
3	31	u03-p031-s007	millie	Hello, Kate.	1
3	31	u03-p031-s034	millie	It’s good to see you.	1
3	31	u03-p031-s026	millie	Millie:	1
3	31	u03-p031-s008	kate	Hi, Millie.	1
3	31	u03-p031-s036	kate	How’s your new schoolg	1
3	31	u03-p031-s035	kate	Nice to see you too!	1
3	31	u03-p031-s027	kate	Kate:	1
3	31	u03-p031-s009	millie	It’s great.	1
3	31	u03-p031-s037	millie	The best part is the modern library.	1
3	31	u03-p031-s028	millie	Millie:	1
3	31	u03-p031-s038	millie	Does your school have a libraryg	1
3	31	u03-p031-s010	kate	Yes, it does.	1
3	31	u03-p031-s039	kate	We have a nice dining hall as well.	1
3	31	u03-p031-s029	kate	Kate:	1
3	31	u03-p031-s011	millie	Cool!	1
3	31	u03-p031-s040	millie	My school has a big dining hall too.	1
3	31	u03-p031-s030	millie	Millie:	1
3	31	u03-p031-s012	kate	How many classrooms does your school haveg	1
3	31	u03-p031-s031	kate	Kate:	1
3	31	u03-p031-s013	millie	It has classrooms.	1
3	31	u03-p031-s041	millie	They’re all bright and clean.	1
3	31	u03-p031-s032	millie	Millie:	1
3	31	u03-p031-s014	kate	That’s a lot!	1
3	31	u03-p031-s043	kate	I love it.	1
3	31	u03-p031-s042	kate	My school only has My school is not big but it’s great.	1
3	31	u03-p031-s033	kate	Kate:	1
3	31	u03-p031-s015	narrator	C What other places does a school haveg	1
3	31	u03-p031-s016	narrator	Talk with your partner.	1
3	32	u03-p032-s027	narrator	Unit 3	1
3	32	u03-p032-s028	narrator	Reading	1
3	32	u03-p032-s026	narrator	Our wonderful school	1
3	32	u03-p032-s001	narrator	Millie wants to learn more about Sunshine Middle School.	1
3	32	u03-p032-s002	narrator	She is watching a short video on the school website.	2
3	32	u03-p032-s004	narrator	Before reading, think about the questions below.	2
3	32	u03-p032-s003	narrator	Here is the video script.	1
3	32	u03-p032-s005	narrator	We often begin a welcome speech with a friendly opener, such as “Hello” or “Welcome...”.	6
3	32	u03-p032-s029	narrator	TIP	1
3	32	u03-p032-s006	narrator	1 What places should a school haveg	1
3	32	u03-p032-s007	narrator	2 Why are green spaces important for a schoolg	1
3	32	u03-p032-s008	narrator	Hello, everyone!	1
3	32	u03-p032-s009	narrator	I’m Jack Liu from Grade 9.	1
3	32	u03-p032-s010	narrator	Welcome to our school!	1
3	32	u03-p032-s011	narrator	Here are our classroom buildings and our modern library.	1
3	32	u03-p032-s012	narrator	They’re the perfect places for us to study.	2
3	32	u03-p032-s013	narrator	Our school has lots of green spaces.	1
3	32	u03-p032-s014	narrator	Students enjoy spending time here.	1
3	32	u03-p032-s015	narrator	Sometimes we chat with teachers about our problems here too.	1
3	32	u03-p032-s016	narrator	We have a great sports field.	1
3	32	u03-p032-s017	narrator	Can you see the students running thereg	1
3	32	u03-p032-s018	narrator	Lots of exciting sports matches take place on it.	1
3	32	u03-p032-s019	narrator	Look at the school noticeboards near the gate.	1
3	32	u03-p032-s020	narrator	Here we can read about school news and stories of star students and teachers.	2
3	32	u03-p032-s021	narrator	They’re role models for us.	2
3	32	u03-p032-s022	narrator	The boards also show students’ works, like paintings and photos.	2
3	32	u03-p032-s023	narrator	Come and enjoy your school life here.	1
3	32	u03-p032-s024	narrator	You’ll find more great places.	1
3	32	u03-p032-s025	narrator	Trust me!	1
3	33	u03-p033-s006	narrator	Unit 3	1
3	33	u03-p033-s002	narrator	Fill in the places talked about in the video script.	2
3	33	u03-p033-s001	narrator	A Here is a picture of Sunshine Middle School.	1
3	33	u03-p033-s003	narrator	B Millie made some notes from the video.	1
3	33	u03-p033-s004	narrator	Help her complete the notes below.	1
3	33	u03-p033-s007	narrator	Sunshine Middle School:	1
3	33	u03-p033-s008	narrator	a great place for all	1
3	33	u03-p033-s009	narrator	Library & classroom buildings: Perfect places to	1
3	33	u03-p033-s010	narrator	Green spaces: Students enjoy spending time here	1
3	33	u03-p033-s011	narrator	a good place to	1
3	33	u03-p033-s019	narrator	teachers about our	1
3	33	u03-p033-s005	narrator	problems	1
3	33	u03-p033-s012	narrator	Sports field:	1
3	33	u03-p033-s013	narrator	a place for us to do sport a place for exciting	2
3	33	u03-p033-s015	narrator	Noticeboards: a place to learn about:	1
3	33	u03-p033-s016	narrator	school	1
3	33	u03-p033-s017	narrator	stories of	1
3	33	u03-p033-s018	narrator	students’ works, like	1
3	33	u03-p033-s020	narrator	and photos	1
3	34	u03-p034-s024	narrator	Unit 3	1
3	34	u03-p034-s002	narrator	Complete her email with the correct forms of the words and phrases in the box below.	2
3	34	u03-p034-s001	narrator	C Millie is writing an email to her online friend Liu Yi about her new school.	1
3	34	u03-p034-s025	narrator	chat with	1
3	34	u03-p034-s026	narrator	sports field	1
3	34	u03-p034-s027	narrator	problem	1
3	34	u03-p034-s028	narrator	perfect	1
3	34	u03-p034-s029	narrator	exciting	1
3	34	u03-p034-s030	narrator	space	1
3	34	u03-p034-s031	narrator	noticeboard	1
3	34	u03-p034-s032	narrator	role model	1
3	34	u03-p034-s019	narrator	Liu Yi	1
3	34	u03-p034-s020	narrator	My new school	1
3	34	u03-p034-s021	narrator	Hello Liu Yi,	1
3	34	u03-p034-s003	narrator	How are you doingg	1
3	34	u03-p034-s004	narrator	I want to tell you about my new school.	1
3	34	u03-p034-s033	narrator	It is a	1
3	34	u03-p034-s005	narrator	really great place.	1
3	34	u03-p034-s034	narrator	Our school library and classroom buildings are.	1
3	34	u03-p034-s035	narrator	We	1
3	34	u03-p034-s006	narrator	love to study there.	1
3	34	u03-p034-s036	narrator	My school has lots of green.	1
3	34	u03-p034-s037	narrator	We sometimes	1
3	34	u03-p034-s038	narrator	our teachers there.	1
3	34	u03-p034-s039	narrator	They can help us with our	1
3	34	u03-p034-s040	narrator	The school also has a big.	1
3	34	u03-p034-s041	narrator	Students play all kinds of They are!	2
3	34	u03-p034-s007	narrator	sports there.	1
3	34	u03-p034-s008	narrator	Sometimes I watch the matches.	1
3	34	u03-p034-s043	narrator	We have some too.	1
3	34	u03-p034-s009	narrator	There is school news on them.	1
3	34	u03-p034-s044	narrator	We	1
3	34	u03-p034-s010	narrator	can also read about star students and learn a lot from them.	1
3	34	u03-p034-s045	narrator	They are	1
3	34	u03-p034-s046	narrator	our.	1
3	34	u03-p034-s011	narrator	What is your new school likeg	1
3	34	u03-p034-s012	narrator	Tell me about it!	1
3	34	u03-p034-s022	narrator	Talk soon,	1
3	34	u03-p034-s023	narrator	Wang Xinyue	1
3	34	u03-p034-s013	narrator	D Think about the questions below.	1
3	34	u03-p034-s014	narrator	Share your answers with your classmates.	1
3	34	u03-p034-s015	narrator	1 What do you like about Sunshine Middle Schoolg	1
3	34	u03-p034-s016	narrator	2 What place at your school do you like bestg	1
3	34	u03-p034-s017	narrator	Whyg	1
3	34	u03-p034-s018	narrator	3 How is your new school different from Sunshine Middle Schoolg	1
3	35	u03-p035-s020	narrator	Unit 3	1
3	35	u03-p035-s021	narrator	Grammar	1
3	35	u03-p035-s022	narrator	A Personal pronouns (subject form)	1
3	35	u03-p035-s001	narrator	Jack Liu is showing some new students around the school.	1
3	35	u03-p035-s002	narrator	Read his introduction below and pay attention to the use of personal pronouns.	2
3	35	u03-p035-s005	narrator	You can find all the teachers for Grade 7 here.	2
3	35	u03-p035-s003	narrator	Hello, everyone!	1
3	35	u03-p035-s004	narrator	Look at the noticeboard.	1
3	35	u03-p035-s007	narrator	He teaches English.	1
3	35	u03-p035-s006	narrator	This is Mr Wu.	1
3	35	u03-p035-s008	narrator	And this is Ms Lin.	2
3	35	u03-p035-s010	narrator	They're both kind and helpful.	2
3	35	u03-p035-s009	narrator	She's a Music teacher.	1
3	35	u03-p035-s011	narrator	We have many nice teachers like them.	2
3	35	u03-p035-s023	narrator	We can use personal pronouns to replace nouns for or things, so we do not need to repeat the nouns.	2
3	35	u03-p035-s025	narrator	We use the	1
3	35	u03-p035-s026	narrator	(subject, object) form when the noun is the subject.	1
3	35	u03-p035-s013	narrator	Complete their conversation with the correct personal pronouns.	2
3	35	u03-p035-s012	narrator	A1 Simon is showing his sister Annie some pictures of his new school.	1
3	35	u03-p035-s014	annie	Wow, your dining hall looks great!	1
3	35	u03-p035-s027	annie	Annie:	1
3	35	u03-p035-s045	simon	Yes, it is.	1
3	35	u03-p035-s028	simon	Simon:	1
3	35	u03-p035-s029	simon	is big and clean.	1
3	35	u03-p035-s030	simon	all have	1
3	35	u03-p035-s015	simon	lunch there.	1
3	35	u03-p035-s016	annie	What do you have for lunchg	1
3	35	u03-p035-s031	annie	Annie:	1
3	35	u03-p035-s046	simon	We have rice, noodles, all kinds of meat and vegetables.	1
3	35	u03-p035-s032	simon	Simon:	1
3	35	u03-p035-s033	simon	I’m sure	1
3	35	u03-p035-s034	simon	will love the food there!	1
3	35	u03-p035-s017	annie	I think I will!	1
3	35	u03-p035-s047	annie	How about your sports field, Simong	1
3	35	u03-p035-s035	annie	Annie:	1
3	35	u03-p035-s018	simon	Here’s a picture of it.	1
3	35	u03-p035-s048	simon	It’s my favourite place!	1
3	35	u03-p035-s036	simon	Simon:	1
3	35	u03-p035-s049	annie	It looks very nice.	1
3	35	u03-p035-s037	annie	Annie:	1
3	35	u03-p035-s038	annie	What do	1
3	35	u03-p035-s039	annie	often play thereg	1
3	35	u03-p035-s050	simon	often play football with my	1
3	35	u03-p035-s040	simon	Simon:	1
3	35	u03-p035-s041	simon	friends in the school football team.	1
3	35	u03-p035-s042	simon	Sandy	1
3	35	u03-p035-s043	simon	and Kitty also like sport.	1
3	35	u03-p035-s044	narrator	play sport there too.	1
3	35	u03-p035-s019	narrator	A2 Talk with your partner about what you and your classmates do at school, using the subject form of personal pronouns.	2
3	36	u03-p036-s019	narrator	Unit 3	1
3	36	u03-p036-s020	narrator	B Personal pronouns (object form)	1
3	36	u03-p036-s001	narrator	Read more of Jack’s introduction below and pay attention to the use of personal pronouns.	2
3	36	u03-p036-s002	narrator	Our school is wonderful.	1
3	36	u03-p036-s003	narrator	It has many great teachers.	1
3	36	u03-p036-s004	narrator	Let me tell you more about our teachers.	1
3	36	u03-p036-s005	narrator	Mr Wu is also the form teacher of Class 1, Grade 7.	2
3	36	u03-p036-s006	narrator	He often chats with the students and helps them with their problems, so all the students like him.	2
3	36	u03-p036-s007	narrator	Ms Lin is good at playing the piano.	2
3	36	u03-p036-s008	narrator	You can see her at many of our school shows.	1
3	36	u03-p036-s009	narrator	We can use personal pronouns to replace nouns for people or things, so we do not need to repeat the nouns.	2
3	36	u03-p036-s021	narrator	We use the	1
3	36	u03-p036-s022	narrator	(subject, object) form when the noun is the object.	1
3	36	u03-p036-s017	narrator	Singular Plural	2
3	36	u03-p036-s023	narrator	Subject form	1
3	36	u03-p036-s024	narrator	I	1
3	36	u03-p036-s025	narrator	you	1
3	36	u03-p036-s026	narrator	he	1
3	36	u03-p036-s027	narrator	she	1
3	36	u03-p036-s028	narrator	it	1
3	36	u03-p036-s029	narrator	we	1
3	36	u03-p036-s030	narrator	you	1
3	36	u03-p036-s031	narrator	they	1
3	36	u03-p036-s018	narrator	Object form	1
3	36	u03-p036-s011	narrator	Complete their conversation with the correct personal pronouns.	2
3	36	u03-p036-s010	narrator	B1 Daniel is talking to his grandfather on the phone.	1
3	36	u03-p036-s034	daniel	Can you hearg	1
3	36	u03-p036-s032	daniel	Daniel:	1
3	36	u03-p036-s033	daniel	Hi, Grandpa!	1
3	36	u03-p036-s035	grandpa	Grandpa:	1
3	36	u03-p036-s012	grandpa	Yes, I can.	1
3	36	u03-p036-s038	daniel	Let me tell you about.	1
3	36	u03-p036-s036	daniel	Daniel:	1
3	36	u03-p036-s037	daniel	I’m at a new school now.	1
3	36	u03-p036-s039	daniel	Mr Wu is our form teacher.	1
3	36	u03-p036-s013	grandpa	Ohg	1
3	36	u03-p036-s056	grandpa	What’s he likeg	1
3	36	u03-p036-s040	grandpa	Grandpa:	1
3	36	u03-p036-s042	daniel	He’s very kind to all of.	1
3	36	u03-p036-s041	daniel	Daniel:	1
3	36	u03-p036-s043	daniel	We all	1
3	36	u03-p036-s044	daniel	like.	1
3	36	u03-p036-s045	daniel	I have some new friends	1
3	36	u03-p036-s055	daniel	after	1
3	36	u03-p036-s047	daniel	I like to play with	1
3	36	u03-p036-s046	daniel	now.	1
3	36	u03-p036-s048	narrator	class.	1
3	36	u03-p036-s049	narrator	We’re happy at school.	1
3	36	u03-p036-s050	grandpa	Grandpa:	1
3	36	u03-p036-s014	grandpa	That’s nice.	1
3	36	u03-p036-s051	daniel	Daniel:	1
3	36	u03-p036-s052	daniel	Is Grandma at homeg	1
3	36	u03-p036-s053	daniel	I want to say hello to	1
3	36	u03-p036-s015	grandpa	Yes, she is.	1
3	36	u03-p036-s057	grandpa	Wait a minute.	1
3	36	u03-p036-s054	grandpa	Grandpa:	1
3	36	u03-p036-s016	narrator	B2 Talk with your partner about your new school, teachers and friends, using both the subject form and object form of personal pronouns.	2
3	37	u03-p037-s036	narrator	Unit 3	1
3	37	u03-p037-s037	narrator	Pronunciation	1
3	37	u03-p037-s038	narrator	Consonants (I)	1
3	37	u03-p037-s001	narrator	Read the following words.	1
3	37	u03-p037-s002	narrator	Pay attention to the sounds of the consonants in bold.	1
3	37	u03-p037-s039	narrator	pen	1
3	37	u03-p037-s040	narrator	happy	1
3	37	u03-p037-s041	narrator	people	1
3	37	u03-p037-s013	narrator	maths name room	3
3	37	u03-p037-s014	narrator	board about club	3
3	37	u03-p037-s015	narrator	no know fun	3
3	37	u03-p037-s016	narrator	teacher winter visit	2
3	37	u03-p037-s017	narrator	drink English sing	3
3	37	u03-p037-s018	narrator	dining study field	3
3	37	u03-p037-s019	narrator	learn play pencil	3
3	37	u03-p037-s020	narrator	class kind back	3
3	37	u03-p037-s021	narrator	read every write	3
3	37	u03-p037-s022	narrator	great grass big	3
3	37	u03-p037-s023	narrator	year yes you	3
3	37	u03-p037-s024	narrator	hall behind who	3
3	37	u03-p037-s025	narrator	week swim which	3
3	37	u03-p037-s003	narrator	A Read the words below.	1
3	37	u03-p037-s004	narrator	Pay attention to the different sounds of the letters in bold.	1
3	37	u03-p037-s042	narrator	big	1
3	37	u03-p037-s043	narrator	aunt	1
3	37	u03-p037-s044	narrator	nice	1
3	37	u03-p037-s045	narrator	class	1
3	37	u03-p037-s046	narrator	mice	1
3	37	u03-p037-s026	narrator	pig	1
3	37	u03-p037-s027	narrator	and	1
3	37	u03-p037-s028	narrator	rice	1
3	37	u03-p037-s029	narrator	glass	1
3	37	u03-p037-s030	narrator	nice	1
3	37	u03-p037-s047	narrator	call	1
3	37	u03-p037-s048	narrator	light	1
3	37	u03-p037-s049	narrator	them	1
3	37	u03-p037-s050	narrator	thin	1
3	37	u03-p037-s051	narrator	clean	1
3	37	u03-p037-s031	narrator	tall	1
3	37	u03-p037-s032	narrator	night	1
3	37	u03-p037-s033	narrator	then	1
3	37	u03-p037-s034	narrator	sing	1
3	37	u03-p037-s035	narrator	green	1
3	37	u03-p037-s005	narrator	B Fill in different letters to make up two words for each group.	1
3	37	u03-p037-s053	narrator	ook	1
3	37	u03-p037-s052	narrator	ook	1
3	37	u03-p037-s056	narrator	foo	1
3	37	u03-p037-s054	narrator	atch	1
3	37	u03-p037-s055	narrator	atch	1
3	37	u03-p037-s057	narrator	foo	1
3	37	u03-p037-s058	narrator	alk	1
3	37	u03-p037-s059	narrator	alk	1
3	37	u03-p037-s060	narrator	ind	1
3	37	u03-p037-s061	narrator	ind	1
3	37	u03-p037-s006	narrator	C Read the following sentences.	1
3	37	u03-p037-s007	narrator	Pay attention to the sounds of the letters in bold.	1
3	37	u03-p037-s008	narrator	1 We can sing the English song.	1
3	37	u03-p037-s009	narrator	2 There is a hall behind the classroom building.	1
3	37	u03-p037-s010	narrator	3 We like the yellow flowers and the green trees in the garden.	1
3	37	u03-p037-s011	narrator	4 Lucy loves reading in the library.	1
3	37	u03-p037-s012	narrator	5 Peter puts his pencils and pens on the book.	1
3	38	u03-p038-s021	narrator	Unit 3	1
3	38	u03-p038-s022	narrator	Integration	1
3	38	u03-p038-s023	narrator	Great places at school	1
3	38	u03-p038-s002	narrator	Read the article and answer the questions below.	2
3	38	u03-p038-s001	narrator	A Millie is reading an introduction to the school library online.	1
3	38	u03-p038-s003	narrator	Welcome to the library.	1
3	38	u03-p038-s004	narrator	It is a grey building with three floors.	2
3	38	u03-p038-s005	narrator	All the rooms here are clean and bright.	2
3	38	u03-p038-s006	narrator	You will find lots of books on different subjects there—thousands of them, in fact!	2
3	38	u03-p038-s007	narrator	You can borrow three books at a time.	1
3	38	u03-p038-s008	narrator	There is a reading room with computers on the top floor.	2
3	38	u03-p038-s009	narrator	You can read newspapers and magazines there.	2
3	38	u03-p038-s010	narrator	You can also use the internet to help you with your studies.	2
3	38	u03-p038-s011	narrator	The library is the perfect place for you to enjoy a wonderful book and some quiet time!	3
3	38	u03-p038-s012	narrator	1 What can students at Sunshine Middle School do in the libraryg	1
3	38	u03-p038-s013	narrator	2 Is there a library or a reading room at your schoolg	1
3	38	u03-p038-s014	narrator	What do you like about itg	1
3	38	u03-p038-s015	narrator	B Millie’s brother, Andy, is introducing some places at Sunshine Middle School to her.	1
3	38	u03-p038-s016	narrator	Listen with Millie and help her complete the table below.	1
3	38	u03-p038-s017	narrator	Before listening, use the title or heading to help you predict the content and then focus on keywords or phrases when listening.	14
3	38	u03-p038-s024	narrator	TIP	1
3	38	u03-p038-s018	narrator	Place It has …	2
3	38	u03-p038-s019	narrator	In this place, students …	1
3	38	u03-p038-s026	narrator	play	1
3	38	u03-p038-s025	narrator	big and bright space	1
3	38	u03-p038-s027	narrator	a	1
3	38	u03-p038-s028	narrator	learn	1
3	38	u03-p038-s029	narrator	Music room	1
3	38	u03-p038-s030	narrator	new	1
3	38	u03-p038-s031	narrator	use the computers, but can’t	1
3	38	u03-p038-s020	narrator	Computer room	1
3	38	u03-p038-s032	narrator	play	1
3	38	u03-p038-s033	narrator	computers	1
3	39	u03-p039-s018	narrator	Unit 3	1
3	39	u03-p039-s002	narrator	Work in pairs and discuss your new school.	2
3	39	u03-p039-s001	narrator	C Millie and Daniel are discussing what they like about their new school.	1
3	39	u03-p039-s003	narrator	Use the conversation below as a model.	1
3	39	u03-p039-s019	daniel	Daniel:	1
3	39	u03-p039-s004	daniel	What do you like about our new schoolg	1
3	39	u03-p039-s005	millie	I love our big library.	1
3	39	u03-p039-s036	millie	What about youg	1
3	39	u03-p039-s035	millie	I can borrow different kinds of books there.	1
3	39	u03-p039-s020	millie	Millie:	1
3	39	u03-p039-s006	daniel	I like the computer room.	1
3	39	u03-p039-s037	daniel	It’s new and modern.	1
3	39	u03-p039-s021	daniel	Daniel:	1
3	39	u03-p039-s038	daniel	What else do you like about our schoolg	1
3	39	u03-p039-s007	millie	Our teachers are very kind.	1
3	39	u03-p039-s039	millie	They really care about us.	1
3	39	u03-p039-s022	millie	Millie:	1
3	39	u03-p039-s023	daniel	Daniel:	1
3	39	u03-p039-s008	daniel	Yes, and our classmates are friendly.	1
3	39	u03-p039-s009	narrator	D Mr Wu asked the Class 1, Grade 7 students to write an email to a friend about their new school.	2
3	39	u03-p039-s010	narrator	D1 Answer the questions below with the information about your school.	1
3	39	u03-p039-s011	narrator	1 What is your school likeg	1
3	39	u03-p039-s012	narrator	2 What does your school haveg	1
3	39	u03-p039-s013	narrator	Put a tick (3) in the box.	1
3	39	u03-p039-s025	narrator	sports field	1
3	39	u03-p039-s026	narrator	library	1
3	39	u03-p039-s027	narrator	hall	1
3	39	u03-p039-s028	narrator	dining hall	1
3	39	u03-p039-s024	narrator	playground	1
3	39	u03-p039-s029	narrator	gym	1
3	39	u03-p039-s030	narrator	art room	1
3	39	u03-p039-s031	narrator	music room	1
3	39	u03-p039-s032	narrator	computer room	1
3	39	u03-p039-s033	narrator	lab	1
3	39	u03-p039-s034	narrator	other(s):	1
3	39	u03-p039-s014	narrator	3 What is your favourite place at your schoolg	1
3	39	u03-p039-s015	narrator	4 What do you do in your favourite placeg	1
3	39	u03-p039-s016	narrator	5 What are your teachers and classmates likeg	1
3	39	u03-p039-s017	narrator	6 What do you think of your schoolg	1
3	40	u03-p040-s039	narrator	Unit 3	1
3	40	u03-p040-s001	narrator	D2 Millie sent an email to her online friend Liu Yi and received her reply.	1
3	40	u03-p040-s002	narrator	Read it with her.	1
3	40	u03-p040-s003	narrator	We often begin with “Dear...”	1
3	40	u03-p040-s004	narrator	and end with “Best wishes” in an email or letter to friends or family members.	3
3	40	u03-p040-s040	narrator	TIP	1
3	40	u03-p040-s041	narrator	Xinyue	1
3	40	u03-p040-s005	narrator	A formal email follows the same structure, greeting and sign-off as a formal letter.	2
3	40	u03-p040-s042	narrator	My new school	1
3	40	u03-p040-s033	narrator	Dear Xinyue,	1
3	40	u03-p040-s034	narrator	Opening	1
3	40	u03-p040-s006	narrator	Thanks for your email.	1
3	40	u03-p040-s007	narrator	I am at a new school now too.	1
3	40	u03-p040-s043	narrator	Introduction of the	1
3	40	u03-p040-s044	narrator	topic	1
3	40	u03-p040-s008	narrator	The school is old, but I like it.	1
3	40	u03-p040-s009	narrator	My favourite place at school is the hall.	1
3	40	u03-p040-s010	narrator	We have meetings there, and a lot of interesting events take place there.	3
3	40	u03-p040-s012	narrator	My new friends and I often play ping-pong together there.	2
3	40	u03-p040-s011	narrator	We also have a playground.	1
3	40	u03-p040-s013	narrator	We do not have a gym, but we have a football field.	2
3	40	u03-p040-s014	narrator	We love playing football on it.	2
3	40	u03-p040-s035	narrator	Main body	1
3	40	u03-p040-s015	narrator	Our teachers are quite nice.	1
3	40	u03-p040-s017	narrator	My classmates are great too.	2
3	40	u03-p040-s016	narrator	They care about us a lot.	1
3	40	u03-p040-s018	narrator	They are friendly and helpful.	1
3	40	u03-p040-s019	narrator	Our school is not large, but it is a special place for me.	1
3	40	u03-p040-s020	narrator	I am happy to be a student here.	2
3	40	u03-p040-s036	narrator	Best wishes,	1
3	40	u03-p040-s037	narrator	Closing	1
3	40	u03-p040-s038	narrator	Liu Yi	1
3	40	u03-p040-s021	narrator	D3 Write an email to your friend about your new school based on the information in Part D1.	2
3	40	u03-p040-s022	narrator	Use Liu Yi’s email as a model.	1
3	40	u03-p040-s045	narrator	Useful expressions	1
3	40	u03-p040-s023	narrator	My/Our school has …	1
3	40	u03-p040-s024	narrator	We have/do not have a playground/library/hall/…	1
3	40	u03-p040-s025	narrator	There is a playground/library/hall/…	1
3	40	u03-p040-s026	narrator	The playground/library/hall is … and …	2
3	40	u03-p040-s028	narrator	We do not have …, but we have …	1
3	40	u03-p040-s029	narrator	There are …	1
3	40	u03-p040-s030	narrator	classrooms in …	1
3	40	u03-p040-s031	narrator	My favourite place at school is …	1
3	40	u03-p040-s032	narrator	The teachers/students are nice/friendly/...	1
3	41	u03-p041-s013	narrator	Unit 3	1
3	41	u03-p041-s014	narrator	Assessment	1
3	41	u03-p041-s015	narrator	What I can do	1
3	41	u03-p041-s016	narrator	Me	1
3	41	u03-p041-s017	narrator	Partner	1
3	41	u03-p041-s001	narrator	1 I can describe the places at Sunshine Middle School.	2
3	41	u03-p041-s002	narrator	2 I can use different forms of personal pronouns correctly.	2
3	41	u03-p041-s003	narrator	3 I can introduce my school and talk about what I like about it with the new words in this unit.	2
3	41	u03-p041-s018	narrator	4 I can pronounce the sounds /p/, /b/, /t/, /d/, /k/, /g/, /h/, /m/, /n/, /ŋ/, /l/, /r/, /j/ and /w/ correctly in words.	3
3	41	u03-p041-s005	narrator	5 I know the places at my school better.	1
3	41	u03-p041-s006	narrator	* Assess your learning of new words and grammar by doing the exercises on page 112.	1
3	41	u03-p041-s019	narrator	Result:	1
3	41	u03-p041-s020	narrator	Weak	1
3	41	u03-p041-s021	narrator	Good	1
3	41	u03-p041-s022	narrator	Wonderful	1
3	41	u03-p041-s007	narrator	I am good at.	2
3	41	u03-p041-s008	narrator	I need to spend more time on.	2
3	41	u03-p041-s023	narrator	My action plan:	1
3	41	u03-p041-s024	narrator	Further study	1
3	41	u03-p041-s025	narrator	Yuelu Academy, a very famous school in China in the past, is at the foot of Yuelu Mountain in Hunan Province.	3
3	41	u03-p041-s027	narrator	The school is more than 1,000 years old.	2
3	41	u03-p041-s028	narrator	There are many other old schools in China.	2
3	41	u03-p041-s029	narrator	Find one and share it with your classmates.	2
4	42	u04-p042-s008	narrator	Unit	1
4	42	u04-p042-s001	narrator	Learn beyond the books.	1
4	42	u04-p042-s005	narrator	read about interesting classes at school;	1
4	42	u04-p042-s006	narrator	get to know about school field trips and school chores;	1
4	42	u04-p042-s009	narrator	In this unit, we will	2
4	42	u04-p042-s007	narrator	talk and write about our life at school;	1
4	42	u04-p042-s002	narrator	learn to enjoy our school life.	1
4	42	u04-p042-s003	narrator	There are many interesting classes and activities in middle school.	2
4	42	u04-p042-s004	narrator	Let’s learn how to talk about our school life.	1
4	43	u04-p043-s026	narrator	Unit 4	1
4	43	u04-p043-s027	narrator	Welcome to the unit	1
4	43	u04-p043-s028	narrator	A day at school	1
4	43	u04-p043-s002	narrator	Complete the table on the right with your own daily activities.	2
4	43	u04-p043-s001	narrator	A Look at the table of Millie's day.	1
4	43	u04-p043-s029	narrator	Millie’s day	1
4	43	u04-p043-s030	narrator	My day	1
4	43	u04-p043-s003	narrator	7 a.m.	1
4	43	u04-p043-s031	narrator	Get up	1
4	43	u04-p043-s004	narrator	7:20 a.m.	1
4	43	u04-p043-s032	narrator	Have breakfast	1
4	43	u04-p043-s005	narrator	7:40 a.m.	1
4	43	u04-p043-s033	narrator	Go to school	1
4	43	u04-p043-s006	narrator	8 a.m.	1
4	43	u04-p043-s034	narrator	Do morning exercises	1
4	43	u04-p043-s007	narrator	8:15 a.m.	1
4	43	u04-p043-s035	narrator	Have lessons	1
4	43	u04-p043-s008	narrator	11:50 a.m.	1
4	43	u04-p043-s036	narrator	Have lunch	1
4	43	u04-p043-s009	narrator	1:30 p.m.	1
4	43	u04-p043-s037	narrator	Have lessons	1
4	43	u04-p043-s010	narrator	4 p.m.	1
4	43	u04-p043-s038	narrator	Do after-school activities	1
4	43	u04-p043-s011	narrator	6:20 p.m.	1
4	43	u04-p043-s039	narrator	Have dinner	1
4	43	u04-p043-s012	narrator	7 p.m.	1
4	43	u04-p043-s040	narrator	Help with housework	1
4	43	u04-p043-s013	narrator	7:30 p.m.	1
4	43	u04-p043-s041	narrator	Do homework	1
4	43	u04-p043-s014	narrator	9:30 p.m.	1
4	43	u04-p043-s042	narrator	Go to bed	1
4	43	u04-p043-s016	narrator	Work in pairs and talk about your school days.	2
4	43	u04-p043-s015	narrator	B Millie and Simon are talking about their school days.	1
4	43	u04-p043-s017	narrator	Use the conversation below as a model.	1
4	43	u04-p043-s043	millie	Millie:	1
4	43	u04-p043-s018	millie	What time do you get up in the morning on weekdays, Simong	1
4	43	u04-p043-s019	simon	I usually get up at a.m. and then go for a short jog.	1
4	43	u04-p043-s049	simon	And youg	1
4	43	u04-p043-s044	simon	Simon:	1
4	43	u04-p043-s020	millie	I get up at 7.	1
4	43	u04-p043-s053	millie	I always read a little.	1
4	43	u04-p043-s045	millie	Millie:	1
4	43	u04-p043-s046	simon	Simon:	1
4	43	u04-p043-s021	simon	What do you like best about your school daysg	1
4	43	u04-p043-s050	millie	I go to the Book Club and the Volleyball Club and have lots of fun.	1
4	43	u04-p043-s022	millie	I like the after-school activities.	1
4	43	u04-p043-s047	millie	Millie:	1
4	43	u04-p043-s051	millie	What about youg	1
4	43	u04-p043-s023	simon	I’m in the Football Club.	1
4	43	u04-p043-s052	simon	Club activities are a good way for me to enjoy myself and make friends.	1
4	43	u04-p043-s048	simon	Simon:	1
4	43	u04-p043-s024	narrator	C What do you like best about your school daysg	1
4	43	u04-p043-s025	narrator	Discuss it with a partner.	1
4	44	u04-p044-s030	narrator	Unit 4	1
4	44	u04-p044-s031	narrator	Reading	1
4	44	u04-p044-s024	narrator	School days	1
4	44	u04-p044-s001	narrator	Millie wrote an email to her online friend Tommy.	1
4	44	u04-p044-s003	narrator	Before reading, think about the questions below.	2
4	44	u04-p044-s002	narrator	Here is the email.	1
4	44	u04-p044-s004	narrator	1 What are some interesting classes at your schoolg	1
4	44	u04-p044-s005	narrator	2 What activities do you often do after schoolg	1
4	44	u04-p044-s025	narrator	Tommy	1
4	44	u04-p044-s006	narrator	Usually we fill keywords in the subject line of an email to let others know what we are talking about in the email.	4
4	44	u04-p044-s032	narrator	TIP	1
4	44	u04-p044-s026	narrator	My school days	1
4	44	u04-p044-s027	narrator	Dear Tommy,	1
4	44	u04-p044-s007	narrator	This is my first term at Sunshine Middle School.	1
4	44	u04-p044-s008	narrator	I feel great!	1
4	44	u04-p044-s009	narrator	School starts at 8 in the morning.	1
4	44	u04-p044-s010	narrator	Usually, we do morning exercises first.	2
4	44	u04-p044-s011	narrator	Then our lessons begin at 8:15.	1
4	44	u04-p044-s012	narrator	I like Chinese best!	1
4	44	u04-p044-s013	narrator	We read the works of many famous writers.	1
4	44	u04-p044-s014	narrator	The Chinese language is really amazing.	1
4	44	u04-p044-s015	narrator	We have Biology classes on Tuesdays and Thursdays.	1
4	44	u04-p044-s016	narrator	We study many living things and learn about nature.	2
4	44	u04-p044-s017	narrator	It is really interesting!	1
4	44	u04-p044-s018	narrator	After-school activities are great fun too!	1
4	44	u04-p044-s019	narrator	I am in the school volleyball team, and we practise on Friday afternoons.	2
4	44	u04-p044-s020	narrator	We have a field trip each term.	1
4	44	u04-p044-s021	narrator	Tomorrow morning we will leave for a farm to pick apples there.	2
4	44	u04-p044-s022	narrator	What is your school life likeg	2
4	44	u04-p044-s023	narrator	Hope to hear from you soon.	2
4	44	u04-p044-s028	narrator	Best wishes,	1
4	44	u04-p044-s029	narrator	Wang Xinyue	1
4	45	u04-p045-s017	narrator	Unit 4	1
4	45	u04-p045-s001	narrator	A Complete the chart below with the information in Millie’s email.	1
4	45	u04-p045-s018	narrator	Morning	1
4	45	u04-p045-s019	narrator	Read the works of many	1
4	45	u04-p045-s011	narrator	Chinese	1
4	45	u04-p045-s012	narrator	Lessons	1
4	45	u04-p045-s020	narrator	Study many	1
4	45	u04-p045-s014	narrator	Life at Sunshine	2
4	45	u04-p045-s013	narrator	Biology	1
4	45	u04-p045-s021	narrator	and learn about	1
4	45	u04-p045-s015	narrator	Middle	1
4	45	u04-p045-s016	narrator	School	1
4	45	u04-p045-s022	narrator	After-school	1
4	45	u04-p045-s023	narrator	A	1
4	45	u04-p045-s024	narrator	each term	1
4	45	u04-p045-s003	narrator	Write a T if a sentence is true or an F if it is false.	1
4	45	u04-p045-s004	narrator	Then correct the false one(s).	2
4	45	u04-p045-s002	narrator	B Read Millie’s email again.	1
4	45	u04-p045-s005	narrator	1 Millie should get to school before 8:15.	1
4	45	u04-p045-s006	narrator	2 Millie’s favourite subject is English.	1
4	45	u04-p045-s007	narrator	3 The students read many great works in Chinese classes.	2
4	45	u04-p045-s008	narrator	4 The students have a Biology lesson once a week.	1
4	45	u04-p045-s009	narrator	5 The students are going on a field trip to a park.	1
4	45	u04-p045-s010	narrator	6 Millie enjoys life at her new school.	1
4	46	u04-p046-s025	narrator	Unit 4	1
4	46	u04-p046-s002	narrator	Complete his email with the correct forms of the words and phrase in the box below.	2
4	46	u04-p046-s001	narrator	C Tommy is writing an email back to Millie.	1
4	46	u04-p046-s026	narrator	amazing	1
4	46	u04-p046-s027	narrator	language	1
4	46	u04-p046-s028	narrator	field trip	1
4	46	u04-p046-s029	narrator	practise	1
4	46	u04-p046-s030	narrator	nature	1
4	46	u04-p046-s031	narrator	term	1
4	46	u04-p046-s032	narrator	team	1
4	46	u04-p046-s033	narrator	works	1
4	46	u04-p046-s020	narrator	Xinyue	1
4	46	u04-p046-s021	narrator	My school days	1
4	46	u04-p046-s022	narrator	Dear Xinyue, Nice to hear from you.	2
4	46	u04-p046-s005	narrator	I would like to tell you about my school life.	2
4	46	u04-p046-s004	narrator	Your new school sounds great.	1
4	46	u04-p046-s034	narrator	Our new also starts in September.	1
4	46	u04-p046-s006	narrator	In our English class, we read lots of famous books.	2
4	46	u04-p046-s045	narrator	of Shakespeare	1
4	46	u04-p046-s035	narrator	I like the	1
4	46	u04-p046-s037	narrator	We can also study other.	1
4	46	u04-p046-s007	narrator	I can speak a little Chinese now!	2
4	46	u04-p046-s036	narrator	best.	1
4	46	u04-p046-s038	narrator	In our Science class, our teacher shows us lots of interesting things from	1
4	46	u04-p046-s008	narrator	We get to know so much about the world around us.	1
4	46	u04-p046-s039	narrator	Isn’t itg	1
4	46	u04-p046-s040	narrator	I am in the school football.	1
4	46	u04-p046-s041	narrator	I usually	1
4	46	u04-p046-s009	narrator	I love sport.	1
4	46	u04-p046-s010	narrator	We always have great fun!	2
4	46	u04-p046-s042	narrator	with my friends on Saturday afternoons.	1
4	46	u04-p046-s043	narrator	We have every year.	1
4	46	u04-p046-s011	narrator	It is interesting to visit fun places.	2
4	46	u04-p046-s012	narrator	I can’t wait.	2
4	46	u04-p046-s023	narrator	All the best, Tommy	2
4	46	u04-p046-s013	narrator	D Think about the questions below.	1
4	46	u04-p046-s014	narrator	Share your answers with your classmates.	1
4	46	u04-p046-s015	narrator	1 What do you think about Millie’s school lifeg	1
4	46	u04-p046-s016	narrator	2 What lessons do you like bestg	1
4	46	u04-p046-s017	narrator	Whyg	1
4	46	u04-p046-s018	narrator	3 What do you think is special about your school lifeg	1
4	46	u04-p046-s044	narrator	Share it with your	1
4	46	u04-p046-s019	narrator	classmates.	1
4	47	u04-p047-s033	narrator	Unit 4	1
4	47	u04-p047-s034	narrator	Grammar	1
4	47	u04-p047-s037	narrator	A Prepositions of time	1
4	47	u04-p047-s036	narrator	Months of	1
4	47	u04-p047-s035	narrator	TIP	1
4	47	u04-p047-s038	narrator	the year:	1
4	47	u04-p047-s039	narrator	January	1
4	47	u04-p047-s001	narrator	We use different prepositions to talk about time.	1
4	47	u04-p047-s040	narrator	February	1
4	47	u04-p047-s041	narrator	March	1
4	47	u04-p047-s043	narrator	Preposition Used for	1
4	47	u04-p047-s044	narrator	Example	1
4	47	u04-p047-s042	narrator	April	1
4	47	u04-p047-s045	narrator	May	1
4	47	u04-p047-s002	narrator	We read English in the morning.	1
4	47	u04-p047-s021	narrator	parts of day	1
4	47	u04-p047-s046	narrator	June	1
4	47	u04-p047-s047	narrator	July	1
4	47	u04-p047-s003	narrator	Our new term starts in September.	1
4	47	u04-p047-s022	narrator	months	1
4	47	u04-p047-s048	narrator	August	1
4	47	u04-p047-s023	narrator	in	1
4	47	u04-p047-s049	narrator	September	1
4	47	u04-p047-s004	narrator	We have a field trip in autumn.	1
4	47	u04-p047-s024	narrator	seasons	1
4	47	u04-p047-s050	narrator	October	1
4	47	u04-p047-s005	narrator	We took a trip to a farm in 2022.	1
4	47	u04-p047-s025	narrator	years	1
4	47	u04-p047-s051	narrator	November	1
4	47	u04-p047-s052	narrator	December	1
4	47	u04-p047-s006	narrator	We don’t go to school on Saturday.	1
4	47	u04-p047-s026	narrator	days	1
4	47	u04-p047-s053	narrator	Seasons:	1
4	47	u04-p047-s007	narrator	Our summer holiday starts on 1 July.	1
4	47	u04-p047-s027	narrator	dates	1
4	47	u04-p047-s054	narrator	TIP	1
4	47	u04-p047-s028	narrator	on	1
4	47	u04-p047-s055	narrator	spring	1
4	47	u04-p047-s008	narrator	We have a Biology class on Tuesday morning.	1
4	47	u04-p047-s057	narrator	parts of a specific day	1
4	47	u04-p047-s056	narrator	summer	1
4	47	u04-p047-s058	narrator	autumn	1
4	47	u04-p047-s009	narrator	We have lots of fun on Children’s Day.	1
4	47	u04-p047-s029	narrator	special holidays	1
4	47	u04-p047-s059	narrator	winter	1
4	47	u04-p047-s010	narrator	Millie often gets up at 7 o’clock.	1
4	47	u04-p047-s030	narrator	time of day	1
4	47	u04-p047-s060	narrator	Days of the	1
4	47	u04-p047-s061	narrator	TIP	1
4	47	u04-p047-s062	narrator	week:	1
4	47	u04-p047-s031	narrator	at	1
4	47	u04-p047-s032	narrator	age	1
4	47	u04-p047-s011	narrator	Children in China usually start school at 6 years old.	2
4	47	u04-p047-s063	narrator	Sunday	1
4	47	u04-p047-s064	narrator	Monday	1
4	47	u04-p047-s065	narrator	Tuesday	1
4	47	u04-p047-s066	narrator	Wednesday	1
4	47	u04-p047-s067	narrator	Thursday	1
4	47	u04-p047-s013	narrator	Complete their conversation with the correct prepositions of time.	2
4	47	u04-p047-s012	narrator	A1 Sandy is talking to her grandma about her school life.	1
4	47	u04-p047-s068	narrator	Friday	1
4	47	u04-p047-s069	narrator	Saturday	1
4	47	u04-p047-s014	grandma	Hi, Sandy.	1
4	47	u04-p047-s089	grandma	Tell me about your life at school.	1
4	47	u04-p047-s070	grandma	Grandma:	1
4	47	u04-p047-s073	sandy	the morning, I often have Maths	1
4	47	u04-p047-s072	sandy	Sure, Grandma.	1
4	47	u04-p047-s071	sandy	Sandy:	1
4	47	u04-p047-s075	sandy	These lessons begin 8:15.	1
4	47	u04-p047-s074	sandy	and Chinese lessons.	1
4	47	u04-p047-s015	grandma	Good.	1
4	47	u04-p047-s090	grandma	Do you play any sport at schoolg	1
4	47	u04-p047-s076	grandma	Grandma:	1
4	47	u04-p047-s079	sandy	Monday, I go swimming.	1
4	47	u04-p047-s080	sandy	I also play	1
4	47	u04-p047-s078	sandy	Oh yes!	1
4	47	u04-p047-s077	sandy	Sandy:	1
4	47	u04-p047-s081	sandy	basketball Friday afternoon.	1
4	47	u04-p047-s082	sandy	Every year, we have a	1
4	47	u04-p047-s083	sandy	big basketball match November.	1
4	47	u04-p047-s016	grandma	That’s exciting!	1
4	47	u04-p047-s091	grandma	When is this year’s matchg	1
4	47	u04-p047-s084	grandma	Grandma:	1
4	47	u04-p047-s086	sandy	It’s 13 November.	1
4	47	u04-p047-s087	sandy	It starts 4:30 in	1
4	47	u04-p047-s085	sandy	Sandy:	1
4	47	u04-p047-s017	sandy	the afternoon.	1
4	47	u04-p047-s018	sandy	Would you like to come and watchg	1
4	47	u04-p047-s088	grandma	Grandma:	1
4	47	u04-p047-s019	grandma	Of course!	1
4	47	u04-p047-s020	narrator	A2 Talk with your partner about your school life, using prepositions of time.	1
4	48	u04-p048-s019	narrator	Unit 4	1
4	48	u04-p048-s020	narrator	B Adverbs of frequency	1
4	48	u04-p048-s001	narrator	Adverbs of frequency tell you how often things happen.	1
4	48	u04-p048-s002	narrator	Look at the graph below.	1
4	48	u04-p048-s021	narrator	never	1
4	48	u04-p048-s022	narrator	seldom	1
4	48	u04-p048-s023	narrator	sometimes	1
4	48	u04-p048-s024	narrator	often	1
4	48	u04-p048-s025	narrator	usually	1
4	48	u04-p048-s026	narrator	always	1
4	48	u04-p048-s004	narrator	Look at the graph above.	2
4	48	u04-p048-s003	narrator	B1 Sandy is writing about how often she and her classmates exercise.	1
4	48	u04-p048-s005	narrator	Then help her complete the notes below.	1
4	48	u04-p048-s006	narrator	We put an adverb of frequency after the verb be.	4
4	48	u04-p048-s028	narrator	TIP	1
4	48	u04-p048-s027	narrator	I	1
4	48	u04-p048-s008	narrator	I do not have much time to play tennis.	1
4	48	u04-p048-s009	narrator	play tennis.	1
4	48	u04-p048-s007	narrator	I am always happy.	2
4	48	u04-p048-s029	narrator	He	1
4	48	u04-p048-s034	narrator	plays	1
4	48	u04-p048-s010	narrator	Simon loves playing football.	1
4	48	u04-p048-s011	narrator	football on the sports field.	1
4	48	u04-p048-s030	narrator	She	1
4	48	u04-p048-s012	narrator	Amy is a member of the swimming team.	1
4	48	u04-p048-s013	narrator	She swims after school.	1
4	48	u04-p048-s031	narrator	He plays it.	1
4	48	u04-p048-s014	narrator	Daniel does not like basketball.	1
4	48	u04-p048-s032	narrator	She dances for half an hour.	2
4	48	u04-p048-s015	narrator	Kitty dances every day.	1
4	48	u04-p048-s033	narrator	Millie goes roller skating, but she is not good at it.	2
4	48	u04-p048-s018	narrator	B2 Write six sentences about your school activities, using each adverb of frequency above once.	2
4	49	u04-p049-s053	narrator	Unit 4	1
4	49	u04-p049-s054	narrator	Pronunciation	1
4	49	u04-p049-s055	narrator	Vowels (III)	1
4	49	u04-p049-s001	narrator	Read the following words.	1
4	49	u04-p049-s002	narrator	Pay attention to the sounds of the letter groups in bold.	1
4	49	u04-p049-s009	narrator	art	1
4	49	u04-p049-s010	narrator	farm	1
4	49	u04-p049-s011	narrator	park	1
4	49	u04-p049-s012	narrator	star	1
4	49	u04-p049-s013	narrator	call	1
4	49	u04-p049-s014	narrator	draw	1
4	49	u04-p049-s015	narrator	corner	1
4	49	u04-p049-s016	narrator	more	1
4	49	u04-p049-s017	narrator	leaf	1
4	49	u04-p049-s018	narrator	read	1
4	49	u04-p049-s019	narrator	meet	1
4	49	u04-p049-s020	narrator	see	1
4	49	u04-p049-s021	narrator	bread	1
4	49	u04-p049-s022	narrator	head	1
4	49	u04-p049-s023	narrator	heavy	1
4	49	u04-p049-s024	narrator	weather	1
4	49	u04-p049-s025	narrator	cool	1
4	49	u04-p049-s026	narrator	school	1
4	49	u04-p049-s027	narrator	food	1
4	49	u04-p049-s028	narrator	group	1
4	49	u04-p049-s029	narrator	book	1
4	49	u04-p049-s030	narrator	good	1
4	49	u04-p049-s031	narrator	look	1
4	49	u04-p049-s032	narrator	would	1
4	49	u04-p049-s033	narrator	bird	1
4	49	u04-p049-s034	narrator	term	1
4	49	u04-p049-s035	narrator	nurse	1
4	49	u04-p049-s036	narrator	word	1
4	49	u04-p049-s056	narrator	after	1
4	49	u04-p049-s057	narrator	dinner	1
4	49	u04-p049-s058	narrator	father	1
4	49	u04-p049-s059	narrator	worker	1
4	49	u04-p049-s003	narrator	A Read the words below.	1
4	49	u04-p049-s004	narrator	Put each of them in the correct place.	1
4	49	u04-p049-s037	narrator	cook	1
4	49	u04-p049-s038	narrator	cool	1
4	49	u04-p049-s039	narrator	first	1
4	49	u04-p049-s040	narrator	foot	1
4	49	u04-p049-s041	narrator	free	1
4	49	u04-p049-s042	narrator	hall	1
4	49	u04-p049-s043	narrator	healthy	1
4	49	u04-p049-s044	narrator	never	1
4	49	u04-p049-s045	narrator	part	1
4	49	u04-p049-s046	narrator	player	1
4	49	u04-p049-s047	narrator	ready	1
4	49	u04-p049-s048	narrator	noodle	1
4	49	u04-p049-s049	narrator	sport	1
4	49	u04-p049-s050	narrator	start	1
4	49	u04-p049-s051	narrator	world	1
4	49	u04-p049-s052	narrator	team	1
4	49	u04-p049-s007	narrator	Then try to read the second one correctly.	2
4	49	u04-p049-s005	narrator	B Look at the following pairs of words.	1
4	49	u04-p049-s006	narrator	Read the first word of each pair.	1
4	49	u04-p049-s060	narrator	shirt	1
4	49	u04-p049-s061	narrator	birth	1
4	49	u04-p049-s062	narrator	look	1
4	49	u04-p049-s063	narrator	wood	1
4	49	u04-p049-s064	narrator	clean	1
4	49	u04-p049-s065	narrator	bean	1
4	49	u04-p049-s066	narrator	winter	1
4	49	u04-p049-s067	narrator	winner	1
4	49	u04-p049-s068	narrator	car	1
4	49	u04-p049-s069	narrator	bar	1
4	49	u04-p049-s070	narrator	talk	1
4	49	u04-p049-s071	narrator	chalk	1
4	49	u04-p049-s072	narrator	food	1
4	49	u04-p049-s073	narrator	noon	1
4	49	u04-p049-s074	narrator	bread	1
4	49	u04-p049-s075	narrator	dead	1
4	49	u04-p049-s076	narrator	turn	1
4	49	u04-p049-s077	narrator	hurt	1
4	49	u04-p049-s008	narrator	C Practise saying the following phrases.	1
4	49	u04-p049-s078	narrator	a car in the park	1
4	49	u04-p049-s079	narrator	food at school	1
4	49	u04-p049-s080	narrator	clean the street	1
4	49	u04-p049-s081	narrator	a girl in a skirt	1
4	49	u04-p049-s082	narrator	look at the book	1
4	49	u04-p049-s083	narrator	ready for breakfast	1
4	49	u04-p049-s084	narrator	a nurse at work	1
4	49	u04-p049-s085	narrator	walk around the wall	1
4	49	u04-p049-s086	narrator	after dinner	1
4	50	u04-p050-s011	narrator	Unit 4	1
4	50	u04-p050-s012	narrator	Integration	1
4	50	u04-p050-s010	narrator	Learning by doing	1
4	50	u04-p050-s002	narrator	Read it with her and answer the questions below.	2
4	50	u04-p050-s001	narrator	A Sandy is reading the school field trip notice for the Grade 7 students.	1
4	50	u04-p050-s013	narrator	School field trips for Grade 7 students	1
4	50	u04-p050-s014	narrator	Field trip 1: Picking apples (in autumn)	1
4	50	u04-p050-s015	narrator	Activities: Visit an apple farm	1
4	50	u04-p050-s016	narrator	Learn how to grow apples	1
4	50	u04-p050-s017	narrator	Help pick apples	1
4	50	u04-p050-s018	narrator	Field trip 2: Planting trees (in spring)	1
4	50	u04-p050-s019	narrator	Activities: Have a tour of the fields	1
4	50	u04-p050-s020	narrator	Learn how to plant trees	1
4	50	u04-p050-s021	narrator	Help plant trees	1
4	50	u04-p050-s003	narrator	Please find more on the school website.	1
4	50	u04-p050-s004	narrator	1 What can the Grade 7 students do on the autumn field tripg	1
4	50	u04-p050-s005	narrator	2 What do you like about your field tripsg	1
4	50	u04-p050-s006	narrator	Whyg	1
4	50	u04-p050-s008	narrator	Listen to Mr Wu and help Sandy complete her notes.	2
4	50	u04-p050-s007	narrator	B Sandy is listening to Mr Wu talking about one of the field trips.	1
4	50	u04-p050-s022	narrator	Where: Sunny Apple Farm	1
4	50	u04-p050-s009	narrator	When listening for details, pay attention to some words that help us follow the content, such as in the morning, in the afternoon and then.	9
4	50	u04-p050-s023	narrator	TIP	1
4	50	u04-p050-s024	narrator	When: October The bus leaves at a.m.	2
4	50	u04-p050-s026	narrator	and gets back at	1
4	50	u04-p050-s027	narrator	p.m.	1
4	50	u04-p050-s028	narrator	Activities for the day:	1
4	50	u04-p050-s029	narrator	In the morning:	1
4	50	u04-p050-s030	narrator	We watch a video and learn how to apples.	1
4	50	u04-p050-s031	narrator	In the afternoon:	1
4	50	u04-p050-s032	narrator	We have a about how to pick apples.	1
4	50	u04-p050-s033	narrator	We help the apples on the farm.	1
4	50	u04-p050-s034	narrator	We take some apples home and share them with.	1
4	51	u04-p051-s017	narrator	Unit 4	1
4	51	u04-p051-s002	narrator	Work in groups and talk about the topic.	2
4	51	u04-p051-s001	narrator	C Sandy and her classmates are talking about school field trips.	1
4	51	u04-p051-s003	narrator	Use the conversation below as a model.	1
4	51	u04-p051-s018	sandy	Sandy:	1
4	51	u04-p051-s004	sandy	What do you like about school field trips, Amyg	1
4	51	u04-p051-s005	amy	I love field trips because I like being outside.	1
4	51	u04-p051-s024	amy	It’s nice to get close to nature, and I can enjoy the peace and quiet there.	1
4	51	u04-p051-s019	amy	Amy:	1
4	51	u04-p051-s006	sandy	That’s true.	1
4	51	u04-p051-s025	sandy	And you, Simong	1
4	51	u04-p051-s020	sandy	Sandy:	1
4	51	u04-p051-s007	simon	I like the teamwork on the trips.	1
4	51	u04-p051-s026	simon	Everybody tries their best to make things better.	1
4	51	u04-p051-s021	simon	Simon:	1
4	51	u04-p051-s008	sandy	Yes, but sometimes field trips are too tiring for me.	1
4	51	u04-p051-s027	sandy	I like our class duties on Mondays.	1
4	51	u04-p051-s022	sandy	Sandy:	1
4	51	u04-p051-s028	sandy	It feels good to keep our school area clean.	1
4	51	u04-p051-s009	narrator	D Sunshine Middle School newsletter is inviting students to send in articles about their hands-on learning at school.	2
4	51	u04-p051-s010	narrator	D1 Answer the questions below with the information about your school.	1
4	51	u04-p051-s023	narrator	Learning by doing at my school	1
4	51	u04-p051-s011	narrator	1 What is itg	1
4	51	u04-p051-s012	narrator	2 How often does it take placeg	1
4	51	u04-p051-s013	narrator	3 When does it take placeg	1
4	51	u04-p051-s014	narrator	4 How many students take part in itg	1
4	51	u04-p051-s015	narrator	5 What do you usually dog	1
4	51	u04-p051-s016	narrator	6 What can you learn from itg	1
4	52	u04-p052-s023	narrator	Unit 4	1
4	52	u04-p052-s001	narrator	D2 Read Sandy’s article about her hands-on learning at school.	1
4	52	u04-p052-s022	narrator	Learning through chores	1
4	52	u04-p052-s024	narrator	In my class, we all work in groups and take turns to do different chores.	2
4	52	u04-p052-s003	narrator	My group works on Mondays.	1
4	52	u04-p052-s025	narrator	Usually, Simon	1
4	52	u04-p052-s026	narrator	cleans the windows, Daniel likes to sweep the floor, and I clean the blackboard and empty the bins.	2
4	52	u04-p052-s005	narrator	We have a “class farm”.	1
4	52	u04-p052-s027	narrator	I like to water the plants	1
4	52	u04-p052-s006	narrator	there.	1
4	52	u04-p052-s028	narrator	This helps me learn how to take care of plants.	2
4	52	u04-p052-s029	narrator	We each do something for our class and learn about teamwork through chores.	2
4	52	u04-p052-s030	narrator	We are happy to keep	1
4	52	u04-p052-s009	narrator	our classroom clean and tidy.	1
4	52	u04-p052-s010	narrator	D3 Write an article about hands-on learning at your school based on the information in Part D1.	2
4	52	u04-p052-s011	narrator	Use Sandy’s article as a model.	1
4	52	u04-p052-s031	narrator	Useful expressions	1
4	52	u04-p052-s012	narrator	My favourite chore/activity is …	1
4	52	u04-p052-s013	narrator	At my school, every student …	1
4	52	u04-p052-s014	narrator	I …	1
4	52	u04-p052-s015	narrator	in the morning/afternoon/evening.	1
4	52	u04-p052-s016	narrator	I like to …	1
4	52	u04-p052-s017	narrator	On Mondays/Tuesdays/…, I...	1
4	52	u04-p052-s018	narrator	This job/chore/activity helps me …	1
4	52	u04-p052-s019	narrator	We learn about …	1
4	52	u04-p052-s020	narrator	through …	1
4	52	u04-p052-s021	narrator	I like this chore/activity because …	1
4	53	u04-p053-s012	narrator	Unit 4	1
4	53	u04-p053-s013	narrator	Assessment	1
4	53	u04-p053-s014	narrator	What I can do	1
4	53	u04-p053-s015	narrator	Me	1
4	53	u04-p053-s016	narrator	Partner	1
4	53	u04-p053-s001	narrator	1 I can describe school life at Sunshine Middle School.	2
4	53	u04-p053-s002	narrator	2 I can use prepositions of time and adverbs of frequency correctly.	2
4	53	u04-p053-s003	narrator	3 I can talk and write about my school days with the new words in this unit.	2
4	53	u04-p053-s017	narrator	4 I can pronounce the sounds /ɑː/, /ɔː/, /iː/, /ɜː/, /uː/, /ʌ/, /ɒ/ and /ə/ correctly in words.	2
4	53	u04-p053-s005	narrator	5 I know how to enjoy school life.	1
4	53	u04-p053-s006	narrator	* Assess your learning of new words and grammar by doing the exercises on page 115.	1
4	53	u04-p053-s018	narrator	Result:	1
4	53	u04-p053-s019	narrator	Weak	1
4	53	u04-p053-s020	narrator	Good	1
4	53	u04-p053-s021	narrator	Wonderful	1
4	53	u04-p053-s007	narrator	I am good at.	2
4	53	u04-p053-s008	narrator	I need to spend more time on.	2
4	53	u04-p053-s022	narrator	My action plan:	1
4	53	u04-p053-s023	narrator	Further study	1
4	53	u04-p053-s009	narrator	one book, one pen, one child and one teacher can change the world.	1
4	53	u04-p053-s024	narrator	Let us remember:	1
4	53	u04-p053-s025	narrator	Teachers open the door, but you must enter by yourself.	1
4	53	u04-p053-s026	narrator	Tell me and I forget, teach me and I may remember, involve me and I learn.	1
4	53	u04-p053-s027	narrator	The beautiful thing about learning is that no one can take it away from you.	1
4	53	u04-p053-s010	narrator	There are many famous quotes and sayings about learning.	1
4	53	u04-p053-s011	narrator	Find more and discuss them with your classmates.	2
9	54	u09-p054-s001	narrator	Project 1	1
9	54	u09-p054-s002	narrator	A video about my new school life	1
9	54	u09-p054-s003	narrator	Each student in Class 1, Grade 7 at Sunshine Middle School plans to make a video about their new school life.	2
9	54	u09-p054-s004	narrator	They will show their videos to their family and friends.	2
9	54	u09-p054-s005	narrator	Your teacher wants you to do the same thing.	1
9	54	u09-p054-s006	narrator	A Plan	1
9	54	u09-p054-s007	narrator	1 Think about what you want to show about your new school life in the video.	1
9	54	u09-p054-s008	narrator	Use the table below to help you.	1
9	54	u09-p054-s009	narrator	Make notes of your answers.	1
9	54	u09-p054-s010	narrator	Questions	1
9	54	u09-p054-s011	narrator	Answers	1
9	54	u09-p054-s012	narrator	Your school:	1
9	54	u09-p054-s013	narrator	What is the name of your schoolg	1
9	54	u09-p054-s014	narrator	Is your school big or smallg	1
9	54	u09-p054-s015	narrator	What buildings and places are there at your schoolg	2
9	54	u09-p054-s016	narrator	dining hall gym library	1
9	54	u09-p054-s017	narrator	computer room playground	1
9	54	u09-p054-s018	narrator	lab school hall sports field	1
9	54	u09-p054-s019	narrator	other(s):	1
9	54	u09-p054-s020	narrator	What is your favourite place at your schoolg	2
9	54	u09-p054-s021	narrator	Whyg	1
9	54	u09-p054-s022	narrator	School life:	1
9	54	u09-p054-s023	narrator	What subject do you like bestg	1
9	54	u09-p054-s024	narrator	What do you do after schoolg	1
9	54	u09-p054-s025	narrator	What club(s) are you ing	1
9	54	u09-p054-s026	narrator	What club activities are you interested ing	1
9	54	u09-p054-s027	narrator	What school trip(s) do you have every yearg	1
9	54	u09-p054-s028	narrator	New friends at school:	1
9	54	u09-p054-s029	narrator	Who are theyg	1
9	54	u09-p054-s030	narrator	What are they likeg	1
9	54	u09-p054-s031	narrator	What are their hobbiesg	1
9	54	u09-p054-s032	narrator	Other:	1
9	55	u09-p055-s001	narrator	2 Decide the details of filming the video.	1
9	55	u09-p055-s002	narrator	I need Millie in my video.	2
9	55	u09-p055-s003	narrator	• When and where will you film the videog	1
9	55	u09-p055-s004	narrator	She likes reading.	2
9	55	u09-p055-s005	narrator	• What will you use to film the videog	1
9	55	u09-p055-s006	narrator	• Who and what do you need in your videog	1
9	55	u09-p055-s007	narrator	B Make	1
9	55	u09-p055-s008	narrator	Film your video	1
9	55	u09-p055-s009	narrator	• Check the lighting around you.	1
9	55	u09-p055-s010	narrator	Don’t film if it is too dark.	1
9	55	u09-p055-s011	narrator	• Hold the camera and point it at what you want to film.	1
9	55	u09-p055-s012	narrator	Hold it still to get a clear video.	2
9	55	u09-p055-s013	narrator	• Speak clearly and loudly so the audience can hear.	1
9	55	u09-p055-s014	narrator	• Film your video in short parts.	1
9	55	u09-p055-s015	narrator	This will make it easy to start again if you make a mistake.	2
9	55	u09-p055-s016	narrator	Edit your video	1
9	55	u09-p055-s017	narrator	My favourite place at school is the library.	2
9	55	u09-p055-s018	narrator	It's big and clean.	2
9	55	u09-p055-s019	narrator	It has lots of books.	1
9	55	u09-p055-s020	narrator	I like reading there.	1
9	55	u09-p055-s021	narrator	• Choose the best bits of what you have filmed and put them all together.	1
9	55	u09-p055-s022	narrator	• Make sure your video is the right length.	1
9	55	u09-p055-s023	narrator	• Choose a piece of music to add to the video.	1
9	55	u09-p055-s024	narrator	Lively music will make it more interesting for your audience.	2
9	55	u09-p055-s025	narrator	But don’t make the music too loud.	1
9	55	u09-p055-s026	narrator	C Share	1
9	55	u09-p055-s027	narrator	1 Share videos within your group and find out about other students’ life at school.	2
9	55	u09-p055-s028	narrator	2 Share your video with your friends and family.	1
5	56	u05-p056-s008	narrator	Unit	1
5	56	u05-p056-s001	narrator	A life without health is like a river without water.	1
5	56	u05-p056-s005	narrator	read about some students’ lifestyles;	1
5	56	u05-p056-s006	narrator	understand good and bad points of different lifestyles;	1
5	56	u05-p056-s009	narrator	In this unit, we will	2
5	56	u05-p056-s007	narrator	describe our own lifestyle;	1
5	56	u05-p056-s002	narrator	learn how to have a healthy lifestyle.	1
5	56	u05-p056-s003	narrator	A healthy lifestyle is very important for us.	1
5	56	u05-p056-s004	narrator	Let’s discuss our ideas about healthy ways of life.	2
5	57	u05-p057-s024	narrator	Unit 5	1
5	57	u05-p057-s025	narrator	Welcome to the unit	1
5	57	u05-p057-s026	narrator	All kinds of food	1
5	57	u05-p057-s002	narrator	Look at the pictures and put the food into the correct groups in the table below.	2
5	57	u05-p057-s001	narrator	A Here are some pictures of different foods.	1
5	57	u05-p057-s015	narrator	chicken	1
5	57	u05-p057-s016	narrator	milk	1
5	57	u05-p057-s017	narrator	cucumbers lemons	2
5	57	u05-p057-s018	narrator	chocolate watermelons	2
5	57	u05-p057-s019	narrator	peppers juice	2
5	57	u05-p057-s020	narrator	sweets	1
5	57	u05-p057-s021	narrator	beef pork	2
5	57	u05-p057-s022	narrator	carrots	1
5	57	u05-p057-s029	narrator	meat	1
5	57	u05-p057-s028	narrator	fruits	1
5	57	u05-p057-s030	narrator	snacks	1
5	57	u05-p057-s023	narrator	drinks	1
5	57	u05-p057-s027	narrator	vegetables	1
5	57	u05-p057-s004	narrator	Work in pairs and discuss what food you like to eat.	2
5	57	u05-p057-s003	narrator	B Millie and Daniel are talking about what food they like.	1
5	57	u05-p057-s005	narrator	Use the conversation below as a model.	1
5	57	u05-p057-s006	millie	I drink milk every day.	1
5	57	u05-p057-s038	millie	How about you, Danielg	1
5	57	u05-p057-s031	millie	Millie:	1
5	57	u05-p057-s007	daniel	Me too.	1
5	57	u05-p057-s040	daniel	It’s healthy for us to have milk and eggs often.	1
5	57	u05-p057-s039	daniel	I also like eggs.	1
5	57	u05-p057-s032	daniel	Daniel:	1
5	57	u05-p057-s008	daniel	We use “Me too” to show that we share the same feeling or opinion as the other person.	5
5	57	u05-p057-s033	daniel	TIP	1
5	57	u05-p057-s041	daniel	They’re good for us.	1
5	57	u05-p057-s009	millie	Yes.	1
5	57	u05-p057-s044	millie	Fish is good for our health.	1
5	57	u05-p057-s042	millie	I eat an egg every morning.	1
5	57	u05-p057-s043	millie	I also like fish.	1
5	57	u05-p057-s034	millie	Millie:	1
5	57	u05-p057-s010	daniel	I like meat.	1
5	57	u05-p057-s045	daniel	It’s delicious.	1
5	57	u05-p057-s035	daniel	Daniel:	1
5	57	u05-p057-s011	millie	What else do you often eatg	1
5	57	u05-p057-s036	millie	Millie:	1
5	57	u05-p057-s012	daniel	Carrots.	1
5	57	u05-p057-s046	daniel	They’re great for our eyes!	1
5	57	u05-p057-s037	daniel	Daniel:	1
5	57	u05-p057-s013	narrator	C What other foods do you knowg	1
5	57	u05-p057-s014	daniel	Write them down in the table of Part A.	1
5	58	u05-p058-s031	narrator	Unit 5	1
5	58	u05-p058-s032	narrator	Reading	1
5	58	u05-p058-s033	narrator	Lifestyle:	1
5	58	u05-p058-s001	narrator	healthy or notg	1
5	58	u05-p058-s002	narrator	Kitty and Daniel each posted an article about their lifestyles on the school website.	1
5	58	u05-p058-s003	narrator	Read their articles.	2
5	58	u05-p058-s004	narrator	Before reading, think about the questions below.	1
5	58	u05-p058-s005	narrator	1 Do you often exerciseg	1
5	58	u05-p058-s006	narrator	Why or why notg	1
5	58	u05-p058-s007	narrator	2 Do you think your lifestyle is healthyg	1
5	58	u05-p058-s008	narrator	Why or why notg	1
5	58	u05-p058-s009	narrator	I love dancing.	1
5	58	u05-p058-s010	narrator	I dance for half an hour every day.	2
5	58	u05-p058-s011	narrator	I get nine hours of sleep every night, so I am always full of energy.	2
5	58	u05-p058-s012	narrator	It is important for me to keep fit.	1
5	58	u05-p058-s013	narrator	I also have a healthy diet.	2
5	58	u05-p058-s014	narrator	I never go to school without breakfast.	1
5	58	u05-p058-s015	narrator	I often have a pancake and some milk.	1
5	58	u05-p058-s016	narrator	For lunch, I like fish, meat and tofu.	2
5	58	u05-p058-s017	narrator	I also eat lots of fruit and vegetables every day.	2
5	58	u05-p058-s018	narrator	I seldom eat cakes or sweets.	2
5	58	u05-p058-s019	narrator	Too much sugar is bad for our teeth.	1
5	58	u05-p058-s020	narrator	I am a homebody.	1
5	58	u05-p058-s022	narrator	I love beef and mutton, but I don’t eat a lot of vegetables.	2
5	58	u05-p058-s021	narrator	I don’t exercise very often.	1
5	58	u05-p058-s023	narrator	I have a sweet tooth and it is hard for me to say no to cakes.	2
5	58	u05-p058-s024	narrator	Sometimes I stay up late.	1
5	58	u05-p058-s025	narrator	My lifestyle is unhealthy.	1
5	58	u05-p058-s026	narrator	I want to change it.	2
5	58	u05-p058-s027	narrator	I need to get enough sleep.	2
5	58	u05-p058-s028	narrator	I plan to eat more fruit and vegetables and less sugar.	2
5	58	u05-p058-s029	narrator	Sport is good for my health too.	2
5	58	u05-p058-s030	narrator	I plan to go swimming every week.	2
5	59	u05-p059-s013	narrator	Unit 5	1
5	59	u05-p059-s001	narrator	A Complete the chart below about Kitty’s and Daniel’s lifestyles with the information in the articles.	2
5	59	u05-p059-s011	narrator	Two different lifestyles	1
5	59	u05-p059-s012	narrator	Healthy	1
5	59	u05-p059-s015	narrator	Does not	1
5	59	u05-p059-s026	narrator	often	1
5	59	u05-p059-s014	narrator	every day	1
5	59	u05-p059-s016	narrator	likes fish, meat and tofu	1
5	59	u05-p059-s017	narrator	loves	1
5	59	u05-p059-s018	narrator	eats lots of	1
5	59	u05-p059-s019	narrator	doesn’t eat many vegetables	1
5	59	u05-p059-s020	narrator	eats cakes	1
5	59	u05-p059-s021	narrator	can’t say no to cakes	1
5	59	u05-p059-s022	narrator	or sweets	1
5	59	u05-p059-s023	narrator	Gets enough	1
5	59	u05-p059-s024	narrator	Sometimes	1
5	59	u05-p059-s025	narrator	every night	1
5	59	u05-p059-s003	narrator	Write a T if a sentence is true or an F if it is false.	1
5	59	u05-p059-s004	narrator	Then correct the false one(s).	2
5	59	u05-p059-s002	narrator	B Read the two articles again.	1
5	59	u05-p059-s005	narrator	1 Kitty sometimes goes to school without breakfast.	1
5	59	u05-p059-s006	narrator	2 Kitty is always full of energy because she gets enough sleep.	1
5	59	u05-p059-s007	narrator	3 Daniel does not like to stay at home.	1
5	59	u05-p059-s008	narrator	4 Both Kitty and Daniel have a sweet tooth.	1
5	59	u05-p059-s009	narrator	5 Daniel has a healthy diet.	1
5	59	u05-p059-s010	narrator	6 Daniel plans to change his unhealthy lifestyle.	1
5	60	u05-p060-s017	narrator	Unit 5	1
5	60	u05-p060-s002	narrator	Complete the passage with the correct forms of the words and phrases in the box below.	2
5	60	u05-p060-s001	narrator	C Daniel is writing about his lifestyle.	1
5	60	u05-p060-s018	narrator	diet	1
5	60	u05-p060-s019	narrator	energy	1
5	60	u05-p060-s020	narrator	without	1
5	60	u05-p060-s021	narrator	lifestyle	1
5	60	u05-p060-s022	narrator	pancake	1
5	60	u05-p060-s023	narrator	stay up	1
5	60	u05-p060-s024	narrator	sugar	1
5	60	u05-p060-s025	narrator	have a sweet tooth	1
5	60	u05-p060-s026	narrator	It is important for us to live a healthy life, but my	1
5	60	u05-p060-s038	narrator	is	1
5	60	u05-p060-s003	narrator	a little unhealthy.	1
5	60	u05-p060-s004	narrator	I need to change it.	1
5	60	u05-p060-s039	narrator	for	1
5	60	u05-p060-s027	narrator	Breakfast is important because it gives us	1
5	60	u05-p060-s028	narrator	I should never go to school it.	1
5	60	u05-p060-s005	narrator	the morning.	1
5	60	u05-p060-s029	narrator	For	1
5	60	u05-p060-s030	narrator	breakfast, eggs, milk and are good.	1
5	60	u05-p060-s031	narrator	I like beef and	1
5	60	u05-p060-s006	narrator	mutton for lunch, but I also need to eat more fruit and vegetables.	1
5	60	u05-p060-s032	narrator	I	1
5	60	u05-p060-s040	narrator	but I should say no to sweets because too much is bad for our health.	2
5	60	u05-p060-s034	narrator	I like to stay at home, but I need to swim once a week or go for a walk every day to get enough exercise.	2
5	60	u05-p060-s035	narrator	To make sure I get enough sleep, I	1
5	60	u05-p060-s036	narrator	should not too late.	1
5	60	u05-p060-s041	narrator	do some exercise and get	1
5	60	u05-p060-s037	narrator	I need to have a good enough sleep every day.	2
5	60	u05-p060-s009	narrator	D Think about the questions below.	1
5	60	u05-p060-s010	narrator	Share your answers with your classmates.	1
5	60	u05-p060-s011	narrator	1 Is your diet healthyg	1
5	60	u05-p060-s012	narrator	Do you plan to keep or change itg	1
5	60	u05-p060-s013	narrator	Whyg	1
5	60	u05-p060-s014	narrator	2 Do you get enough sleep every nightg	1
5	60	u05-p060-s015	narrator	What should we do to have a good sleepg	1
5	60	u05-p060-s016	narrator	3 What else do you think is important for a healthy lifestyleg	1
5	61	u05-p061-s017	narrator	Unit 5	1
5	61	u05-p061-s018	narrator	Grammar	1
5	61	u05-p061-s019	narrator	Countable and uncountable nouns A countable noun refers to something we can count.	2
5	61	u05-p061-s002	narrator	Here are some examples.	1
5	61	u05-p061-s020	narrator	Countable nouns (singular)	1
5	61	u05-p061-s021	narrator	Countable nouns (plural)	1
5	61	u05-p061-s022	narrator	an apple a carrot	2
5	61	u05-p061-s024	narrator	a cake	1
5	61	u05-p061-s025	narrator	two apples	1
5	61	u05-p061-s026	narrator	six carrots	1
5	61	u05-p061-s027	narrator	ten cakes	1
5	61	u05-p061-s003	narrator	We use a or an before a singular countable noun.	1
5	61	u05-p061-s004	narrator	If the noun starts with a vowel sound, we use an.	2
5	61	u05-p061-s028	narrator	More examples:	1
5	61	u05-p061-s005	narrator	a banana.	2
5	61	u05-p061-s029	narrator	TIP	1
5	61	u05-p061-s030	narrator	an hour	1
5	61	u05-p061-s006	narrator	cake.	1
5	61	u05-p061-s031	narrator	a unit	1
5	61	u05-p061-s032	narrator	I want to eat	1
5	61	u05-p061-s007	narrator	an orange.	2
5	61	u05-p061-s008	narrator	egg.	1
5	61	u05-p061-s009	narrator	To form the plural of most countable nouns, we add -s to the singular form.	1
5	61	u05-p061-s010	narrator	However, there are some exceptions.	1
5	61	u05-p061-s033	narrator	Most nouns	1
5	61	u05-p061-s034	narrator	s	1
5	61	u05-p061-s036	narrator	cakes	1
5	61	u05-p061-s035	narrator	cake	1
5	61	u05-p061-s037	narrator	Nouns ending in a consonant + y	1
5	61	u05-p061-s038	narrator	y + ies	1
5	61	u05-p061-s040	narrator	stories	1
5	61	u05-p061-s039	narrator	story	1
5	61	u05-p061-s011	narrator	Turn to page 144 for changes in pronunciation.	4
5	61	u05-p061-s042	narrator	buses	1
5	61	u05-p061-s041	narrator	bus	1
5	61	u05-p061-s043	narrator	TIP	1
5	61	u05-p061-s045	narrator	wishes	1
5	61	u05-p061-s044	narrator	wish	1
5	61	u05-p061-s046	narrator	Nouns ending in -s, -sh, -ch or -x	1
5	61	u05-p061-s047	narrator	es	1
5	61	u05-p061-s049	narrator	matches	1
5	61	u05-p061-s048	narrator	match	1
5	61	u05-p061-s051	narrator	boxes	1
5	61	u05-p061-s050	narrator	box	1
5	61	u05-p061-s013	narrator	photos potatoes tomatoes	3
5	61	u05-p061-s012	narrator	photo potato tomato	3
5	61	u05-p061-s052	narrator	Nouns ending in -o	1
5	61	u05-p061-s053	narrator	s or + es	1
5	61	u05-p061-s015	narrator	halves lives	2
5	61	u05-p061-s054	narrator	f/fe + ves half	1
5	61	u05-p061-s055	narrator	Nouns ending in -f or -fe	1
5	61	u05-p061-s014	narrator	life	1
5	61	u05-p061-s056	narrator	man	1
5	61	u05-p061-s057	narrator	men	1
5	61	u05-p061-s058	narrator	woman	1
5	61	u05-p061-s059	narrator	women	1
5	61	u05-p061-s060	narrator	foot	1
5	61	u05-p061-s061	narrator	feet	1
5	61	u05-p061-s016	narrator	Some other nouns	1
5	61	u05-p061-s062	narrator	tooth	1
5	61	u05-p061-s063	narrator	teeth	1
5	61	u05-p061-s064	narrator	child	1
5	61	u05-p061-s065	narrator	children	1
5	61	u05-p061-s066	narrator	sheep	1
5	61	u05-p061-s067	narrator	sheep	1
5	62	u05-p062-s017	narrator	Unit 5	1
5	62	u05-p062-s001	narrator	An uncountable noun refers to something we cannot count.	1
5	62	u05-p062-s018	narrator	We show the	1
5	62	u05-p062-s019	narrator	amount of uncountable nouns like this:	1
5	62	u05-p062-s020	narrator	cheese	1
5	62	u05-p062-s022	narrator	soup	1
5	62	u05-p062-s021	narrator	water	1
5	62	u05-p062-s023	narrator	salt	1
5	62	u05-p062-s024	narrator	a piece of cheese a glass of water	2
5	62	u05-p062-s026	narrator	a bowl of soup	1
5	62	u05-p062-s027	narrator	a packet of salt	1
5	62	u05-p062-s007	narrator	milk five cartons	2
5	62	u05-p062-s008	narrator	juice six bottles	2
5	62	u05-p062-s009	narrator	rice two bags	2
5	62	u05-p062-s010	narrator	tea three cups	2
5	62	u05-p062-s011	narrator	meat four kilos	2
5	62	u05-p062-s012	narrator	of milk	1
5	62	u05-p062-s013	narrator	of juice	1
5	62	u05-p062-s014	narrator	of rice	1
5	62	u05-p062-s015	narrator	of tea	1
5	62	u05-p062-s016	narrator	of meat	1
5	62	u05-p062-s028	narrator	We can use numbers or the article (a/an) with	1
5	62	u05-p062-s029	narrator	(countable, uncountable) nouns.	1
5	62	u05-p062-s030	narrator	We cannot use numbers with	1
5	62	u05-p062-s047	narrator	(countable,	1
5	62	u05-p062-s031	narrator	uncountable) nouns.	1
5	62	u05-p062-s003	narrator	Complete their conversation with the help of the pictures.	2
5	62	u05-p062-s002	narrator	A Millie and Simon are talking about food for a class party.	1
5	62	u05-p062-s004	millie	What food do we need for our class party, Simong	1
5	62	u05-p062-s032	millie	Millie:	1
5	62	u05-p062-s048	simon	Let’s get some	1
5	62	u05-p062-s033	simon	Simon:	1
5	62	u05-p062-s034	simon	some	1
5	62	u05-p062-s035	simon	and some	1
5	62	u05-p062-s038	millie	Maybe we should get some	1
5	62	u05-p062-s037	millie	Sounds good.	1
5	62	u05-p062-s039	millie	and	1
5	62	u05-p062-s036	millie	Millie:	1
5	62	u05-p062-s040	millie	too!	1
5	62	u05-p062-s049	simon	I like that idea!	1
5	62	u05-p062-s041	simon	Simon:	1
5	62	u05-p062-s042	simon	And for people with a sweet tooth, we can also get some	1
5	62	u05-p062-s043	simon	and	1
5	62	u05-p062-s005	millie	OK.	1
5	62	u05-p062-s050	millie	Now, what about drinksg	1
5	62	u05-p062-s044	millie	Millie:	1
5	62	u05-p062-s051	simon	Hmm, we need	1
5	62	u05-p062-s045	simon	Simon:	1
5	62	u05-p062-s046	simon	and 10	1
5	62	u05-p062-s006	narrator	B Talk with your partner about what food you need for a class party, using countable and uncountable nouns.	2
5	63	u05-p063-s051	narrator	Unit 5	1
5	63	u05-p063-s052	narrator	Pronunciation	1
5	63	u05-p063-s053	narrator	Consonants (II)	1
5	63	u05-p063-s001	narrator	Read the following groups of words.	1
5	63	u05-p063-s002	narrator	Pay attention to the sounds of the letters in bold in each group.	2
5	63	u05-p063-s015	narrator	family	1
5	63	u05-p063-s016	narrator	very	1
5	63	u05-p063-s017	narrator	short	1
5	63	u05-p063-s018	narrator	usually	1
5	63	u05-p063-s019	narrator	think	1
5	63	u05-p063-s020	narrator	there	1
5	63	u05-p063-s021	narrator	seldom	1
5	63	u05-p063-s022	narrator	zoo	1
5	63	u05-p063-s023	narrator	often	1
5	63	u05-p063-s024	narrator	over	1
5	63	u05-p063-s025	narrator	fish	1
5	63	u05-p063-s026	narrator	television	1
5	63	u05-p063-s027	narrator	both	1
5	63	u05-p063-s028	narrator	father	1
5	63	u05-p063-s029	narrator	nice	1
5	63	u05-p063-s030	narrator	always	1
5	63	u05-p063-s031	narrator	try	1
5	63	u05-p063-s032	narrator	draw	1
5	63	u05-p063-s033	narrator	children	1
5	63	u05-p063-s034	narrator	juice	1
5	63	u05-p063-s035	narrator	starts	1
5	63	u05-p063-s036	narrator	reads	1
5	63	u05-p063-s037	narrator	travel	1
5	63	u05-p063-s038	narrator	dream	1
5	63	u05-p063-s039	narrator	match	1
5	63	u05-p063-s040	narrator	gym	1
5	63	u05-p063-s041	narrator	sports	1
5	63	u05-p063-s042	narrator	friends	1
5	63	u05-p063-s003	narrator	A Read the words below.	1
5	63	u05-p063-s004	narrator	Pay attention to the different sounds of the letters in bold.	1
5	63	u05-p063-s057	narrator	jump	1
5	63	u05-p063-s054	narrator	food	1
5	63	u05-p063-s055	narrator	they	1
5	63	u05-p063-s056	narrator	swim	1
5	63	u05-p063-s043	narrator	chicken	1
5	63	u05-p063-s044	narrator	vegetable	1
5	63	u05-p063-s045	narrator	thirty	1
5	63	u05-p063-s046	narrator	zoo	1
5	63	u05-p063-s058	narrator	usually	1
5	63	u05-p063-s059	narrator	drink	1
5	63	u05-p063-s060	narrator	see	1
5	63	u05-p063-s061	narrator	foods	1
5	63	u05-p063-s047	narrator	sure	1
5	63	u05-p063-s048	narrator	tree	1
5	63	u05-p063-s049	narrator	zero	1
5	63	u05-p063-s050	narrator	fruits	1
5	63	u05-p063-s006	narrator	Write an S in the box if the pair’s letters in bold have the same sound.	2
5	63	u05-p063-s005	narrator	B Read the pairs of words below.	1
5	63	u05-p063-s007	narrator	Write a D if they do not.	1
5	63	u05-p063-s062	narrator	wait	1
5	63	u05-p063-s063	narrator	visit	1
5	63	u05-p063-s064	narrator	mouth	1
5	63	u05-p063-s065	narrator	south	1
5	63	u05-p063-s066	narrator	tree	1
5	63	u05-p063-s067	narrator	driver	1
5	63	u05-p063-s068	narrator	thing	1
5	63	u05-p063-s069	narrator	sing	1
5	63	u05-p063-s070	narrator	thin	1
5	63	u05-p063-s071	narrator	think	1
5	63	u05-p063-s072	narrator	nurse	1
5	63	u05-p063-s073	narrator	nose	1
5	63	u05-p063-s074	narrator	just	1
5	63	u05-p063-s075	narrator	juice	1
5	63	u05-p063-s076	narrator	wash	1
5	63	u05-p063-s077	narrator	watch	1
5	63	u05-p063-s078	narrator	coats	1
5	63	u05-p063-s079	narrator	cards	1
5	63	u05-p063-s080	narrator	this	1
5	63	u05-p063-s081	narrator	these	1
5	63	u05-p063-s082	narrator	chair	1
5	63	u05-p063-s083	narrator	shout	1
5	63	u05-p063-s084	narrator	shoe	1
5	63	u05-p063-s085	narrator	shop	1
5	63	u05-p063-s008	narrator	C Practise saying the following sentences.	1
5	63	u05-p063-s009	narrator	1 She usually watches television on Saturday evenings.	1
5	63	u05-p063-s010	narrator	2 There are three toy trains beside the tree.	1
5	63	u05-p063-s011	narrator	3 One hundred children have one hundred dreams.	1
5	63	u05-p063-s012	narrator	4 The fruits on the farm are very fresh.	1
5	63	u05-p063-s013	narrator	5 Jack likes cheese and orange juice.	1
5	63	u05-p063-s014	narrator	6 Suzy likes painting plants and fruits with her friends.	1
5	64	u05-p064-s038	narrator	Unit 5	1
5	64	u05-p064-s039	narrator	Integration	1
5	64	u05-p064-s001	narrator	A questionnaire is a set of written questions to gather information about a topic.	3
5	64	u05-p064-s040	narrator	TIP	1
5	64	u05-p064-s036	narrator	My lifestyle	1
5	64	u05-p064-s003	narrator	Read the questions and tick the correct boxes to show your lifestyle.	2
5	64	u05-p064-s002	narrator	A The Class 1, Grade 7 students are doing a questionnaire on lifestyle.	1
5	64	u05-p064-s004	narrator	1 How often do you go to school without breakfastg	1
5	64	u05-p064-s037	narrator	You Benny	1
5	64	u05-p064-s005	narrator	a Often.	1
5	64	u05-p064-s006	narrator	b Seldom.	1
5	64	u05-p064-s007	narrator	c Never.	1
5	64	u05-p064-s008	narrator	2 How often do you have foods like eggs, milk and meatg	1
5	64	u05-p064-s009	narrator	a Less than 3 times a week.	1
5	64	u05-p064-s010	narrator	b 3–4 times a week.	1
5	64	u05-p064-s011	narrator	c Every day.	1
5	64	u05-p064-s012	narrator	3 How often do you eat fruit and vegetablesg	1
5	64	u05-p064-s013	narrator	a Seldom.	1
5	64	u05-p064-s014	narrator	b Sometimes.	1
5	64	u05-p064-s015	narrator	c Almost every day.	1
5	64	u05-p064-s016	narrator	4 How much water do you drink every dayg	1
5	64	u05-p064-s017	narrator	a Less than 3 glasses.	1
5	64	u05-p064-s018	narrator	b 5–6 glasses.	1
5	64	u05-p064-s019	narrator	c About 8 glasses.	1
5	64	u05-p064-s020	narrator	5 How often do you eat unhealthy food like chipsg	1
5	64	u05-p064-s021	narrator	a Almost every day.	1
5	64	u05-p064-s022	narrator	b Sometimes.	1
5	64	u05-p064-s023	narrator	c Seldom.	1
5	64	u05-p064-s024	narrator	6 How often do you exerciseg	1
5	64	u05-p064-s025	narrator	a Less than 3 times a week.	1
5	64	u05-p064-s026	narrator	b 3–5 times a week.	1
5	64	u05-p064-s027	narrator	c Almost every day.	1
5	64	u05-p064-s028	narrator	7 How long do you sleep every nightg	1
5	64	u05-p064-s029	narrator	a Less than 8 hours.	1
5	64	u05-p064-s030	narrator	b 8–9 hours.	1
5	64	u05-p064-s031	narrator	c More than 9 hours.	1
5	64	u05-p064-s032	narrator	8 How much time do you spend on your computer, smartphone or tablet every dayg	2
5	64	u05-p064-s033	narrator	a More than 2 hours.	1
5	64	u05-p064-s034	narrator	b About 1 hour.	1
5	64	u05-p064-s035	narrator	c Less than 1 hour.	1
5	65	u05-p065-s022	narrator	Unit 5	1
5	65	u05-p065-s002	narrator	Read the questionnaire and tick the correct boxes to show Benny’s lifestyle.	2
5	65	u05-p065-s001	narrator	B1 Listen to an interview with Benny.	1
5	65	u05-p065-s003	narrator	B2 Add up the points you and Benny each get and see how healthy your lifestyles are.	1
5	65	u05-p065-s023	narrator	points:	1
5	65	u05-p065-s004	narrator	Your lifestyle is not healthy.	1
5	65	u05-p065-s005	narrator	You need to eat in a healthy way, exercise more or get more sleep.	2
5	65	u05-p065-s024	narrator	Scores:	1
5	65	u05-p065-s025	narrator	a = 1 point	1
5	65	u05-p065-s027	narrator	points:	1
5	65	u05-p065-s006	narrator	Your lifestyle is OK, but you need to make some changes to your diet, exercise or sleep.	2
5	65	u05-p065-s026	narrator	b = 2 points	1
5	65	u05-p065-s028	narrator	c = 3 points	1
5	65	u05-p065-s029	narrator	points:	1
5	65	u05-p065-s007	narrator	Your lifestyle is healthy.	1
5	65	u05-p065-s008	narrator	Very good!	1
5	65	u05-p065-s030	narrator	Your score:	1
5	65	u05-p065-s031	narrator	Benny’s score:	1
5	65	u05-p065-s009	narrator	C Millie and Simon are talking about breakfast.	1
5	65	u05-p065-s010	narrator	Work in pairs and talk about the topic.	1
5	65	u05-p065-s011	narrator	Use the conversation below as a model.	1
5	65	u05-p065-s012	simon	What do you eat for breakfast, Millieg	1
5	65	u05-p065-s032	simon	Simon:	1
5	65	u05-p065-s013	millie	I usually have some bread, milk and an egg each morning.	1
5	65	u05-p065-s042	millie	Sometimes I eat an apple or a banana after morning exercises.	1
5	65	u05-p065-s033	millie	Millie:	1
5	65	u05-p065-s014	simon	Good idea.	1
5	65	u05-p065-s044	simon	I usually have an egg and some pancakes or baozi.	1
5	65	u05-p065-s043	simon	I seldom eat fruit, but I have a big meal for breakfast.	1
5	65	u05-p065-s034	simon	Simon:	1
5	65	u05-p065-s045	simon	My mum also cooks delicious porridge.	1
5	65	u05-p065-s046	simon	I eat some meat and vegetables too.	1
5	65	u05-p065-s015	millie	Sounds great!	1
5	65	u05-p065-s048	millie	It gives us energy for the whole morning.	1
5	65	u05-p065-s047	millie	Breakfast is an important meal.	1
5	65	u05-p065-s035	millie	Millie:	1
5	65	u05-p065-s016	simon	That’s true.	1
5	65	u05-p065-s049	simon	We should never miss breakfast.	1
5	65	u05-p065-s036	simon	Simon:	1
5	65	u05-p065-s017	narrator	D Mr Wu asked the Class 1, Grade 7 students to write an article about their lifestyles.	1
5	65	u05-p065-s018	narrator	D1 Complete the outline below with your own information.	1
5	65	u05-p065-s019	narrator	My lifestyle Diet For breakfast:	3
5	65	u05-p065-s038	narrator	For lunch:	1
5	65	u05-p065-s039	narrator	For dinner:	1
5	65	u05-p065-s040	narrator	Every day, I eat/drink:	1
5	65	u05-p065-s041	narrator	I seldom eat/drink:	1
5	65	u05-p065-s020	narrator	Exercise	1
5	65	u05-p065-s021	narrator	Sleep	1
5	66	u05-p066-s030	narrator	Unit 5	1
5	66	u05-p066-s001	narrator	D2 Read Amy’s article about her lifestyle.	1
5	66	u05-p066-s002	narrator	When finishing writing, remember to check for spelling and grammar mistakes.	3
5	66	u05-p066-s031	narrator	TIP	1
5	66	u05-p066-s003	narrator	Make sure your punctuation is correct.	2
5	66	u05-p066-s029	narrator	My lifestyle	1
5	66	u05-p066-s032	narrator	For me, a healthy lifestyle is all about a healthy diet, enough exercise and rest.	2
5	66	u05-p066-s005	narrator	For breakfast, I usually have a pie and an egg.	1
5	66	u05-p066-s033	narrator	For lunch, I have	1
5	66	u05-p066-s006	narrator	rice, meat and vegetables.	1
5	66	u05-p066-s007	narrator	I also have a yogurt between meals.	1
5	66	u05-p066-s034	narrator	My mum likes to cook noodles in different ways, so I often eat noodles for dinner.	2
5	66	u05-p066-s009	narrator	I do sport almost every day.	1
5	66	u05-p066-s010	narrator	Sport helps me keep fit.	1
5	66	u05-p066-s011	narrator	I sleep for about 9 hours most nights.	1
5	66	u05-p066-s035	narrator	A good night’s sleep gives	1
5	66	u05-p066-s012	narrator	me lots of energy for the next day.	1
5	66	u05-p066-s013	narrator	I can stay fit with a healthy lifestyle.	1
5	66	u05-p066-s015	narrator	Use Amy’s article as a model.	2
5	66	u05-p066-s014	narrator	D3 Write an article about your lifestyle based on the information in Part D1.	1
5	66	u05-p066-s036	narrator	Useful expressions	1
5	66	u05-p066-s016	narrator	I have a(n) healthy/unhealthy lifestyle.	1
5	66	u05-p066-s017	narrator	I dance/swim/play volleyball/… every day.	2
5	66	u05-p066-s019	narrator	This helps me …	1
5	66	u05-p066-s020	narrator	I often … to keep fit.	2
5	66	u05-p066-s022	narrator	For breakfast/lunch/dinner, I always/usually/sometimes have …	1
5	66	u05-p066-s023	narrator	I love fruit/vegetables/meat/fish/...	1
5	66	u05-p066-s024	narrator	is good/healthy for us.	1
5	66	u05-p066-s025	narrator	I plan to eat/drink more …	1
5	66	u05-p066-s026	narrator	I sleep for … hours most nights.	2
5	66	u05-p066-s028	narrator	I never/sometimes/often stay up late at night.	1
5	67	u05-p067-s014	narrator	Unit 5	1
5	67	u05-p067-s015	narrator	Assessment	1
5	67	u05-p067-s016	narrator	What I can do	1
5	67	u05-p067-s017	narrator	Me	1
5	67	u05-p067-s018	narrator	Partner	1
5	67	u05-p067-s001	narrator	1 I can describe the lifestyles of different students at Sunshine Middle School.	2
5	67	u05-p067-s002	narrator	2 I can use countable and uncountable nouns correctly.	2
5	67	u05-p067-s003	narrator	3 I can talk and write about my lifestyle with the new words in this unit.	2
5	67	u05-p067-s019	narrator	4 I can pronounce the consonant sounds /f/, /v/, /θ/, /ð/, /s/, /z/, /tr/, /dr/, /ʃ/, /ʒ/, /ts/ and /dz/ correctly in words.	3
5	67	u05-p067-s005	narrator	5 I understand how to have a healthy lifestyle.	1
5	67	u05-p067-s006	narrator	* Assess your learning of new words and grammar by doing the exercises on page 118.	1
5	67	u05-p067-s020	narrator	Result:	1
5	67	u05-p067-s021	narrator	Weak	1
5	67	u05-p067-s022	narrator	Good	1
5	67	u05-p067-s023	narrator	Wonderful	1
5	67	u05-p067-s007	narrator	I am good at.	2
5	67	u05-p067-s008	narrator	I need to spend more time on.	2
5	67	u05-p067-s024	narrator	My action plan:	1
5	67	u05-p067-s025	narrator	Further study	1
5	67	u05-p067-s009	narrator	China is a big country.	1
5	67	u05-p067-s026	narrator	Different parts of China have different styles of cooking, for example, Sichuan, Guangdong, Shandong, Jiangsu and Hunan cuisines.	4
5	67	u05-p067-s029	narrator	Which one is your favouriteg	2
5	67	u05-p067-s030	narrator	Pick one and try to learn more about its history and famous dishes.	2
5	67	u05-p067-s013	narrator	Then share with your classmates.	1
6	68	u06-p068-s008	narrator	Unit	1
6	68	u06-p068-s001	narrator	Dressing is a way of life.	1
6	68	u06-p068-s005	narrator	read about how to choose the right colours to wear;	1
6	68	u06-p068-s006	narrator	get to know about different types of clothes;	1
6	68	u06-p068-s009	narrator	In this unit, we will	2
6	68	u06-p068-s007	narrator	describe the features of clothes;	1
6	68	u06-p068-s002	narrator	learn about the culture behind clothes.	1
6	68	u06-p068-s003	narrator	It is the Fashion Week at Sunshine Middle School.	1
6	68	u06-p068-s004	narrator	Let’s talk about our favourite colours and ways of dressing.	2
6	69	u06-p069-s015	narrator	Unit 6	1
6	69	u06-p069-s016	narrator	Welcome to the unit	1
6	69	u06-p069-s013	narrator	Learning about clothes	1
6	69	u06-p069-s002	narrator	Look at the pictures and write down what they are wearing in the boxes.	2
6	69	u06-p069-s001	narrator	A The Class 1, Grade 7 students are ready for a school fashion show.	1
6	69	u06-p069-s017	narrator	blouse	1
6	69	u06-p069-s018	narrator	dress	1
6	69	u06-p069-s019	narrator	jacket	1
6	69	u06-p069-s020	narrator	jeans	1
6	69	u06-p069-s021	narrator	scarf	1
6	69	u06-p069-s022	narrator	shirt	1
6	69	u06-p069-s023	narrator	shorts	1
6	69	u06-p069-s024	narrator	skirt	1
6	69	u06-p069-s025	narrator	sweater	1
6	69	u06-p069-s026	narrator	tie	1
6	69	u06-p069-s027	narrator	trousers	1
6	69	u06-p069-s028	narrator	T-shirt	1
6	69	u06-p069-s004	narrator	Work in pairs and talk about the topic.	2
6	69	u06-p069-s003	narrator	B Sandy and Simon are talking about their favourite colours.	1
6	69	u06-p069-s005	narrator	Use the conversation below as a model.	1
6	69	u06-p069-s006	sandy	What colours do you like for your clothes, Simong	2
6	69	u06-p069-s029	sandy	Sandy:	1
6	69	u06-p069-s030	sandy	Yellow: sun, light, happy	1
6	69	u06-p069-s031	sandy	Green: nature, new life	1
6	69	u06-p069-s007	simon	I like warm colours like red and orange.	1
6	69	u06-p069-s032	simon	Simon:	1
6	69	u06-p069-s036	simon	They make me feel happy.	1
6	69	u06-p069-s014	simon	Red: energy, love	2
6	69	u06-p069-s008	sandy	That sounds nice.	1
6	69	u06-p069-s033	sandy	Sandy:	1
6	69	u06-p069-s009	simon	What are your favourite colours, Sandyg	1
6	69	u06-p069-s034	simon	Simon:	1
6	69	u06-p069-s010	sandy	I love cool colours like blue.	1
6	69	u06-p069-s037	sandy	They make me feel calm.	1
6	69	u06-p069-s035	sandy	Sandy:	1
6	69	u06-p069-s011	narrator	C There is a fashion show at your school.	1
6	69	u06-p069-s012	sandy	What do you want to wear for itg	1
6	70	u06-p070-s019	narrator	Unit 6	1
6	70	u06-p070-s020	narrator	Reading	1
6	70	u06-p070-s021	narrator	Choosing the right colour	1
6	70	u06-p070-s001	narrator	Sunshine Middle School invited Ms Li, a fashion designer, to advise students on choosing the right colour to wear.	2
6	70	u06-p070-s003	narrator	Before reading, think about the questions below.	2
6	70	u06-p070-s002	narrator	Here is the interview script.	1
6	70	u06-p070-s004	narrator	1 Do you think colour matching is importantg	1
6	70	u06-p070-s005	narrator	Why or why notg	1
6	70	u06-p070-s006	narrator	2 What questions about colours do you have for a fashion designerg	1
6	70	u06-p070-s007	kitty	Good morning, Ms Li.	1
6	70	u06-p070-s034	kitty	May I ask you some questions about colours in fashiong	1
6	70	u06-p070-s022	kitty	Kitty:	1
6	70	u06-p070-s008	kitty	We may better understand a text with the help of words like such as, for example or in fact.	3
6	70	u06-p070-s023	kitty	TIP	1
6	70	u06-p070-s009	ms li	Sure.	1
6	70	u06-p070-s024	ms li	Ms Li:	1
6	70	u06-p070-s010	kitty	How can we choose the right colours to wearg	1
6	70	u06-p070-s035	kitty	Could you give us some adviceg	1
6	70	u06-p070-s025	kitty	Kitty:	1
6	70	u06-p070-s011	ms li	Well, it depends on the colour of our skin.	1
6	70	u06-p070-s036	ms li	Some people look good in warm colours, like yellow, red and orange, but other people look nice in cool colours, such as green, blue and purple.	1
6	70	u06-p070-s026	ms li	Ms Li:	1
6	70	u06-p070-s012	kitty	Which colours go well togetherg	1
6	70	u06-p070-s027	kitty	Kitty:	1
6	70	u06-p070-s013	ms li	Try to pick similar colours.	1
6	70	u06-p070-s037	ms li	For example, wear dark blue jeans with a light blue blouse or T-shirt.	1
6	70	u06-p070-s028	ms li	Ms Li:	1
6	70	u06-p070-s014	kitty	OK, but can we mix warm and cool coloursg	1
6	70	u06-p070-s029	kitty	Kitty:	1
6	70	u06-p070-s015	ms li	Yes.	1
6	70	u06-p070-s038	ms li	In fact, warm and cool colours make each other stand out, such as yellow and green or orange and blue.	1
6	70	u06-p070-s030	ms li	Ms Li:	1
6	70	u06-p070-s039	ms li	But don’t wear more than three colours at one time.	1
6	70	u06-p070-s016	kitty	What colours match allg	1
6	70	u06-p070-s031	kitty	Kitty:	1
6	70	u06-p070-s017	ms li	Black, white and grey go well with any colour.	1
6	70	u06-p070-s032	ms li	Ms Li:	1
6	70	u06-p070-s040	ms li	They’re suitable for both formal suits and casual clothes.	1
6	70	u06-p070-s018	kitty	Thanks for your advice, Ms Li.	1
6	70	u06-p070-s033	kitty	Kitty:	1
6	71	u06-p071-s013	narrator	Unit 6	1
6	71	u06-p071-s001	narrator	A Kitty is making some notes about Ms Li’s talk.	1
6	71	u06-p071-s002	narrator	Complete her notes below.	1
6	71	u06-p071-s014	narrator	how to choose	1
6	71	u06-p071-s015	narrator	depends on the colour of your	2
6	71	u06-p071-s012	narrator	Colours in fashion	2
6	71	u06-p071-s017	narrator	pick	1
6	71	u06-p071-s018	narrator	how to match	1
6	71	u06-p071-s019	narrator	Mix	1
6	71	u06-p071-s023	narrator	colours	1
6	71	u06-p071-s020	narrator	colours	1
6	71	u06-p071-s021	narrator	Black, white and	1
6	71	u06-p071-s022	narrator	match any colour	1
6	71	u06-p071-s004	narrator	Write a T if a sentence is true or an F if it is false.	1
6	71	u06-p071-s003	narrator	B Read the interview script again.	1
6	71	u06-p071-s005	narrator	Then correct the false one(s).	1
6	71	u06-p071-s006	narrator	1 Ms Li knows a lot about colours in fashion.	1
6	71	u06-p071-s007	narrator	2 Both orange and green are warm colours.	1
6	71	u06-p071-s008	narrator	3 Dark blue trousers do not go well with a blue T-shirt.	1
6	71	u06-p071-s009	narrator	4 People should wear more than three colours at one time.	1
6	71	u06-p071-s010	narrator	5 Green and yellow go together well.	1
6	71	u06-p071-s011	narrator	6 Grey is a good colour for both casual and formal clothes.	1
6	72	u06-p072-s018	narrator	Unit 6	1
6	72	u06-p072-s002	narrator	Complete her article with the correct forms of the words and phrases in the box below.	2
6	72	u06-p072-s001	narrator	C Ms Li is writing some advice about dressing for special days.	1
6	72	u06-p072-s019	narrator	advice	1
6	72	u06-p072-s020	narrator	choose	1
6	72	u06-p072-s021	narrator	fashion	1
6	72	u06-p072-s022	narrator	suitable for	1
6	72	u06-p072-s023	narrator	mix	1
6	72	u06-p072-s024	narrator	similar	1
6	72	u06-p072-s025	narrator	suit	1
6	72	u06-p072-s026	narrator	go well with	1
6	72	u06-p072-s027	narrator	Dressing for special days	1
6	72	u06-p072-s003	narrator	On special days, you need to wear the right clothes.	1
6	72	u06-p072-s028	narrator	Learning	1
6	72	u06-p072-s029	narrator	something about helps.	1
6	72	u06-p072-s030	narrator	Here is some	1
6	72	u06-p072-s031	narrator	about getting dressed on these days.	1
6	72	u06-p072-s016	narrator	Field trip	1
6	72	u06-p072-s032	narrator	For a school field trip, you should wear comfortable clothes and	1
6	72	u06-p072-s033	narrator	They are	1
6	72	u06-p072-s004	narrator	shoes, like a T-shirt, jeans and sports shoes.	1
6	72	u06-p072-s005	narrator	lots of activities.	1
6	72	u06-p072-s006	narrator	Do not wear skirts or dresses.	1
6	72	u06-p072-s017	narrator	Formal event To go to a formal event, you should	2
6	72	u06-p072-s043	narrator	some nice	1
6	72	u06-p072-s035	narrator	It is best not to two quite different colours.	1
6	72	u06-p072-s007	narrator	clothes.	1
6	72	u06-p072-s036	narrator	You can wear clothes of colours.	1
6	72	u06-p072-s037	narrator	For example, a light	1
6	72	u06-p072-s038	narrator	green blouse and a dark green skirt each other.	1
6	72	u06-p072-s039	narrator	You	1
6	72	u06-p072-s040	narrator	can also wear a or a dress.	1
6	72	u06-p072-s041	narrator	They are perfect for a	1
6	72	u06-p072-s008	narrator	formal dinner or meeting.	1
6	72	u06-p072-s009	narrator	D Think about the questions below.	1
6	72	u06-p072-s010	narrator	Share your answers with your classmates.	1
6	72	u06-p072-s011	narrator	1 Which piece of advice from Ms Li do you think is the most usefulg	1
6	72	u06-p072-s042	narrator	Give an	1
6	72	u06-p072-s012	narrator	example.	1
6	72	u06-p072-s013	narrator	2 Do you look better in warm colours or cool coloursg	1
6	72	u06-p072-s014	narrator	Whyg	1
6	72	u06-p072-s015	narrator	3 What other advice do you have about fashiong	1
6	73	u06-p073-s029	narrator	Unit 6	1
6	73	u06-p073-s030	narrator	Grammar	1
6	73	u06-p073-s028	narrator	Asking questions	1
6	73	u06-p073-s001	narrator	Read the conversations below.	1
6	73	u06-p073-s002	narrator	Pay attention to the three question types.	1
6	73	u06-p073-s031	daniel	Daniel:	1
6	73	u06-p073-s003	daniel	Do you have a talk with Ms Li before the showg	1
6	73	u06-p073-s004	kitty	Yes.	1
6	73	u06-p073-s064	kitty	It’s about colours in fashion.	1
6	73	u06-p073-s032	kitty	Kitty:	1
6	73	u06-p073-s033	daniel	Daniel:	1
6	73	u06-p073-s005	daniel	Is Ms Li a teacherg	1
6	73	u06-p073-s006	kitty	No.	1
6	73	u06-p073-s065	kitty	She’s a fashion designer.	1
6	73	u06-p073-s034	kitty	Kitty:	1
6	73	u06-p073-s066	kitty	When we answer a question with yes or no, we call it a yes-no question.	1
6	73	u06-p073-s036	daniel	Question words:	1
6	73	u06-p073-s035	daniel	Daniel:	1
6	73	u06-p073-s007	daniel	When is the fashion show, by the wayg	1
6	73	u06-p073-s037	daniel	TIP	1
6	73	u06-p073-s038	daniel	who	1
6	73	u06-p073-s039	daniel	whose	1
6	73	u06-p073-s040	kitty	Kitty:	1
6	73	u06-p073-s008	kitty	It’s on Friday afternoon.	1
6	73	u06-p073-s041	kitty	what	1
6	73	u06-p073-s042	kitty	which	1
6	73	u06-p073-s044	kitty	when where	1
6	73	u06-p073-s043	daniel	Daniel:	1
6	73	u06-p073-s009	daniel	Where does the show take placeg	1
6	73	u06-p073-s045	daniel	why	1
6	73	u06-p073-s046	daniel	how	1
6	73	u06-p073-s047	kitty	Kitty:	1
6	73	u06-p073-s010	kitty	In the school hall.	1
6	73	u06-p073-s011	narrator	A wh-question begins with a question word.	1
6	73	u06-p073-s012	narrator	We need more information to answer a wh-question.	2
6	73	u06-p073-s048	daniel	Daniel:	1
6	73	u06-p073-s013	daniel	Is your favourite colour a warm colour or a cool colourg	1
6	73	u06-p073-s014	kitty	My favourite colour is yellow.	1
6	73	u06-p073-s067	kitty	It’s a warm colour.	1
6	73	u06-p073-s049	kitty	Kitty:	1
6	73	u06-p073-s050	daniel	Daniel:	1
6	73	u06-p073-s015	daniel	Which colours do you like to wear, warm colours or cool onesg	1
6	73	u06-p073-s051	kitty	Kitty:	1
6	73	u06-p073-s016	kitty	I look better in warm colours like red, yellow and orange.	1
6	73	u06-p073-s017	narrator	A question with or gives two or more choices.	1
6	73	u06-p073-s018	narrator	We need to choose one in order to answer it.	2
6	73	u06-p073-s052	narrator	To make a yes-no question, we often put the verb be, do, will or can before the subject.	2
6	73	u06-p073-s054	narrator	To ask a wh-question, we use a wh-word at the start of the sentence.	2
6	73	u06-p073-s056	narrator	We ask a question with or by giving two or more choices.	2
6	73	u06-p073-s020	narrator	Andy is asking her some questions.	2
6	73	u06-p073-s019	narrator	A Millie is showing Andy some pictures of her Art class.	1
6	73	u06-p073-s021	narrator	Complete the questions with the correct wh-words.	1
6	73	u06-p073-s058	narrator	Who is the woman in browng	1
6	73	u06-p073-s022	narrator	She’s our Art teacher.	1
6	73	u06-p073-s059	narrator	Whose painting is on the wallg	1
6	73	u06-p073-s023	narrator	It’s Sandy’s.	1
6	73	u06-p073-s060	narrator	Where is Sandyg	1
6	73	u06-p073-s024	narrator	She’s at her desk.	1
6	73	u06-p073-s061	narrator	Which painting do you like bestg	1
6	73	u06-p073-s025	narrator	I like this one best.	1
6	73	u06-p073-s062	narrator	Why do you like paintingg	1
6	73	u06-p073-s026	narrator	Because it’s lots of fun.	1
6	73	u06-p073-s063	narrator	How can we learn more about artg	1
6	73	u06-p073-s027	narrator	We can look things up on the internet.	1
6	74	u06-p074-s020	narrator	Unit 6	1
6	74	u06-p074-s002	narrator	Choose the correct sentences to complete their conversation.	2
6	74	u06-p074-s001	narrator	B Andy is asking for Millie’s advice about what to wear for a party.	1
6	74	u06-p074-s003	andy	I have no idea about what to wear for my friend’s birthday party, Millie.	1
6	74	u06-p074-s021	andy	Andy:	1
6	74	u06-p074-s004	millie	Yes, of course.	1
6	74	u06-p074-s038	millie	It’s cold now.	1
6	74	u06-p074-s039	millie	You can wear a sweater with a jacket.	1
6	74	u06-p074-s022	millie	Millie:	1
6	74	u06-p074-s040	andy	All right.	1
6	74	u06-p074-s023	andy	Andy:	1
6	74	u06-p074-s024	andy	Look at these two.	1
6	74	u06-p074-s005	millie	You look better in the orange one.	1
6	74	u06-p074-s025	millie	Millie:	1
6	74	u06-p074-s041	andy	I see.	1
6	74	u06-p074-s026	andy	Andy:	1
6	74	u06-p074-s006	millie	Yes, but I like the jeans better.	1
6	74	u06-p074-s027	millie	Millie:	1
6	74	u06-p074-s007	andy	Whyg	1
6	74	u06-p074-s028	andy	Andy:	1
6	74	u06-p074-s029	millie	Millie:	1
6	74	u06-p074-s008	andy	I like jeans too.	1
6	74	u06-p074-s042	andy	They’re comfortable to wear.	1
6	74	u06-p074-s030	andy	Andy:	1
6	74	u06-p074-s031	millie	Millie:	1
6	74	u06-p074-s009	andy	Fan Ming’s.	1
6	74	u06-p074-s043	andy	He’s my primary school classmate.	1
6	74	u06-p074-s032	andy	Andy:	1
6	74	u06-p074-s010	narrator	a Because I think you look smart in the jeans.	1
6	74	u06-p074-s011	narrator	b Could you give me some adviceg	1
6	74	u06-p074-s012	narrator	c Do the grey trousers go with itg	1
6	74	u06-p074-s013	narrator	d Which one do you like better, the red one or the orange oneg	1
6	74	u06-p074-s014	narrator	e Whose birthday party is it, by the wayg	1
6	74	u06-p074-s016	narrator	Look at the poster below and talk with your partner about the fashion show, using questions.	2
6	74	u06-p074-s015	narrator	C There are some activities for the Fashion Week at Sunshine Middle School.	1
6	74	u06-p074-s034	narrator	December	1
6	74	u06-p074-s033	narrator	Date:	1
6	74	u06-p074-s036	narrator	the school hall	1
6	74	u06-p074-s035	narrator	Place:	1
6	74	u06-p074-s037	narrator	Activities: a talk on different kinds of clothes	1
6	74	u06-p074-s019	narrator	a hanfu show	1
6	74	u06-p074-s017	narrator	Come and learn more about clothes here.	1
6	74	u06-p074-s018	narrator	You will enjoy it!	1
6	75	u06-p075-s055	narrator	Unit 6	1
6	75	u06-p075-s056	narrator	Pronunciation	1
6	75	u06-p075-s057	narrator	Vowels (IV)	1
6	75	u06-p075-s001	narrator	Read the following words.	1
6	75	u06-p075-s002	narrator	Pay attention to the sounds of the letter groups in bold.	1
6	75	u06-p075-s015	narrator	day	1
6	75	u06-p075-s016	narrator	say	1
6	75	u06-p075-s017	narrator	wait	1
6	75	u06-p075-s018	narrator	email	1
6	75	u06-p075-s019	narrator	bright	1
6	75	u06-p075-s020	narrator	light	1
6	75	u06-p075-s021	narrator	night	1
6	75	u06-p075-s022	narrator	right	1
6	75	u06-p075-s023	narrator	boy	1
6	75	u06-p075-s024	narrator	enjoy	1
6	75	u06-p075-s025	narrator	toy	1
6	75	u06-p075-s026	narrator	toilet	1
6	75	u06-p075-s027	narrator	show	1
6	75	u06-p075-s028	narrator	know	1
6	75	u06-p075-s029	narrator	boat	1
6	75	u06-p075-s030	narrator	coat	1
6	75	u06-p075-s031	narrator	brown	1
6	75	u06-p075-s032	narrator	down	1
6	75	u06-p075-s033	narrator	blouse	1
6	75	u06-p075-s034	narrator	mouth	1
6	75	u06-p075-s035	narrator	ear	1
6	75	u06-p075-s036	narrator	near	1
6	75	u06-p075-s037	narrator	dear	1
6	75	u06-p075-s038	narrator	year	1
6	75	u06-p075-s039	narrator	bear	1
6	75	u06-p075-s040	narrator	wear	1
6	75	u06-p075-s041	narrator	pair	1
6	75	u06-p075-s042	narrator	there	1
6	75	u06-p075-s058	narrator	sure	1
6	75	u06-p075-s059	narrator	tour	1
6	75	u06-p075-s060	narrator	poor	1
6	75	u06-p075-s003	narrator	A Read the words below.	1
6	75	u06-p075-s004	narrator	Match the words with the sounds of the letters in bold.	1
6	75	u06-p075-s043	narrator	borrow	1
6	75	u06-p075-s044	narrator	flower	1
6	75	u06-p075-s046	narrator	toilet	1
6	75	u06-p075-s045	narrator	pair	1
6	75	u06-p075-s047	narrator	cloudy	1
6	75	u06-p075-s048	narrator	wear	1
6	75	u06-p075-s061	narrator	bright	1
6	75	u06-p075-s062	narrator	near	1
6	75	u06-p075-s049	narrator	yellow	1
6	75	u06-p075-s050	narrator	dear	1
6	75	u06-p075-s051	narrator	show	1
6	75	u06-p075-s052	narrator	enjoy	1
6	75	u06-p075-s053	narrator	right	1
6	75	u06-p075-s054	narrator	shout	1
6	75	u06-p075-s007	narrator	Then try to read the second one correctly.	2
6	75	u06-p075-s005	narrator	B Look at the following pairs of words.	1
6	75	u06-p075-s006	narrator	Read the first word of each pair.	1
6	75	u06-p075-s063	narrator	toy	1
6	75	u06-p075-s064	narrator	joy	1
6	75	u06-p075-s065	narrator	now town	1
6	75	u06-p075-s066	narrator	stay pay	1
6	75	u06-p075-s067	narrator	great break	1
6	75	u06-p075-s071	narrator	pair fair	1
6	75	u06-p075-s072	narrator	light	1
6	75	u06-p075-s073	narrator	fight	1
6	75	u06-p075-s068	narrator	slow	1
6	75	u06-p075-s069	narrator	blow	1
6	75	u06-p075-s070	narrator	wear pear	1
6	75	u06-p075-s074	narrator	mouse blouse	1
6	75	u06-p075-s075	narrator	hear fear	1
6	75	u06-p075-s076	narrator	sure insure	1
6	75	u06-p075-s077	narrator	join	1
6	75	u06-p075-s078	narrator	coin	1
6	75	u06-p075-s008	narrator	C Practise saying the following sentences.	1
6	75	u06-p075-s009	narrator	1 Out of sight, out of mind.	1
6	75	u06-p075-s010	narrator	2 There is no smoke without fire.	1
6	75	u06-p075-s011	narrator	3 My yellow blouse is very bright.	1
6	75	u06-p075-s012	narrator	4 Whose brown shirt is on that chairg	1
6	75	u06-p075-s013	narrator	5 Take the grey coat when you go out.	1
6	75	u06-p075-s014	narrator	6 We have a great fashion show around New Year.	1
6	76	u06-p076-s020	narrator	Unit 6	1
6	76	u06-p076-s021	narrator	Integration	1
6	76	u06-p076-s022	narrator	Different types of clothes	1
6	76	u06-p076-s001	narrator	A Sandy is learning about traditional Chinese clothes.	1
6	76	u06-p076-s002	narrator	She found a brief introduction.	1
6	76	u06-p076-s003	narrator	Read it and answer the questions below.	1
6	76	u06-p076-s004	narrator	There are many different types of traditional clothes in China.	1
6	76	u06-p076-s007	narrator	In writing, we italicize some words that are not English, e.g.	5
6	76	u06-p076-s023	narrator	TIP	1
6	76	u06-p076-s005	narrator	Some popular types are hanfu, qipao and tangzhuang.	1
6	76	u06-p076-s006	narrator	Each of these has a different style and design.	2
6	76	u06-p076-s009	narrator	More and more Chinese people choose to wear them on important days in life, like festivals or wedding days.	2
6	76	u06-p076-s008	narrator	qipao, hanfu, tangzhuang.	2
6	76	u06-p076-s010	narrator	They are not just part of fashion.	2
6	76	u06-p076-s011	narrator	They also show the traditional culture of our country.	1
6	76	u06-p076-s012	narrator	1 When do some Chinese people choose to wear traditional clothesg	1
6	76	u06-p076-s013	narrator	2 What other traditional Chinese clothes do you know aboutg	1
6	76	u06-p076-s015	narrator	Listen with her and complete the notes below.	2
6	76	u06-p076-s014	narrator	B Sandy is listening to a podcast about hanfu and qipao.	1
6	76	u06-p076-s024	narrator	Traditional Chinese clothes: hanfu and qipao	1
6	76	u06-p076-s018	narrator	Hanfu	1
6	76	u06-p076-s025	narrator	They have a history of years.	1
6	76	u06-p076-s026	narrator	There are different styles from.	1
6	76	u06-p076-s016	narrator	• They are usually loose and have a belt.	1
6	76	u06-p076-s027	narrator	Hanfu are now popular with people.	1
6	76	u06-p076-s019	narrator	Qipao	1
6	76	u06-p076-s028	narrator	They are a kind of for women.	1
6	76	u06-p076-s017	narrator	• They are usually close-fitting and have many different styles.	1
6	76	u06-p076-s029	narrator	Most qipao have beautiful pictures on them, like Chinese	1
6	76	u06-p076-s030	narrator	often with flowers.	1
6	76	u06-p076-s031	narrator	Many women like to wear qipao for events.	1
6	77	u06-p077-s014	narrator	Unit 6	1
6	77	u06-p077-s002	narrator	Work in pairs and talk about the topic.	2
6	77	u06-p077-s001	narrator	C Sandy and Millie are talking about traditional Chinese clothes.	1
6	77	u06-p077-s003	narrator	Use the conversation below as a model.	1
6	77	u06-p077-s004	sandy	What type of traditional Chinese clothes do you like best, Millieg	1
6	77	u06-p077-s015	sandy	Sandy:	1
6	77	u06-p077-s005	millie	I like qipao best.	1
6	77	u06-p077-s042	millie	My mum likes to wear a qipao on important days.	1
6	77	u06-p077-s016	millie	Millie:	1
6	77	u06-p077-s006	sandy	What do you know about qipaog	1
6	77	u06-p077-s017	sandy	Sandy:	1
6	77	u06-p077-s007	millie	“Yes, I agree, but...”	2
6	77	u06-p077-s009	millie	Qipao are usually made of silk, and they feel smooth and soft.	1
6	77	u06-p077-s018	millie	Millie:	1
6	77	u06-p077-s019	millie	TIP	1
6	77	u06-p077-s008	millie	is used to express agreement while also presenting a different point of view.	6
6	77	u06-p077-s044	millie	I think all women, young or old, look beautiful in a qipao.	1
6	77	u06-p077-s043	millie	Sometimes they’re made of cotton.	1
6	77	u06-p077-s010	sandy	Yes, I agree, but I like hanfu most.	1
6	77	u06-p077-s045	sandy	They’re usually loose and comfortable to wear.	1
6	77	u06-p077-s020	sandy	Sandy:	1
6	77	u06-p077-s011	narrator	D The Class 1, Grade 7 students want to make a “Fashion Wall” in their classroom.	1
6	77	u06-p077-s012	narrator	Each student is going to design an outfit for daily wear and write an article about it.	1
6	77	u06-p077-s013	narrator	D1 Look at Sandy’s plan with pictures below.	1
6	77	u06-p077-s021	narrator	Shirt	1
6	77	u06-p077-s022	narrator	Jacket	1
6	77	u06-p077-s023	narrator	Jeans	1
6	77	u06-p077-s024	narrator	Sports shoes	1
6	77	u06-p077-s025	narrator	not long,	1
6	77	u06-p077-s026	narrator	light and good	1
6	77	u06-p077-s027	narrator	Feature	1
6	77	u06-p077-s028	narrator	A clean look	1
6	77	u06-p077-s029	narrator	comfortable	1
6	77	u06-p077-s030	narrator	not large	1
6	77	u06-p077-s031	narrator	for sport	1
6	77	u06-p077-s032	narrator	Colour	1
6	77	u06-p077-s033	narrator	white	1
6	77	u06-p077-s034	narrator	dark blue	1
6	77	u06-p077-s035	narrator	blue	1
6	77	u06-p077-s036	narrator	grey	1
6	77	u06-p077-s037	narrator	Material	1
6	77	u06-p077-s038	narrator	cotton	1
6	77	u06-p077-s039	narrator	cotton	1
6	77	u06-p077-s040	narrator	cotton	1
6	77	u06-p077-s041	narrator	leather	1
6	78	u06-p078-s032	narrator	Unit 6	1
6	78	u06-p078-s001	narrator	D2 Read Sandy’s article about her fashion design.	1
6	78	u06-p078-s031	narrator	My fashion design	1
6	78	u06-p078-s002	narrator	Look at the model.	1
6	78	u06-p078-s003	narrator	Here is my design for a shirt, a jacket, a pair of jeans and a pair of sports shoes.	2
6	78	u06-p078-s004	narrator	The shirt is white.	1
6	78	u06-p078-s005	narrator	I think white shirts have a clean look, and white matches any other colour.	2
6	78	u06-p078-s006	narrator	The jacket is not too long or too large, and it is dark blue.	2
6	78	u06-p078-s007	narrator	Students look smart in dark blue.	1
6	78	u06-p078-s008	narrator	Jeans are very popular with students, so my design has a pair of blue jeans.	2
6	78	u06-p078-s009	narrator	The shirt, the jacket and the jeans are all made of cotton and are very comfortable.	2
6	78	u06-p078-s010	narrator	There is also a pair of sports shoes.	1
6	78	u06-p078-s011	narrator	They are grey and made of leather.	2
6	78	u06-p078-s012	narrator	Sports shoes are light and good for sport, and all the students like them.	2
6	78	u06-p078-s013	narrator	All of these come in different sizes.	1
6	78	u06-p078-s014	narrator	Do you like my designg	1
6	78	u06-p078-s016	narrator	Make a writing plan like the one in Part D1.	2
6	78	u06-p078-s015	narrator	D3 Write an article about your fashion design.	1
6	78	u06-p078-s017	narrator	Use Sandy’s article as a model.	1
6	78	u06-p078-s033	narrator	Useful expressions	1
6	78	u06-p078-s018	narrator	Here is my design for … They come in … sizes.	3
6	78	u06-p078-s021	narrator	The sweater/shirt/… is made of …	2
6	78	u06-p078-s023	narrator	My jacket is light and comfortable/thick and warm.	1
6	78	u06-p078-s024	narrator	The main colour of the T-shirt/jacket/… is … look(s) smart/cool in … and … go well together.	5
6	78	u06-p078-s029	narrator	My design has...	1
6	78	u06-p078-s030	narrator	On the front/back, there is …	1
6	79	u06-p079-s015	narrator	Unit 6	1
6	79	u06-p079-s016	narrator	Assessment	1
6	79	u06-p079-s017	narrator	What I can do	1
6	79	u06-p079-s018	narrator	Me	1
6	79	u06-p079-s019	narrator	Partner	1
6	79	u06-p079-s001	narrator	1 I can describe some dressing rules and different types of clothes.	2
6	79	u06-p079-s002	narrator	2 I can ask questions correctly.	1
6	79	u06-p079-s003	narrator	3 I can talk and write about clothes with the new words in this unit.	2
6	79	u06-p079-s020	narrator	4 I can pronounce the sounds /eɪ/, /aɪ/, /ɔɪ/, /əʊ/, /aʊ/, /ɪə/, /eə/ and /ʊə/ correctly in words.	2
6	79	u06-p079-s005	narrator	5 I know more about the culture behind clothes.	1
6	79	u06-p079-s006	narrator	* Assess your learning of new words and grammar by doing the exercises on page 121.	1
6	79	u06-p079-s021	narrator	Result:	1
6	79	u06-p079-s022	narrator	Weak	1
6	79	u06-p079-s023	narrator	Good	1
6	79	u06-p079-s024	narrator	Wonderful	1
6	79	u06-p079-s007	narrator	I am good at.	2
6	79	u06-p079-s008	narrator	I need to spend more time on.	2
6	79	u06-p079-s025	narrator	My action plan:	1
6	79	u06-p079-s026	narrator	Further study	1
6	79	u06-p079-s009	narrator	There are many different types of traditional clothes around the world.	1
6	79	u06-p079-s027	narrator	People wear them to show their culture and history.	2
6	79	u06-p079-s011	narrator	Look at the man in the picture.	1
6	79	u06-p079-s028	narrator	He is wearing a kilt, a kind of skirt for Scottish men.	2
6	79	u06-p079-s029	narrator	What type of traditional clothing are you interested ing	2
6	79	u06-p079-s030	narrator	Use the internet to find out more and share with your classmates.	2
7	80	u07-p080-s008	narrator	Unit	1
7	80	u07-p080-s001	narrator	Get your money’s worth.	1
7	80	u07-p080-s005	narrator	read about family money management;	1
7	80	u07-p080-s006	narrator	learn about the history of money;	1
7	80	u07-p080-s009	narrator	In this unit, we will	2
7	80	u07-p080-s007	narrator	describe our shopping habits and money management;	1
7	80	u07-p080-s002	narrator	understand how to manage money well.	1
7	80	u07-p080-s003	narrator	Money plays an important role in our lives.	1
7	80	u07-p080-s004	narrator	Let’s learn about money and how to manage it well.	2
7	81	u07-p081-s015	narrator	Unit 7	1
7	81	u07-p081-s016	narrator	Welcome to the unit	1
7	81	u07-p081-s017	narrator	Gifts around the world	1
7	81	u07-p081-s002	narrator	Look at the pictures below.	2
7	81	u07-p081-s001	narrator	A The Class 1, Grade 7 students are learning about money around the world.	1
7	81	u07-p081-s003	narrator	Match each country and its money with the correct gift.	1
7	81	u07-p081-s018	narrator	China (yuan)	1
7	81	u07-p081-s019	narrator	France (euro)	1
7	81	u07-p081-s020	narrator	UK (pound)	1
7	81	u07-p081-s021	narrator	Japan (yen)	1
7	81	u07-p081-s022	narrator	Russia (rouble)	1
7	81	u07-p081-s023	narrator	USA (dollar)	1
7	81	u07-p081-s024	narrator	money box	1
7	81	u07-p081-s025	narrator	Lucky Cat	1
7	81	u07-p081-s026	narrator	key ring	1
7	81	u07-p081-s027	narrator	JP¥2,300	1
7	81	u07-p081-s013	narrator	tea baseball cap	3
7	81	u07-p081-s014	narrator	Russian dolls	2
7	81	u07-p081-s028	narrator	CN¥100	1
7	81	u07-p081-s005	narrator	Work in pairs and talk about popular gifts from different countries.	2
7	81	u07-p081-s004	narrator	B Simon and Millie are talking about the gifts above.	1
7	81	u07-p081-s006	narrator	Use the conversation below as a model.	1
7	81	u07-p081-s007	simon	Which gift do you like, Millieg	1
7	81	u07-p081-s029	simon	Simon:	1
7	81	u07-p081-s008	millie	I love those Russian dolls.	1
7	81	u07-p081-s030	millie	Millie:	1
7	81	u07-p081-s009	simon	What’s special about themg	1
7	81	u07-p081-s031	simon	Simon:	1
7	81	u07-p081-s010	millie	They’re a set of dolls in different sizes.	1
7	81	u07-p081-s034	millie	Usually they come one inside another, from the biggest to the smallest.	1
7	81	u07-p081-s032	millie	Millie:	1
7	81	u07-p081-s035	millie	They’re colourful and full of surprises.	1
7	81	u07-p081-s036	millie	What about you, Simong	1
7	81	u07-p081-s011	simon	I love baseball caps.	1
7	81	u07-p081-s037	simon	Players wear them to protect their eyes from the sun, and they’re also a kind of fashion.	1
7	81	u07-p081-s033	simon	Simon:	1
7	81	u07-p081-s012	narrator	C What other countries’ money do you knowg	1
7	82	u07-p082-s021	narrator	Unit 7	1
7	82	u07-p082-s022	narrator	Reading	1
7	82	u07-p082-s020	narrator	Family money management	1
7	82	u07-p082-s001	narrator	Simon is talking to his mum about how his family manages their money.	1
7	82	u07-p082-s002	narrator	Read their conversation.	2
7	82	u07-p082-s003	narrator	Before reading, think about the questions below.	1
7	82	u07-p082-s004	narrator	1 Does your family make plans for using moneyg	1
7	82	u07-p082-s005	narrator	2 What do you think your family spends the most money on every yearg	1
7	82	u07-p082-s006	mum	There’s a new mall across the street.	1
7	82	u07-p082-s037	mum	Let’s go shopping.	1
7	82	u07-p082-s023	mum	Mum:	1
7	82	u07-p082-s007	simon	OK.	1
7	82	u07-p082-s038	simon	Can I have a new pair of sports shoesg	1
7	82	u07-p082-s024	simon	Simon:	1
7	82	u07-p082-s008	mum	Of course.	1
7	82	u07-p082-s039	mum	And we also need a new computer.	1
7	82	u07-p082-s025	mum	Mum:	1
7	82	u07-p082-s009	simon	That will cost a lot of money.	1
7	82	u07-p082-s026	simon	Simon:	1
7	82	u07-p082-s010	mum	Don’t worry.	1
7	82	u07-p082-s041	mum	We make a budget every year.	1
7	82	u07-p082-s040	mum	Your dad and I manage money well.	1
7	82	u07-p082-s027	mum	Mum:	1
7	82	u07-p082-s011	simon	What’s in the budgetg	1
7	82	u07-p082-s028	simon	Simon:	1
7	82	u07-p082-s012	mum	Well we need to cover your education first.	1
7	82	u07-p082-s042	mum	Then we have to pay for our flat, car, food and other daily needs every month.	1
7	82	u07-p082-s029	mum	Mum:	1
7	82	u07-p082-s043	mum	All these cost about per cent of our budget.	1
7	82	u07-p082-s013	simon	Where does the other half gog	1
7	82	u07-p082-s030	simon	Simon:	1
7	82	u07-p082-s014	mum	We spend about 30 per cent on special things.	1
7	82	u07-p082-s031	mum	Mum:	1
7	82	u07-p082-s015	simon	Like whatg	1
7	82	u07-p082-s032	simon	Simon:	1
7	82	u07-p082-s016	mum	Like taking holidays.	1
7	82	u07-p082-s044	mum	Holidays can be expensive.	1
7	82	u07-p082-s033	mum	Mum:	1
7	82	u07-p082-s017	simon	Do we save any moneyg	1
7	82	u07-p082-s034	simon	Simon:	1
7	82	u07-p082-s018	mum	Of course.	1
7	82	u07-p082-s046	mum	It’s a good idea to save for a rainy day.	1
7	82	u07-p082-s045	mum	We leave about per cent in our bank account.	1
7	82	u07-p082-s035	mum	Mum:	1
7	82	u07-p082-s019	simon	I see.	1
7	82	u07-p082-s036	simon	Simon:	1
7	83	u07-p083-s011	narrator	Unit 7	1
7	83	u07-p083-s002	narrator	Label the parts of the chart about his family budget, and write the correct percentage next to each label.	2
7	83	u07-p083-s001	narrator	A Here is a pie chart about Simon’s family budget.	1
7	83	u07-p083-s003	narrator	Then fill in the details in the chart.	2
7	83	u07-p083-s010	narrator	Simon’s family budget	1
7	83	u07-p083-s012	narrator	a Savings	1
7	83	u07-p083-s013	narrator	b Special things	1
7	83	u07-p083-s014	narrator	c Daily needs	1
7	83	u07-p083-s004	narrator	B Read the conversation again and answer the questions below.	1
7	83	u07-p083-s005	narrator	1 What does Simon’s mum need to buy in the new mallg	1
7	83	u07-p083-s006	narrator	2 How does Simon’s family manage their moneyg	1
7	83	u07-p083-s007	narrator	3 What comes first in Simon’s family budgetg	1
7	83	u07-p083-s008	narrator	4 What is an example of a special thing in Simon’s familyg	1
7	83	u07-p083-s009	narrator	5 What does Simon’s mum mean by saying “to save for a rainy day”g	1
7	84	u07-p084-s016	narrator	Unit 7	1
7	84	u07-p084-s002	narrator	Complete the blog post with the correct forms of the words and phrases in the box below.	2
7	84	u07-p084-s001	narrator	C Simon is reading his friend John’s blog post about his family budget.	1
7	84	u07-p084-s017	narrator	expensive	1
7	84	u07-p084-s018	narrator	per cent	1
7	84	u07-p084-s019	narrator	pay	1
7	84	u07-p084-s020	narrator	make a budget	1
7	84	u07-p084-s021	narrator	save	1
7	84	u07-p084-s022	narrator	manage	1
7	84	u07-p084-s023	narrator	bank	1
7	84	u07-p084-s024	narrator	daily needs	1
7	84	u07-p084-s037	narrator	our	1
7	84	u07-p084-s025	narrator	My parents try to	1
7	84	u07-p084-s003	narrator	Money matters in every family.	1
7	84	u07-p084-s026	narrator	Each month, they.	1
7	84	u07-p084-s004	narrator	money well.	1
7	84	u07-p084-s027	narrator	They spend some	1
7	84	u07-p084-s029	narrator	They also need to	1
7	84	u07-p084-s038	narrator	for	1
7	84	u07-p084-s028	narrator	money on.	1
7	84	u07-p084-s030	narrator	These things can be very.	1
7	84	u07-p084-s005	narrator	things like our house and car.	1
7	84	u07-p084-s031	narrator	But my parents always have enough money because they keep to their budget.	2
7	84	u07-p084-s032	narrator	It is important to money.	1
7	84	u07-p084-s033	narrator	My parents always try to	1
7	84	u07-p084-s034	narrator	leave about	1
7	84	u07-p084-s039	narrator	of their money in the bank for “a rainy	1
7	84	u07-p084-s007	narrator	day”.	1
7	84	u07-p084-s008	narrator	I think that is a great idea.	1
7	84	u07-p084-s035	narrator	When I have money, I usually ask my	1
7	84	u07-p084-s036	narrator	mum to help me put some in the.	1
7	84	u07-p084-s009	narrator	D Think about the questions below.	1
7	84	u07-p084-s010	narrator	Share your answers with your classmates.	1
7	84	u07-p084-s011	narrator	1 What do you think of Simon’s family budgetg	1
7	84	u07-p084-s012	narrator	2 Make a budget for your family.	1
7	84	u07-p084-s013	narrator	What is in your budgetg	1
7	84	u07-p084-s014	narrator	3 Do you think it is important to make a budgetg	1
7	84	u07-p084-s015	narrator	Why or why notg	1
7	85	u07-p085-s021	narrator	Unit 7	1
7	85	u07-p085-s022	narrator	Grammar	1
7	85	u07-p085-s023	narrator	A Using some/any	1
7	85	u07-p085-s001	narrator	Simon is talking to his mum before they go to the supermarket.	1
7	85	u07-p085-s002	narrator	Here is their conversation.	1
7	85	u07-p085-s003	mum	Let’s go to the supermarket.	1
7	85	u07-p085-s045	mum	We need some meat, and also some fruit and vegetables.	1
7	85	u07-p085-s024	mum	Mum:	1
7	85	u07-p085-s004	mum	We can use some in questions when we are making offers or requests.	2
7	85	u07-p085-s005	mum	We use it when we expect the answer to be “yes”.	2
7	85	u07-p085-s025	mum	TIP	1
7	85	u07-p085-s006	narrator	Would you like some teag	1
7	85	u07-p085-s007	simon	Can I have some orangesg	1
7	85	u07-p085-s046	simon	Please buy some bananas.	1
7	85	u07-p085-s008	simon	OK, Mum.	1
7	85	u07-p085-s026	simon	Simon:	1
7	85	u07-p085-s047	simon	They’re my favourite.	1
7	85	u07-p085-s048	mum	Do we need any other thingsg	1
7	85	u07-p085-s009	mum	OK.	1
7	85	u07-p085-s027	mum	Mum:	1
7	85	u07-p085-s010	simon	We don’t have any drinks.	1
7	85	u07-p085-s049	simon	Can we buy some, Mumg	1
7	85	u07-p085-s028	simon	Simon:	1
7	85	u07-p085-s029	mum	Mum:	1
7	85	u07-p085-s011	mum	Sure.	1
7	85	u07-p085-s012	narrator	We use some or any to talk about the amount of something.	1
7	85	u07-p085-s030	narrator	We often use (some, any) in positive sentences.	1
7	85	u07-p085-s044	narrator	(some, any) in negative sentences	1
7	85	u07-p085-s031	narrator	We often use and questions.	2
7	85	u07-p085-s014	narrator	Complete their conversation with some and any.	2
7	85	u07-p085-s013	narrator	A1 Millie is talking to her mum about money management.	1
7	85	u07-p085-s050	millie	Mum, I have pocket money and I want to manage it well.	1
7	85	u07-p085-s033	millie	Millie:	1
7	85	u07-p085-s020	millie	Can you help meg	1
7	85	u07-p085-s015	mum	Sure.	1
7	85	u07-p085-s051	mum	What do you want to do with your moneyg	1
7	85	u07-p085-s034	mum	Mum:	1
7	85	u07-p085-s052	millie	First, I want to buy new things.	1
7	85	u07-p085-s035	millie	Millie:	1
7	85	u07-p085-s016	mum	OK.	1
7	85	u07-p085-s053	mum	What do you want to buyg	1
7	85	u07-p085-s036	mum	Mum:	1
7	85	u07-p085-s054	millie	I don’t have notebooks.	1
7	85	u07-p085-s037	millie	Millie:	1
7	85	u07-p085-s038	millie	I need new ones.	1
7	85	u07-p085-s039	millie	I also want to buy gifts for my friends.	1
7	85	u07-p085-s055	mum	Do you have ideas for the rest of your moneyg	1
7	85	u07-p085-s040	mum	Mum:	1
7	85	u07-p085-s017	millie	Maybe I can save it.	1
7	85	u07-p085-s041	millie	Millie:	1
7	85	u07-p085-s018	mum	You can put it in the bank.	1
7	85	u07-p085-s056	mum	I can help you.	1
7	85	u07-p085-s042	mum	Mum:	1
7	85	u07-p085-s019	millie	Great!	1
7	85	u07-p085-s057	millie	Thanks, Mum!	1
7	85	u07-p085-s043	millie	Millie:	1
7	85	u07-p085-s058	millie	A2 Talk with your partner about what you usually do with your pocket money, using some and any.	1
7	86	u07-p086-s036	narrator	Unit 7	1
7	86	u07-p086-s037	narrator	B Using there be	1
7	86	u07-p086-s001	narrator	Simon and his mum are back from shopping.	1
7	86	u07-p086-s002	narrator	Let’s see what they got from the supermarket.	1
7	86	u07-p086-s021	narrator	a watermelon	1
7	86	u07-p086-s022	narrator	There is	1
7	86	u07-p086-s038	narrator	some milk and strawberries an orange	2
7	86	u07-p086-s024	narrator	There is not	1
7	86	u07-p086-s025	narrator	any bread	1
7	86	u07-p086-s003	narrator	on the table.	2
7	86	u07-p086-s026	narrator	some potatoes	1
7	86	u07-p086-s027	narrator	There are	1
7	86	u07-p086-s039	narrator	some strawberries and milk	1
7	86	u07-p086-s028	narrator	any cakes	1
7	86	u07-p086-s029	narrator	There are not	1
7	86	u07-p086-s030	narrator	any sweets	1
7	86	u07-p086-s004	narrator	Yes, there is.	2
7	86	u07-p086-s031	narrator	a watermelon	1
7	86	u07-p086-s032	narrator	Is there	1
7	86	u07-p086-s005	narrator	No, there isn’t.	2
7	86	u07-p086-s040	narrator	any salt	1
7	86	u07-p086-s006	narrator	on the tableg	1
7	86	u07-p086-s007	narrator	Yes, there are.	2
7	86	u07-p086-s033	narrator	any vegetables	1
7	86	u07-p086-s034	narrator	Are there	1
7	86	u07-p086-s008	narrator	No, there aren’t.	2
7	86	u07-p086-s035	narrator	any snacks	1
7	86	u07-p086-s009	narrator	We use there be to show that something exists.	1
7	86	u07-p086-s051	narrator	(there is, there are) before a singular noun or	1
7	86	u07-p086-s041	narrator	We use an uncountable noun.	2
7	86	u07-p086-s042	narrator	We use (there is, there are) before a plural noun.	1
7	86	u07-p086-s012	narrator	Help her complete her article with the correct forms of there be.	2
7	86	u07-p086-s011	narrator	B1 Millie is writing about shops around her school.	1
7	86	u07-p086-s013	narrator	There are some shops around my school.	1
7	86	u07-p086-s043	narrator	Near the school gate,	1
7	86	u07-p086-s044	narrator	a bookshop.	1
7	86	u07-p086-s045	narrator	a lot of good books	1
7	86	u07-p086-s014	narrator	in it.	1
7	86	u07-p086-s046	narrator	also some pens, erasers and notebooks.	1
7	86	u07-p086-s015	narrator	Sometimes we go there after school.	1
7	86	u07-p086-s047	narrator	music boxes	1
7	86	u07-p086-s016	narrator	and some other nice things too.	1
7	86	u07-p086-s048	narrator	We can buy them as presents for	1
7	86	u07-p086-s049	narrator	Not far away from my school,	1
7	86	u07-p086-s052	narrator	also	1
7	86	u07-p086-s017	narrator	our friends.	1
7	86	u07-p086-s050	narrator	It is not very big, but	1
7	86	u07-p086-s053	narrator	all kinds of	1
7	86	u07-p086-s018	narrator	a supermarket.	1
7	86	u07-p086-s019	narrator	snacks in it.	1
7	86	u07-p086-s020	narrator	B2 Talk with your partner about things in shops or supermarkets around your home or school, using there be, some and any.	2
7	87	u07-p087-s012	narrator	Unit 7	1
7	87	u07-p087-s013	narrator	Pronunciation	1
7	87	u07-p087-s014	narrator	Consonants (III)	1
7	87	u07-p087-s001	narrator	Some consonant groups are at the beginning of a word.	1
7	87	u07-p087-s002	narrator	Turn to pages 130–131 for more English sounds.	6
7	87	u07-p087-s015	narrator	Consonants	1
7	87	u07-p087-s016	narrator	Examples	1
7	87	u07-p087-s017	narrator	TIP	1
7	87	u07-p087-s018	narrator	/b/, /k/, /f/, /g/, /p/, /s/ + /l/	1
7	87	u07-p087-s019	narrator	black, class, floor, glass, plane, sleep	1
7	87	u07-p087-s020	narrator	/b/, /k/, /f/, /g/, /p/	1
7	87	u07-p087-s021	narrator	bread, cry, friend, grass, pretty	1
7	87	u07-p087-s022	narrator	/k/, /m/, /n/, /p/, /t/ skirt, small, snow, speak, star	1
7	87	u07-p087-s023	narrator	/k/, /p/, /t/ + /r/	1
7	87	u07-p087-s024	narrator	screen, spring, street	1
7	87	u07-p087-s025	narrator	/k/, /s/, /t/	1
7	87	u07-p087-s026	narrator	quiet, sweet, twenty	1
7	87	u07-p087-s003	narrator	Some consonant groups are at the end of a word.	1
7	87	u07-p087-s027	narrator	Consonants	1
7	87	u07-p087-s028	narrator	Examples	1
7	87	u07-p087-s029	narrator	/b/, /p/, /k/, /d/, /t/, /s/	1
7	87	u07-p087-s030	narrator	table, people, uncle, noodle, little, pencil	1
7	87	u07-p087-s031	narrator	/z/, /s/, /f/, /v/, /d/	1
7	87	u07-p087-s032	narrator	cousin, listen, often, seven, garden	1
7	87	u07-p087-s005	narrator	Pay attention to the consonant groups in bold.	2
7	87	u07-p087-s004	narrator	A Complete the descriptions below with the correct consonant letters.	1
7	87	u07-p087-s033	narrator	a brown ouse	1
7	87	u07-p087-s034	narrator	practise in the ayground	1
7	87	u07-p087-s035	narrator	fruit on the ta	1
7	87	u07-p087-s036	narrator	owers in spring	1
7	87	u07-p087-s037	narrator	fly kites in the y	1
7	87	u07-p087-s038	narrator	a flock of lit birds	1
7	87	u07-p087-s006	narrator	B Practise saying the following sentences.	1
7	87	u07-p087-s007	narrator	1 The small noodle shop is clean and bright.	1
7	87	u07-p087-s008	narrator	2 My little cousin likes pretty flowers.	1
7	87	u07-p087-s009	narrator	3 Twenty people listened to the speaker’s speech about making a budget.	1
7	87	u07-p087-s010	narrator	4 The price of those pencils is pretty high.	1
7	87	u07-p087-s011	narrator	5 My uncle is quite smart with his money.	1
7	88	u07-p088-s023	narrator	Unit 7	1
7	88	u07-p088-s024	narrator	Integration	1
7	88	u07-p088-s020	narrator	All about money	1
7	88	u07-p088-s002	narrator	Look at the timeline and answer the questions below.	2
7	88	u07-p088-s001	narrator	A Daniel wants to learn about different kinds of money in history.	1
7	88	u07-p088-s003	narrator	I give you nine shells.	1
7	88	u07-p088-s004	narrator	You give me two fish.	2
7	88	u07-p088-s006	narrator	Here's 30 yuan for the book.	2
7	88	u07-p088-s005	narrator	OKg	1
7	88	u07-p088-s007	narrator	Thanks.	1
7	88	u07-p088-s008	narrator	Here you are.	2
7	88	u07-p088-s009	narrator	OK!	1
7	88	u07-p088-s010	narrator	That's a deal!	1
7	88	u07-p088-s011	narrator	I can buy a computer online.	2
7	88	u07-p088-s013	narrator	When reading pictures, look closely at the details in the image and read the text in the speech bubbles to better understand the message.	5
7	88	u07-p088-s025	narrator	TIP	1
7	88	u07-p088-s012	narrator	That's very easy!	1
7	88	u07-p088-s014	narrator	How much is this bag of riceg	3
7	88	u07-p088-s015	narrator	45 coins.	1
7	88	u07-p088-s016	narrator	1 How many ways to pay are there in the picturesg	1
7	88	u07-p088-s017	narrator	2 What other kinds of money do you know aboutg	1
7	88	u07-p088-s019	narrator	Listen to their conversation and complete the table below.	2
7	88	u07-p088-s018	narrator	B Daniel is talking to Millie about a money show at Sunshine Museum.	1
7	88	u07-p088-s026	narrator	Event	1
7	88	u07-p088-s027	narrator	A show about money	1
7	88	u07-p088-s021	narrator	Place Sunshine Museum	2
7	88	u07-p088-s028	narrator	Time	1
7	88	u07-p088-s036	narrator	of money from different times, such as	1
7	88	u07-p088-s029	narrator	See	1
7	88	u07-p088-s030	narrator	shells, coins and	1
7	88	u07-p088-s037	narrator	about money	1
7	88	u07-p088-s031	narrator	Watch videos to learn	1
7	88	u07-p088-s032	narrator	(Example: China is the country in the world to	1
7	88	u07-p088-s022	narrator	What to do	1
7	88	u07-p088-s033	narrator	use paper money.)	1
7	88	u07-p088-s038	narrator	about different kinds of money	1
7	88	u07-p088-s034	narrator	Listen to a	1
7	88	u07-p088-s035	narrator	around the world	1
7	89	u07-p089-s026	narrator	Unit 7	1
7	89	u07-p089-s002	narrator	Work in pairs and talk about the topic.	2
7	89	u07-p089-s001	narrator	C Daniel and Millie are talking about lucky money.	1
7	89	u07-p089-s003	narrator	Use the conversation below as a model.	1
7	89	u07-p089-s004	millie	Do you usually get lucky money at the Spring Festivalg	1
7	89	u07-p089-s027	millie	Millie:	1
7	89	u07-p089-s005	millie	“Of course” means “yes”.	2
7	89	u07-p089-s007	daniel	Of course!	1
7	89	u07-p089-s039	daniel	My grandparents give me the most.	1
7	89	u07-p089-s028	daniel	Daniel:	1
7	89	u07-p089-s029	daniel	TIP	1
7	89	u07-p089-s006	daniel	We use it in a conversation to show something is surely true or correct.	5
7	89	u07-p089-s008	millie	Same here.	1
7	89	u07-p089-s040	millie	Some of my other relatives give me lucky money too.	1
7	89	u07-p089-s030	millie	Millie:	1
7	89	u07-p089-s041	millie	My uncle lives far away in Shenzhen, so he sometimes sends me online red packets.	1
7	89	u07-p089-s009	daniel	How do you spend your lucky moneyg	1
7	89	u07-p089-s031	daniel	Daniel:	1
7	89	u07-p089-s010	millie	I usually save it.	1
7	89	u07-p089-s042	millie	You never know when you may need it.	1
7	89	u07-p089-s032	millie	Millie:	1
7	89	u07-p089-s011	daniel	Good idea.	1
7	89	u07-p089-s033	daniel	Daniel:	1
7	89	u07-p089-s012	narrator	D Mr Wu asked the Class 1, Grade 7 students to write an article about what they do with their lucky money.	2
7	89	u07-p089-s013	narrator	D1 Complete the survey below with your own information.	1
7	89	u07-p089-s018	narrator	Lucky money survey	1
7	89	u07-p089-s014	narrator	1 When do you get your lucky moneyg	1
7	89	u07-p089-s015	narrator	2 What do you spend your lucky money ong	1
7	89	u07-p089-s019	narrator	School things	1
7	89	u07-p089-s020	narrator	Books	1
7	89	u07-p089-s021	narrator	Gifts	1
7	89	u07-p089-s022	narrator	Clothes	1
7	89	u07-p089-s023	narrator	Food	1
7	89	u07-p089-s024	narrator	Music	1
7	89	u07-p089-s034	narrator	Other(s):	1
7	89	u07-p089-s016	narrator	3 How often do you save some of your lucky moneyg	1
7	89	u07-p089-s035	narrator	Never	1
7	89	u07-p089-s036	narrator	Seldom	1
7	89	u07-p089-s037	narrator	Sometimes	1
7	89	u07-p089-s038	narrator	Always	1
7	89	u07-p089-s017	narrator	4 Do you make a budget for your lucky moneyg	1
7	89	u07-p089-s025	narrator	Yes No	2
7	90	u07-p090-s025	narrator	Unit 7	1
7	90	u07-p090-s001	narrator	D2 Millie is writing about what she does with her lucky money.	1
7	90	u07-p090-s002	narrator	Read her article below.	1
7	90	u07-p090-s026	narrator	What I do with my lucky money	1
7	90	u07-p090-s027	narrator	Every year, I get some lucky money at the Spring	1
7	90	u07-p090-s003	narrator	When do I get lucky moneyg	2
7	90	u07-p090-s004	narrator	Festival.	1
7	90	u07-p090-s028	narrator	I usually spend most of my lucky money on pens, books, food and music.	2
7	90	u07-p090-s029	narrator	I also use some money to	1
7	90	u07-p090-s006	narrator	What do I spend money ong	2
7	90	u07-p090-s007	narrator	help children in need every year.	1
7	90	u07-p090-s030	narrator	I save the rest in	1
7	90	u07-p090-s008	narrator	my bank account.	1
7	90	u07-p090-s031	narrator	As Mum always tells me, it is	1
7	90	u07-p090-s009	narrator	important to save for a rainy day.	1
7	90	u07-p090-s010	narrator	I try to manage my money well.	1
7	90	u07-p090-s032	narrator	At the beginning	1
7	90	u07-p090-s011	narrator	of each year, I make a budget for my lucky money.	1
7	90	u07-p090-s012	narrator	Do I make a budgetg	1
7	90	u07-p090-s033	narrator	It helps me plan what to do with it and have good spending habits.	2
7	90	u07-p090-s014	narrator	D3 Write an article about how you use your lucky money based on the information in Part D1.	2
7	90	u07-p090-s015	narrator	Use Millie’s article as a model.	1
7	90	u07-p090-s034	narrator	Useful expressions	1
7	90	u07-p090-s016	narrator	I usually spend most/some of my lucky money on...	1
7	90	u07-p090-s017	narrator	I like to buy...	1
7	90	u07-p090-s018	narrator	As a fan of..., I buy...	1
7	90	u07-p090-s019	narrator	sometimes.	1
7	90	u07-p090-s020	narrator	It helps me...	1
7	90	u07-p090-s021	narrator	I try to manage my money well.	1
7	90	u07-p090-s022	narrator	I save...	1
7	90	u07-p090-s023	narrator	in my bank account.	1
7	90	u07-p090-s024	narrator	It is good to save for a rainy day.	1
7	91	u07-p091-s013	narrator	Unit 7	1
7	91	u07-p091-s014	narrator	Assessment	1
7	91	u07-p091-s015	narrator	What I can do	1
7	91	u07-p091-s016	narrator	Me	1
7	91	u07-p091-s017	narrator	Partner	1
7	91	u07-p091-s001	narrator	1 I can describe Simon’s family money management and some other money matters.	2
7	91	u07-p091-s002	narrator	2 I can use some/any and there be correctly.	1
7	91	u07-p091-s003	narrator	3 I can talk and write about money and family budgets.	2
7	91	u07-p091-s004	narrator	4 I can pronounce many different consonant groups correctly in words.	2
7	91	u07-p091-s005	narrator	5 I have some ideas on how to manage money well.	1
7	91	u07-p091-s006	narrator	* Assess your learning of new words and grammar by doing the exercises on page 124.	1
7	91	u07-p091-s018	narrator	Result:	1
7	91	u07-p091-s019	narrator	Weak	1
7	91	u07-p091-s020	narrator	Good	1
7	91	u07-p091-s021	narrator	Wonderful	1
7	91	u07-p091-s007	narrator	I am good at.	2
7	91	u07-p091-s008	narrator	I need to spend more time on.	2
7	91	u07-p091-s022	narrator	My action plan:	1
7	91	u07-p091-s023	narrator	Further study	1
7	91	u07-p091-s009	narrator	A gentleman makes money in an honest way and uses it wisely.	1
7	91	u07-p091-s010	narrator	If you buy things you do not need, soon you will have to sell things you need.	1
7	91	u07-p091-s011	narrator	Find more sayings or quotes about money.	1
7	91	u07-p091-s012	narrator	Share them with your classmates.	1
8	92	u08-p092-s008	narrator	Unit	1
8	92	u08-p092-s001	narrator	Festivals are a window into different cultures.	1
8	92	u08-p092-s005	narrator	read about New Year celebrations in different countries;	1
8	92	u08-p092-s006	narrator	learn about other festivals around the world;	1
8	92	u08-p092-s009	narrator	In this unit, we will	2
8	92	u08-p092-s007	narrator	describe our favourite festivals;	1
8	92	u08-p092-s002	narrator	understand the meaning of different festivals around the world.	2
8	92	u08-p092-s003	narrator	New Year is coming.	1
8	92	u08-p092-s004	narrator	Let’s find out how people around the world celebrate it and talk about other popular festivals.	2
8	93	u08-p093-s016	narrator	Unit 8	1
8	93	u08-p093-s017	narrator	Welcome to the unit	1
8	93	u08-p093-s018	narrator	Festivals around the world A The Class 1, Grade 7 students are learning about some popular festivals around the world.	3
8	93	u08-p093-s002	narrator	Look at the pictures below.	1
8	93	u08-p093-s003	narrator	Write the names of the festivals in the blanks.	1
8	93	u08-p093-s019	narrator	the Spring Festival the Dragon Boat Festival the Mid-Autumn Festival	3
8	93	u08-p093-s022	narrator	Christmas	1
8	93	u08-p093-s023	narrator	Burns Night	1
8	93	u08-p093-s024	narrator	the Water Festival	1
8	93	u08-p093-s004	narrator	B Millie is chatting online with her friend in Scotland, Robin, about their favourite festivals.	2
8	93	u08-p093-s005	narrator	Work in pairs and talk about the topic.	1
8	93	u08-p093-s006	narrator	Use the conversation below as a model.	1
8	93	u08-p093-s007	robin	What’s your favourite festival, Millieg	1
8	93	u08-p093-s025	robin	Robin:	1
8	93	u08-p093-s008	millie	I love the Dragon Boat Festival.	1
8	93	u08-p093-s032	millie	Many people think it’s a festival to remember the great poet, Qu Yuan.	1
8	93	u08-p093-s026	millie	Millie:	1
8	93	u08-p093-s009	robin	What do you do on that dayg	1
8	93	u08-p093-s027	robin	Robin:	1
8	93	u08-p093-s010	millie	We have dragon boat races.	1
8	93	u08-p093-s034	millie	We also eat delicious rice dumplings.	1
8	93	u08-p093-s033	millie	They’re exciting.	1
8	93	u08-p093-s028	millie	Millie:	1
8	93	u08-p093-s035	millie	What festival do you like, Robing	1
8	93	u08-p093-s011	robin	I like Burns Night.	1
8	93	u08-p093-s036	robin	It’s a Scottish festival to celebrate the life and work of the great poet, Robert Burns.	1
8	93	u08-p093-s029	robin	Robin:	1
8	93	u08-p093-s012	millie	What do you do on Burns Nightg	1
8	93	u08-p093-s030	millie	Millie:	1
8	93	u08-p093-s013	robin	We get together with friends and eat haggis, a special dish.	1
8	93	u08-p093-s037	robin	We also read poems by Robert Burns.	1
8	93	u08-p093-s031	robin	Robin:	1
8	93	u08-p093-s038	robin	It’s great fun!	1
8	93	u08-p093-s015	narrator	Think of a festival and talk about how people celebrate it with your partner.	2
8	93	u08-p093-s014	narrator	C What other festivals do you knowg	1
8	94	u08-p094-s028	narrator	Unit 8	1
8	94	u08-p094-s029	narrator	Reading	1
8	94	u08-p094-s027	narrator	Happy New Year	1
8	94	u08-p094-s001	narrator	Amy is watching a video about New Year celebrations around the world.	1
8	94	u08-p094-s002	narrator	Here is the video script.	2
8	94	u08-p094-s003	narrator	Before reading, think about the questions below.	1
8	94	u08-p094-s004	narrator	1 How do you celebrate New Yearg	1
8	94	u08-p094-s005	narrator	2 Why do we celebrate New Yearg	1
8	94	u08-p094-s006	narrator	Good evening, ladies and gentlemen.	1
8	94	u08-p094-s030	narrator	New Year is	1
8	94	u08-p094-s007	narrator	“Ladies and gentlemen” is a common way to address a group of people, especially in a formal, public setting.	8
8	94	u08-p094-s031	narrator	TIP	1
8	94	u08-p094-s008	narrator	coming.	1
8	94	u08-p094-s032	narrator	Let’s see how people all over the world are	1
8	94	u08-p094-s009	narrator	celebrating it.	1
8	94	u08-p094-s010	narrator	Look at the man spreading salt on his doorstep.	1
8	94	u08-p094-s033	narrator	This is	1
8	94	u08-p094-s011	narrator	for good luck and peace.	1
8	94	u08-p094-s034	narrator	People in Türkiye think salt	1
8	94	u08-p094-s012	narrator	will keep them from bad things in the coming year.	1
8	94	u08-p094-s013	narrator	Isn’t that interestingg	1
8	94	u08-p094-s035	narrator	Here in Greece, an old woman is hanging onions on her door.	2
8	94	u08-p094-s036	narrator	It’s a Greek tradition to welcome the new	1
8	94	u08-p094-s015	narrator	year.	1
8	94	u08-p094-s016	narrator	Onions are a symbol of good luck and health.	1
8	94	u08-p094-s017	narrator	It’s near midnight in Denmark.	1
8	94	u08-p094-s018	narrator	Look!	1
8	94	u08-p094-s037	narrator	The families are	1
8	94	u08-p094-s019	narrator	all standing on chairs.	1
8	94	u08-p094-s038	narrator	When the clock strikes 12, they	1
8	94	u08-p094-s039	narrator	jump off their chairs into the new year, in the hope of getting over any problem in the year ahead!	2
8	94	u08-p094-s040	narrator	In Colombia, some people are carrying suitcases around the block.	2
8	94	u08-p094-s022	narrator	Are they travellersg	1
8	94	u08-p094-s023	narrator	No!	1
8	94	u08-p094-s041	narrator	They’re	1
8	94	u08-p094-s024	narrator	hoping for a new year with lots of travel.	1
8	94	u08-p094-s042	narrator	The world is full of wonderful and interesting New	1
8	94	u08-p094-s025	narrator	Year traditions.	1
8	94	u08-p094-s026	narrator	But wherever you are, Happy New Year!	1
8	95	u08-p095-s016	narrator	Unit 8	1
8	95	u08-p095-s002	narrator	Fill in the blanks with the correct words.	2
8	95	u08-p095-s001	narrator	A Look at the following pictures about how people are celebrating New Year.	1
8	95	u08-p095-s003	narrator	Then match each of the pictures with the correct country.	1
8	95	u08-p095-s017	narrator	a Türkiye	1
8	95	u08-p095-s018	narrator	b Greece	1
8	95	u08-p095-s019	narrator	c Denmark	1
8	95	u08-p095-s020	narrator	d Colombia	1
8	95	u08-p095-s022	narrator	The man	1
8	95	u08-p095-s028	narrator	on	1
8	95	u08-p095-s021	narrator	Some people	1
8	95	u08-p095-s004	narrator	the doorstep.	1
8	95	u08-p095-s005	narrator	around the block.	1
8	95	u08-p095-s024	narrator	People	1
8	95	u08-p095-s029	narrator	to	1
8	95	u08-p095-s023	narrator	An old lady	1
8	95	u08-p095-s030	narrator	on	1
8	95	u08-p095-s006	narrator	celebrate New Year.	1
8	95	u08-p095-s007	narrator	the door of her house.	1
8	95	u08-p095-s009	narrator	Write a T if a sentence is true or an F if it is false.	1
8	95	u08-p095-s010	narrator	Then correct the false one(s).	2
8	95	u08-p095-s008	narrator	B Read the video script again.	1
8	95	u08-p095-s025	narrator	People in Türkiye like to spread sugar on the ground to welcome the new year.	2
8	95	u08-p095-s012	narrator	2 Greek people think onions can bring them good luck and health.	1
8	95	u08-p095-s013	narrator	3 People in Denmark sit on chairs quietly to welcome the new year.	1
8	95	u08-p095-s026	narrator	In Colombia, people carry suitcases around the block to catch the train home.	2
8	95	u08-p095-s027	narrator	The video is about some interesting New Year celebrations in different countries.	2
8	96	u08-p096-s017	narrator	Unit 8	1
8	96	u08-p096-s002	narrator	Complete their conversation with the correct forms of the words and phrase in the box below.	2
8	96	u08-p096-s001	narrator	C Amy is watching the video with Shirley.	1
8	96	u08-p096-s003	narrator	block celebrate keep...	3
8	96	u08-p096-s018	narrator	from	1
8	96	u08-p096-s019	narrator	onion	1
8	96	u08-p096-s020	narrator	strike	1
8	96	u08-p096-s021	narrator	midnight	1
8	96	u08-p096-s022	narrator	tradition	1
8	96	u08-p096-s023	narrator	spread	1
8	96	u08-p096-s004	shirley	What are you watching, Amyg	1
8	96	u08-p096-s024	shirley	Shirley:	1
8	96	u08-p096-s026	amy	I’m watching a video about how people all over the world celebrate New Year.	2
8	96	u08-p096-s025	amy	Amy:	1
8	96	u08-p096-s055	shirley	Let me have a look.	1
8	96	u08-p096-s027	shirley	Shirley:	1
8	96	u08-p096-s028	shirley	Why are these people spreading salt on the doorstepg	2
8	96	u08-p096-s031	amy	People in Türkiye like to welcome the new year this way.	1
8	96	u08-p096-s032	amy	They think salt will keep them from bad things in the coming year.	2
8	96	u08-p096-s030	amy	Amy:	1
8	96	u08-p096-s005	shirley	That’s interesting!	1
8	96	u08-p096-s056	shirley	And what’s this woman doingg	1
8	96	u08-p096-s034	shirley	Shirley:	1
8	96	u08-p096-s036	amy	She’s hanging onions on her door to wish for good luck and health.	2
8	96	u08-p096-s035	amy	Amy:	1
8	96	u08-p096-s038	amy	It’s a New Year in Greece.	1
8	96	u08-p096-s039	narrator	It’s near midnight.	1
8	96	u08-p096-s040	narrator	Why are these people all standing on the chairsg	1
8	96	u08-p096-s042	amy	It’s a tradition in Denmark.	1
8	96	u08-p096-s043	amy	People are ready to jump into the new year when the clock strikes 12.	2
8	96	u08-p096-s041	amy	Amy:	1
8	96	u08-p096-s006	shirley	Where are these peopleg	1
8	96	u08-p096-s057	shirley	What are they doingg	1
8	96	u08-p096-s045	shirley	Shirley:	1
8	96	u08-p096-s047	amy	These people are in Colombia.	1
8	96	u08-p096-s048	amy	They’re walking around the block with suitcases.	2
8	96	u08-p096-s046	amy	Amy:	1
8	96	u08-p096-s050	amy	They’re hoping for a new year with lots of travel.	2
8	96	u08-p096-s007	shirley	That looks fun!	1
8	96	u08-p096-s052	shirley	Shirley:	1
8	96	u08-p096-s008	narrator	D Think about the questions below.	1
8	96	u08-p096-s009	shirley	Share your answers with your classmates.	1
8	96	u08-p096-s010	narrator	1 Which of the celebrations in the four countries interests you mostg	1
8	96	u08-p096-s011	narrator	Whyg	1
8	96	u08-p096-s053	narrator	People often use the phrase “out with the old, in with the new” when they celebrate New Year.	2
8	96	u08-p096-s013	narrator	What does it mean in Chineseg	1
8	96	u08-p096-s014	narrator	3 Do you know any other interesting ways to celebrate New Yearg	1
8	96	u08-p096-s054	narrator	Share one with your classmates.	2
8	97	u08-p097-s027	narrator	Unit 8	1
8	97	u08-p097-s028	narrator	Grammar	1
8	97	u08-p097-s021	narrator	Present continuous tense	1
8	97	u08-p097-s001	narrator	Kitty is writing about New Year celebrations at her school.	1
8	97	u08-p097-s002	narrator	Read the text and pay attention to the expressions in bold.	2
8	97	u08-p097-s004	narrator	Our school is having a show to celebrate the festival.	1
8	97	u08-p097-s003	narrator	New Year’s Day is coming.	1
8	97	u08-p097-s006	narrator	We are dancing.	1
8	97	u08-p097-s005	narrator	Look at me, the girl in the middle!	1
8	97	u08-p097-s007	narrator	The boy behind us is Daniel.	1
8	97	u08-p097-s008	narrator	He is playing the violin.	1
8	97	u08-p097-s029	narrator	She is playing the piano with	1
8	97	u08-p097-s009	narrator	The girl over there is Sandy.	1
8	97	u08-p097-s011	narrator	They are playing lively music for the dance.	1
8	97	u08-p097-s010	narrator	another girl.	1
8	97	u08-p097-s030	narrator	We use the present continuous tense to talk about things that are	1
8	97	u08-p097-s031	narrator	(happening now, in the past).	1
8	97	u08-p097-s032	narrator	We make positive and negative sentences using the present continuous tense like	1
8	97	u08-p097-s033	narrator	this:	1
8	97	u08-p097-s022	narrator	I am	2
8	97	u08-p097-s023	narrator	I am not	2
8	97	u08-p097-s034	narrator	You/We/They are playing.	2
8	97	u08-p097-s036	narrator	are not playing.	2
8	97	u08-p097-s035	narrator	You/We/They	1
8	97	u08-p097-s038	narrator	is	1
8	97	u08-p097-s040	narrator	is not	1
8	97	u08-p097-s037	narrator	He/She/It	1
8	97	u08-p097-s039	narrator	He/She/It	1
8	97	u08-p097-s041	narrator	We ask and answer questions using the present continuous tense like this:	1
8	97	u08-p097-s024	narrator	Am I	2
8	97	u08-p097-s014	narrator	I am.	2
8	97	u08-p097-s042	narrator	Are	1
8	97	u08-p097-s015	narrator	playingg	1
8	97	u08-p097-s025	narrator	Yes,	1
8	97	u08-p097-s016	narrator	you/we/they are.	2
8	97	u08-p097-s043	narrator	you/we/they Is	2
8	97	u08-p097-s017	narrator	he/she/it is.	2
8	97	u08-p097-s045	narrator	he/she/it	1
8	97	u08-p097-s018	narrator	I am not/’m not.	2
8	97	u08-p097-s026	narrator	No,	1
8	97	u08-p097-s019	narrator	you/we/they are not/aren’t.	2
8	97	u08-p097-s020	narrator	he/she/it is not/isn’t.	2
8	98	u08-p098-s017	narrator	Unit 8	1
8	98	u08-p098-s001	narrator	The table below shows how we make the -ing form of a verb.	1
8	98	u08-p098-s019	narrator	ing	1
8	98	u08-p098-s020	narrator	walk ‹ walking	1
8	98	u08-p098-s018	narrator	Most verbs	1
8	98	u08-p098-s021	narrator	Verbs ending in a silent e	1
8	98	u08-p098-s022	narrator	e + ing	1
8	98	u08-p098-s023	narrator	welcome ‹ welcoming	1
8	98	u08-p098-s024	narrator	Verbs ending in -ie	1
8	98	u08-p098-s025	narrator	ie + y + ing	1
8	98	u08-p098-s026	narrator	lie ‹ lying	1
8	98	u08-p098-s027	narrator	Some verbs ending in a	1
8	98	u08-p098-s028	narrator	double the consonant + ing	1
8	98	u08-p098-s029	narrator	put ‹ putting	1
8	98	u08-p098-s016	narrator	vowel + a consonant	1
8	98	u08-p098-s002	narrator	A Amy is showing Millie a video about how her family are celebrating New Year.	1
8	98	u08-p098-s003	narrator	Complete her sentences with the correct forms of the verbs in brackets.	1
8	98	u08-p098-s030	narrator	My mum (make) spring rolls.	1
8	98	u08-p098-s004	narrator	It’s three o’clock in the afternoon.	1
8	98	u08-p098-s031	narrator	My grandpa (water) the flowers at the moment.	1
8	98	u08-p098-s032	narrator	They	1
8	98	u08-p098-s060	narrator	(cook)	1
8	98	u08-p098-s005	narrator	Now my grandma and my dad are in the kitchen.	1
8	98	u08-p098-s033	narrator	dinner.	1
8	98	u08-p098-s034	narrator	My sister Shirley (sit) on the chair and playing with her toys.	2
8	98	u08-p098-s006	narrator	Look!	1
8	98	u08-p098-s036	narrator	We (eat) dinner together at the table.	1
8	98	u08-p098-s007	narrator	It’s dinner time!	1
8	98	u08-p098-s037	narrator	I (watch) a TV show about New Year with my family now.	1
8	98	u08-p098-s010	narrator	Use the present continuous tense of the verbs in brackets.	2
8	98	u08-p098-s008	narrator	B Amy and Sandy are talking on the phone.	1
8	98	u08-p098-s009	narrator	Complete their conversation.	1
8	98	u08-p098-s011	amy	Hi, Sandy.	1
8	98	u08-p098-s064	amy	What are you doing right nowg	1
8	98	u08-p098-s038	amy	Amy:	1
8	98	u08-p098-s065	sandy	I (watch) the Vienna New Year’s Concert on TV.	1
8	98	u08-p098-s039	sandy	Sandy:	1
8	98	u08-p098-s042	amy	What they (play)g	1
8	98	u08-p098-s041	amy	Oh, reallyg	1
8	98	u08-p098-s040	amy	Amy:	1
8	98	u08-p098-s066	sandy	They’re playing a famous piece from the Strauss family.	1
8	98	u08-p098-s043	sandy	Sandy:	1
8	98	u08-p098-s044	sandy	Now some	1
8	98	u08-p098-s045	sandy	people (dance) to the music.	1
8	98	u08-p098-s048	amy	your parents	1
8	98	u08-p098-s061	amy	(watch)	1
8	98	u08-p098-s047	amy	That sounds like fun!	1
8	98	u08-p098-s046	amy	Amy:	1
8	98	u08-p098-s049	amy	with you toog	1
8	98	u08-p098-s067	sandy	No, they aren’t.	1
8	98	u08-p098-s050	sandy	Sandy:	1
8	98	u08-p098-s051	sandy	My dad	1
8	98	u08-p098-s062	sandy	(shop) in the supermarket, and	1
8	98	u08-p098-s052	sandy	my mum (clean) the flat.	1
8	98	u08-p098-s053	sandy	They’re busy today!	1
8	98	u08-p098-s063	amy	(get) ready for a big family	1
8	98	u08-p098-s056	amy	We	1
8	98	u08-p098-s055	amy	My family are busy too.	1
8	98	u08-p098-s054	amy	Amy:	1
8	98	u08-p098-s057	amy	dinner tonight.	1
8	98	u08-p098-s012	sandy	Are you having a good timeg	1
8	98	u08-p098-s058	sandy	Sandy:	1
8	98	u08-p098-s013	amy	Yes.	1
8	98	u08-p098-s068	amy	I love celebrating New Year.	1
8	98	u08-p098-s059	amy	Amy:	1
8	98	u08-p098-s015	narrator	Write a short text about what people in the photos are doing, using the present continuous tense.	2
8	98	u08-p098-s014	narrator	C Find some photos of New Year celebrations at your school or home.	1
8	99	u08-p099-s026	narrator	Unit 8	1
8	99	u08-p099-s027	narrator	Pronunciation	1
8	99	u08-p099-s028	narrator	and /v/	1
8	99	u08-p099-s001	narrator	When you make the /w/ sound, you push your lips forward and make your mouth round.	2
8	99	u08-p099-s029	narrator	wait	1
8	99	u08-p099-s030	narrator	wet	1
8	99	u08-p099-s031	narrator	warm	1
8	99	u08-p099-s032	narrator	worry	1
8	99	u08-p099-s033	narrator	walk	1
8	99	u08-p099-s034	narrator	went	1
8	99	u08-p099-s035	narrator	what	1
8	99	u08-p099-s036	narrator	water	1
8	99	u08-p099-s002	narrator	When you make the /v/ sound, make sure that your top teeth touch your lower lip and push air out of your mouth.	2
8	99	u08-p099-s037	narrator	van	1
8	99	u08-p099-s038	narrator	voice	1
8	99	u08-p099-s039	narrator	volleyball	1
8	99	u08-p099-s040	narrator	very	1
8	99	u08-p099-s041	narrator	video	1
8	99	u08-p099-s042	narrator	visit	1
8	99	u08-p099-s043	narrator	violin	1
8	99	u08-p099-s044	narrator	view	1
8	99	u08-p099-s004	narrator	Read Millie’s messages to Wendy and try to pronounce the /w/ and /v/ sounds correctly.	2
8	99	u08-p099-s003	narrator	A Millie is waiting for Wendy at Sunshine Park.	1
8	99	u08-p099-s005	narrator	Wendy, when will you get hereg	1
8	99	u08-p099-s006	narrator	Can you find the wayg	1
8	99	u08-p099-s007	narrator	Don’t worry.	1
8	99	u08-p099-s008	narrator	You can get help from this website.	1
8	99	u08-p099-s009	narrator	A lot of people are watching a show in the park.	1
8	99	u08-p099-s045	narrator	What a	1
8	99	u08-p099-s010	narrator	wonderful voice!	1
8	99	u08-p099-s011	narrator	B Here is a tongue twister.	1
8	99	u08-p099-s012	narrator	Listen carefully.	1
8	99	u08-p099-s013	narrator	Then practise reading it correctly.	1
8	99	u08-p099-s014	narrator	Wendy and I are watching a New Year show.	1
8	99	u08-p099-s046	narrator	Two artists, Violet and William,	1
8	99	u08-p099-s015	narrator	are singing at the Window of the World.	1
8	99	u08-p099-s016	narrator	Both Violet and William have a very wonderful voice.	1
8	99	u08-p099-s017	narrator	They sing very well.	1
8	99	u08-p099-s018	narrator	Their song is about warm wishes for the new year.	1
8	99	u08-p099-s021	narrator	Then practise saying the sentences.	2
8	99	u08-p099-s019	narrator	C Simon is asking Annie about her favourite festival.	1
8	99	u08-p099-s020	narrator	Listen to what they say.	1
8	99	u08-p099-s022	narrator	Which festival is your favouriteg	2
8	99	u08-p099-s023	narrator	I like the Lantern Festival best.	2
8	99	u08-p099-s024	narrator	I like to visit the park very much.	2
8	99	u08-p099-s025	narrator	I can enjoy the colourful lantern show!	2
8	100	u08-p100-s016	narrator	Unit 8	1
8	100	u08-p100-s017	narrator	Integration	1
8	100	u08-p100-s018	narrator	Festivals for the family	1
8	100	u08-p100-s002	narrator	Students are learning about different festivals.	2
8	100	u08-p100-s001	narrator	A It is the Festival Week at Sunshine Middle School.	1
8	100	u08-p100-s003	narrator	Read the article and answer the questions below.	1
8	100	u08-p100-s019	narrator	The Double Ninth Festival	1
8	100	u08-p100-s004	narrator	The Double Ninth Festival is in autumn.	1
8	100	u08-p100-s020	narrator	On this day, people	1
8	100	u08-p100-s021	narrator	often go mountain climbing to enjoy the natural beauty of autumn.	2
8	100	u08-p100-s022	narrator	The Double Ninth	1
8	100	u08-p100-s023	narrator	Festival is also a time to show respect and love for our elders.	3
8	100	u08-p100-s025	narrator	This is because	1
8	100	u08-p100-s015	narrator	“double ninth” sounds	1
8	100	u08-p100-s026	narrator	like the word “forever” in	1
8	100	u08-p100-s007	narrator	Chinese.	1
8	100	u08-p100-s027	narrator	On this day, we	1
8	100	u08-p100-s028	narrator	wish our elders a long and happy life.	2
8	100	u08-p100-s009	narrator	1 What do people do on the Double Ninth Festivalg	1
8	100	u08-p100-s010	narrator	2 Does your family have any special traditions on the Double Ninth Festivalg	1
8	100	u08-p100-s011	narrator	What are theyg	1
8	100	u08-p100-s013	narrator	Listen to their conversation and complete the notes below.	2
8	100	u08-p100-s012	narrator	B Simon is talking to his sister Annie about Mother’s Day and Father’s Day.	1
8	100	u08-p100-s029	narrator	Mother’s Day	1
8	100	u08-p100-s030	narrator	Father’s Day	1
8	100	u08-p100-s032	narrator	The	1
8	100	u08-p100-s041	narrator	in May	1
8	100	u08-p100-s033	narrator	The third Sunday in	1
8	100	u08-p100-s031	narrator	Date	1
8	100	u08-p100-s035	narrator	Make	1
8	100	u08-p100-s042	narrator	for mums	1
8	100	u08-p100-s043	narrator	to dads	1
8	100	u08-p100-s036	narrator	Give	1
8	100	u08-p100-s034	narrator	Activities	1
8	100	u08-p100-s037	narrator	Give	1
8	100	u08-p100-s038	narrator	Do	1
8	100	u08-p100-s044	narrator	to mums	1
8	100	u08-p100-s045	narrator	for dads	1
8	100	u08-p100-s040	narrator	It is a	1
8	100	u08-p100-s046	narrator	for children to do	1
8	100	u08-p100-s039	narrator	Both are around the world.	1
8	100	u08-p100-s014	narrator	something nice for their parents on these days.	1
8	101	u08-p101-s019	narrator	Unit 8	1
8	101	u08-p101-s002	narrator	Work in pairs and talk about how you celebrate some important festivals.	2
8	101	u08-p101-s001	narrator	C Simon is talking to Will about important festivals.	1
8	101	u08-p101-s003	narrator	Use the conversation below as a model.	1
8	101	u08-p101-s004	simon	Hey, Will.	1
8	101	u08-p101-s040	simon	What do you usually do for Christmas in the UKg	1
8	101	u08-p101-s020	simon	Simon:	1
8	101	u08-p101-s005	will	We usually get together with family and friends for a big dinner.	1
8	101	u08-p101-s041	will	We give each other presents and sing Christmas songs.	1
8	101	u08-p101-s021	will	Will:	1
8	101	u08-p101-s006	will	We use “Lovely!” as a response when we want to show we are happy about what someone said or did, similar to “That’s nice/great!”	9
8	101	u08-p101-s023	will	TIP	1
8	101	u08-p101-s008	simon	Lovely!	1
8	101	u08-p101-s042	simon	In China, the Spring Festival is the most important festival of the year, like your Christmas.	1
8	101	u08-p101-s022	simon	Simon:	1
8	101	u08-p101-s043	simon	We clean and decorate our homes, and we also have a big family dinner on the Chinese New Year’s Eve.	1
8	101	u08-p101-s009	will	That sounds like a lot of fun too!	1
8	101	u08-p101-s044	will	I’d love to spend the Spring Festival in China one day.	1
8	101	u08-p101-s024	will	Will:	1
8	101	u08-p101-s010	narrator	D The students in Class 1, Grade 7 are writing about their favourite festivals.	1
8	101	u08-p101-s011	narrator	D1 Here is Simon’s writing plan.	1
8	101	u08-p101-s012	narrator	Read it below.	1
8	101	u08-p101-s015	narrator	The Spring Festival	1
8	101	u08-p101-s013	narrator	How do people celebrate the Spring Festivalg	3
8	101	u08-p101-s014	narrator	What is the Spring Festivalg	2
8	101	u08-p101-s016	narrator	clean their homes	1
8	101	u08-p101-s025	narrator	an important	1
8	101	u08-p101-s026	narrator	holiday in China	1
8	101	u08-p101-s027	narrator	put up the Spring	1
8	101	u08-p101-s028	narrator	Festival couplets	1
8	101	u08-p101-s029	narrator	most Chinese	1
8	101	u08-p101-s030	narrator	families celebrate it	1
8	101	u08-p101-s017	narrator	families get together	1
8	101	u08-p101-s031	narrator	always in January	1
8	101	u08-p101-s033	narrator	have a big dinner	1
8	101	u08-p101-s032	narrator	or February	1
8	101	u08-p101-s034	narrator	the Spring	1
8	101	u08-p101-s018	narrator	watch TV	1
8	101	u08-p101-s035	narrator	Festival Gala	1
8	101	u08-p101-s037	narrator	kids get red	1
8	101	u08-p101-s036	narrator	visit relatives and	1
8	101	u08-p101-s039	narrator	packets	1
8	101	u08-p101-s038	narrator	friends	1
8	102	u08-p102-s025	narrator	Unit 8	1
8	102	u08-p102-s001	narrator	D2 Read Simon’s article about his favourite festival.	1
8	102	u08-p102-s024	narrator	The Spring Festival	1
8	102	u08-p102-s002	narrator	My favourite festival is the Spring Festival.	1
8	102	u08-p102-s026	narrator	It is an important	1
8	102	u08-p102-s003	narrator	holiday in China.	1
8	102	u08-p102-s004	narrator	It is always in January or February.	1
8	102	u08-p102-s027	narrator	Usually, people clean their homes and put up the Spring Festival couplets beforehand.	2
8	102	u08-p102-s028	narrator	On the Chinese New Year’s Eve, families get	1
8	102	u08-p102-s006	narrator	together and enjoy a big dinner.	1
8	102	u08-p102-s029	narrator	We prepare some dishes with	1
8	102	u08-p102-s007	narrator	special meanings, like jiaozi and niangao.	1
8	102	u08-p102-s030	narrator	Then people like to watch	1
8	102	u08-p102-s008	narrator	the Spring Festival Gala on TV.	1
8	102	u08-p102-s031	narrator	During the holiday, people visit	1
8	102	u08-p102-s009	narrator	relatives and friends and send each other good wishes.	1
8	102	u08-p102-s032	narrator	Elders often	1
8	102	u08-p102-s010	narrator	give kids red packets to wish them good luck.	1
8	102	u08-p102-s011	narrator	The Spring Festival lasts till the Lantern Festival.	1
8	102	u08-p102-s033	narrator	It is often cold at	1
8	102	u08-p102-s012	narrator	this time of year, but people feel warm in their hearts.	1
8	102	u08-p102-s015	narrator	Use Simon’s article as a model.	2
8	102	u08-p102-s013	narrator	D3 Write about your favourite festival.	1
8	102	u08-p102-s014	narrator	Make a writing plan like the one in Part D1.	1
8	102	u08-p102-s034	narrator	Useful expressions	1
8	102	u08-p102-s016	narrator	My favourite festival is …	1
8	102	u08-p102-s017	narrator	It is usually/always in …	1
8	102	u08-p102-s018	narrator	On this day, we dance/sing/send each other wishes/…	1
8	102	u08-p102-s035	narrator	During this festival, we have a big dinner/spend time with	1
8	102	u08-p102-s019	narrator	family/watch a firework show/…	1
8	102	u08-p102-s020	narrator	Usually, people …	1
8	102	u08-p102-s021	narrator	is a popular activity/tradition.	1
8	102	u08-p102-s022	narrator	The best part about this festival is that …	1
8	102	u08-p102-s023	narrator	It lasts until …	1
8	103	u08-p103-s014	narrator	Unit 8	1
8	103	u08-p103-s015	narrator	Assessment	1
8	103	u08-p103-s016	narrator	What I can do	1
8	103	u08-p103-s017	narrator	Me	1
8	103	u08-p103-s018	narrator	Partner	1
8	103	u08-p103-s001	narrator	1 I can describe how people celebrate different festivals around the world.	2
8	103	u08-p103-s002	narrator	2 I can use the present continuous tense correctly.	1
8	103	u08-p103-s003	narrator	3 I can talk and write about my favourite festivals with the new words in this unit.	2
8	103	u08-p103-s004	narrator	4 I can pronounce the sounds /w/ and /v/ correctly in words.	2
8	103	u08-p103-s005	narrator	5 I know more about the meaning of different festivals around the world.	2
8	103	u08-p103-s006	narrator	* Assess your learning of new words and grammar by doing the exercises on page 127.	1
8	103	u08-p103-s019	narrator	Result:	1
8	103	u08-p103-s020	narrator	Weak	1
8	103	u08-p103-s021	narrator	Good	1
8	103	u08-p103-s022	narrator	Wonderful	1
8	103	u08-p103-s007	narrator	I am good at.	2
8	103	u08-p103-s008	narrator	I need to spend more time on.	2
8	103	u08-p103-s023	narrator	My action plan:	1
8	103	u08-p103-s024	narrator	Further study	1
8	103	u08-p103-s025	narrator	Chinese New Year: The Biggest Celebration on Earth is an English TV documentary about the Chinese New Year.	2
8	103	u08-p103-s026	narrator	It looks at all the interesting and exciting Chinese	1
8	103	u08-p103-s027	narrator	New Year traditions, such as the temple fair in Beijing and the lion dance in	1
8	103	u08-p103-s010	narrator	Hong Kong.	1
8	103	u08-p103-s028	narrator	Watch the programme and learn more about different ways of	1
8	103	u08-p103-s011	narrator	celebrating the festival around China.	1
8	103	u08-p103-s029	narrator	Are there any special Chinese New Year	1
8	103	u08-p103-s012	narrator	traditions in your hometowng	1
8	103	u08-p103-s013	narrator	Share them with your classmates.	1
10	104	u10-p104-s001	narrator	Project 2	1
10	104	u10-p104-s002	narrator	A party plan to celebrate New Year	1
10	104	u10-p104-s003	narrator	The students in Class 1, Grade 7 will have a party to celebrate New Year.	1
10	104	u10-p104-s004	narrator	Your class will do the same thing.	2
10	104	u10-p104-s005	narrator	Work in groups and make plans on how to celebrate New Year.	2
10	104	u10-p104-s006	narrator	A Plan	1
10	104	u10-p104-s007	narrator	1 Work in groups and discuss fun ways to celebrate the beginning of the new year and other details of the party.	2
10	104	u10-p104-s008	narrator	2 Organize your ideas by answering a list of questions.	1
10	104	u10-p104-s009	narrator	Use the questions below to help you and make notes of your answers.	2
10	104	u10-p104-s010	narrator	Questions	1
10	104	u10-p104-s011	narrator	Answers	1
10	104	u10-p104-s012	narrator	• When and where will the party take placeg	1
10	104	u10-p104-s013	narrator	• What is the budget for the partyg	1
10	104	u10-p104-s014	narrator	• What food and drinks will you buy for the partyg	1
10	104	u10-p104-s015	narrator	• How will you decorate the place for the partyg	1
10	104	u10-p104-s016	narrator	• Is there a dress codeg	1
10	104	u10-p104-s017	narrator	• Will there be any music or dancingg	1
10	104	u10-p104-s018	narrator	• What other activities will there beg	1
10	104	u10-p104-s019	narrator	We can have a fashion show.	1
10	104	u10-p104-s020	narrator	Students can wear their favourite clothes or design their own.	2
10	104	u10-p104-s021	narrator	We can get a large piece of paper and ask our classmates to write down their goals for the coming year.	2
10	104	u10-p104-s022	narrator	We can also write down our favourite moments from the past year.	2
10	104	u10-p104-s023	narrator	B Make	1
10	104	u10-p104-s024	narrator	1 Once you have a good idea of what you want to do for the party, start writing the draft of your plan.	2
10	104	u10-p104-s025	narrator	Your plan should include the following information:	1
10	104	u10-p104-s026	narrator	Details of the party: time, place, etc.	1
10	104	u10-p104-s027	narrator	Resources for the party: things for the party and how to get them	1
10	104	u10-p104-s028	narrator	Budget for the party: costs of food, drinks, decorations, etc.	1
10	104	u10-p104-s029	narrator	Timeline of the party	1
10	105	u10-p105-s001	narrator	2:30 p.m.: Students arrive and get things ready.	2
10	105	u10-p105-s002	narrator	3 p.m.: The party begins with a dance from Kitty and Amy.	2
10	105	u10-p105-s003	narrator	3:10 p.m.: Mr Wu’s speech	1
10	105	u10-p105-s004	narrator	3:20 p.m.: Fashion show	1
10	105	u10-p105-s005	narrator	3:50 p.m.: Students write down their new year goals and favourite moments from last year.	2
10	105	u10-p105-s006	narrator	2 Discuss your plan and make changes if you need to.	1
10	105	u10-p105-s007	narrator	3 Check for spelling and grammar mistakes.	1
10	105	u10-p105-s008	narrator	4 Draw pictures and use colour to make your plan look lively.	1
10	105	u10-p105-s009	narrator	5 Design a colourful cover page for your plan to make it attractive.	1
10	105	u10-p105-s010	narrator	C Share	1
10	105	u10-p105-s011	narrator	1 Tell your classmates about the main points of your plan.	1
10	105	u10-p105-s012	narrator	Include details of the theme, time, place, decorations, food, activities, budget and any other information.	3
10	105	u10-p105-s013	narrator	2 Class vote for the most popular party plan.	1
11	106	u11-p106-s017	narrator	Workbook	1
11	106	u11-p106-s018	narrator	Unit 1	1
11	106	u11-p106-s019	narrator	A My deskmate	1
11	106	u11-p106-s002	narrator	Complete their introductions with the correct words.	2
11	106	u11-p106-s001	narrator	A1 Simon and Sandy are introducing their deskmates.	1
11	106	u11-p106-s003	narrator	The first letter of each word is given.	1
11	106	u11-p106-s005	narrator	I really like my deskmate David.	2
11	106	u11-p106-s004	narrator	I love my new school.	1
11	106	u11-p106-s020	narrator	I have great c.	1
11	106	u11-p106-s006	narrator	He's tall.	1
11	106	u11-p106-s021	narrator	David e sport.	1
11	106	u11-p106-s007	narrator	I do too!	2
11	106	u11-p106-s022	narrator	We both have lots of e.	1
11	106	u11-p106-s008	narrator	David's favourite sport is basketball.	2
11	106	u11-p106-s023	narrator	He has a basketball m next	1
11	106	u11-p106-s024	narrator	week.	1
11	106	u11-p106-s009	narrator	My deskmate is Nora.	1
11	106	u11-p106-s010	narrator	I like her a lot.	1
11	106	u11-p106-s025	narrator	She has a p	1
11	106	u11-p106-s026	narrator	face.	1
11	106	u11-p106-s027	narrator	She's very f too.	1
11	106	u11-p106-s028	narrator	Nora is i	1
11	106	u11-p106-s029	narrator	in DIY.	1
11	106	u11-p106-s011	narrator	She talks about it often.	1
11	106	u11-p106-s030	narrator	DIY sounds f!	1
11	106	u11-p106-s013	narrator	Complete their conversations with the correct forms of the verb be.	2
11	106	u11-p106-s012	narrator	A2 Simon and Sandy are introducing their deskmates to their parents.	1
11	106	u11-p106-s032	mum	you happy at school, my dearg	1
11	106	u11-p106-s031	mum	Mum:	1
11	106	u11-p106-s058	simon	Sure!	1
11	106	u11-p106-s033	simon	Simon:	1
11	106	u11-p106-s034	simon	Look at this photo.	1
11	106	u11-p106-s035	simon	Here I with my deskmate David.	2
11	106	u11-p106-s038	mum	Oh, David tall.	1
11	106	u11-p106-s037	mum	Mum:	1
11	106	u11-p106-s059	simon	Yes, he	1
11	106	u11-p106-s039	simon	Simon:	1
11	106	u11-p106-s041	mum	he good at basketballg	1
11	106	u11-p106-s040	mum	Mum:	1
11	106	u11-p106-s060	simon	Yes!	1
11	106	u11-p106-s042	simon	Simon:	1
11	106	u11-p106-s043	simon	David and I	1
11	106	u11-p106-s057	simon	both good	1
11	106	u11-p106-s044	simon	basketball players.	1
11	106	u11-p106-s046	dad	this girl your classmateg	1
11	106	u11-p106-s014	dad	What a nice photo, Sandy!	1
11	106	u11-p106-s045	dad	Dad:	1
11	106	u11-p106-s061	sandy	Yes.	1
11	106	u11-p106-s047	sandy	Sandy:	1
11	106	u11-p106-s049	sandy	We deskmates.	1
11	106	u11-p106-s048	sandy	Her name is Nora.	1
11	106	u11-p106-s051	dad	Nora interested in music,	1
11	106	u11-p106-s050	dad	Dad:	1
11	106	u11-p106-s052	dad	like youg	1
11	106	u11-p106-s062	sandy	No, she	1
11	106	u11-p106-s053	sandy	Sandy:	1
11	106	u11-p106-s054	sandy	She likes DIY.	1
11	106	u11-p106-s015	dad	That’s a nice hobby.	1
11	106	u11-p106-s055	dad	Dad:	1
11	106	u11-p106-s016	sandy	Yes, I think so too.	1
11	106	u11-p106-s056	sandy	Sandy:	1
11	107	u11-p107-s018	narrator	Unit 1	1
11	107	u11-p107-s019	narrator	B My teachers	1
11	107	u11-p107-s002	narrator	Listen to Sandy and match the people with the pictures.	2
11	107	u11-p107-s001	narrator	B1 Sandy is introducing her teachers.	1
11	107	u11-p107-s003	narrator	Write the correct letters in the blanks.	1
11	107	u11-p107-s020	narrator	a Mr Chen	1
11	107	u11-p107-s021	narrator	b Ms Zhao	1
11	107	u11-p107-s022	narrator	c Ms Lin	1
11	107	u11-p107-s023	narrator	d Mr Li	1
11	107	u11-p107-s006	narrator	Use the expressions below to help you.	2
11	107	u11-p107-s004	narrator	B2 Look at the picture below.	1
11	107	u11-p107-s005	narrator	Describe what you see to your partner.	1
11	107	u11-p107-s007	narrator	This is...	1
11	107	u11-p107-s008	narrator	She’s...	1
11	107	u11-p107-s009	narrator	Her …	1
11	107	u11-p107-s010	narrator	is...	1
11	107	u11-p107-s011	narrator	In this picture,...	1
11	107	u11-p107-s012	narrator	It’s a … day.	2
11	107	u11-p107-s014	narrator	What a … day!	2
11	107	u11-p107-s016	narrator	She likes...	1
11	107	u11-p107-s017	narrator	They’re enjoying …	1
11	108	u11-p108-s025	narrator	Unit 1	1
11	108	u11-p108-s026	narrator	C My basketball team	1
11	108	u11-p108-s002	narrator	Read David’s introduction and answer the questions.	2
11	108	u11-p108-s001	narrator	C1 David is introducing some of his basketball teammates.	1
11	108	u11-p108-s003	narrator	I’m in the school basketball team.	1
11	108	u11-p108-s004	narrator	My teammates are great!	2
11	108	u11-p108-s005	narrator	Tom is tall and thin.	1
11	108	u11-p108-s007	narrator	He always gets the ball!	2
11	108	u11-p108-s006	narrator	He can run fast.	1
11	108	u11-p108-s008	narrator	John is kind and friendly.	1
11	108	u11-p108-s009	narrator	He’s a great basketball player.	2
11	108	u11-p108-s010	narrator	He always puts the team first.	2
11	108	u11-p108-s011	narrator	Kevin is not tall, but he plays basketball well.	2
11	108	u11-p108-s012	narrator	He’s also good at many other sports, like football and ping-pong.	1
11	108	u11-p108-s013	narrator	Alex has a round face and wears glasses.	1
11	108	u11-p108-s014	narrator	He likes basketball, but he does not play it very well.	2
11	108	u11-p108-s015	narrator	He works hard to be good at it.	1
11	108	u11-p108-s016	narrator	George is very smart and helpful.	1
11	108	u11-p108-s018	narrator	I learn a lot about the sport from him.	2
11	108	u11-p108-s017	narrator	He helps me play basketball well.	1
11	108	u11-p108-s019	narrator	1 Who can run fastg	1
11	108	u11-p108-s020	narrator	2 Who always puts the team firstg	1
11	108	u11-p108-s021	narrator	3 What sport is Kevin good atg	1
11	108	u11-p108-s022	narrator	4 What does Alex look likeg	1
11	108	u11-p108-s024	narrator	Use the information below to help you.	2
11	108	u11-p108-s023	narrator	C2 Write an introduction to Tom, one of David’s basketball teammates.	1
11	108	u11-p108-s027	narrator	Name: Tom	1
11	108	u11-p108-s028	narrator	Age: 12	1
11	108	u11-p108-s029	narrator	Looks: tall, thin	1
11	108	u11-p108-s030	narrator	Hobbies: basketball, reading, singing	1
11	108	u11-p108-s031	narrator	Character: kind, friendly	1
12	109	u12-p109-s013	narrator	Unit 2	1
12	109	u12-p109-s014	narrator	A Family hobbies	1
12	109	u12-p109-s002	narrator	Help her complete the sentences with the correct forms of the words and phrase in the box.	2
12	109	u12-p109-s001	narrator	A1 Nora is writing about her family members’ hobbies.	1
12	109	u12-p109-s015	narrator	jogging	1
12	109	u12-p109-s016	narrator	master	1
12	109	u12-p109-s017	narrator	paint	1
12	109	u12-p109-s018	narrator	plan	1
12	109	u12-p109-s019	narrator	all kinds of	1
12	109	u12-p109-s020	narrator	volleyball	1
12	109	u12-p109-s021	narrator	join	1
12	109	u12-p109-s022	narrator	member	1
12	109	u12-p109-s023	narrator	I to do a lot of DIY this year.	1
12	109	u12-p109-s003	narrator	My favourite hobby is DIY.	1
12	109	u12-p109-s024	narrator	I want to the DIY Club at school.	1
12	109	u12-p109-s025	narrator	Dad enjoys sports.	1
12	109	u12-p109-s026	narrator	He likes best.	1
12	109	u12-p109-s027	narrator	Mum likes.	1
12	109	u12-p109-s028	narrator	She is a of a running club.	1
12	109	u12-p109-s004	narrator	People from this club run together on Saturdays.	1
12	109	u12-p109-s029	narrator	She is a of this kind of art!	1
12	109	u12-p109-s005	narrator	Grandma loves paper-cutting.	1
12	109	u12-p109-s030	narrator	He all the time.	1
12	109	u12-p109-s007	narrator	His paintings are beautiful.	2
12	109	u12-p109-s006	narrator	Grandpa is an artist.	1
12	109	u12-p109-s009	narrator	Complete their conversation with the correct forms of the verbs in brackets.	2
12	109	u12-p109-s008	narrator	A2 David is talking to Nora about his family members’ hobbies.	1
12	109	u12-p109-s010	nora	What do your family members like doing, Davidg	1
12	109	u12-p109-s031	nora	Nora:	1
12	109	u12-p109-s056	david	My dad (like) playing Chinese chess.	1
12	109	u12-p109-s032	david	David:	1
12	109	u12-p109-s011	nora	Do you play with himg	1
12	109	u12-p109-s033	nora	Nora:	1
12	109	u12-p109-s057	david	Yes, I (do).	1
12	109	u12-p109-s034	david	David:	1
12	109	u12-p109-s035	david	I enjoy it!	1
12	109	u12-p109-s038	nora	Does she (enjoy) Chinese chess toog	1
12	109	u12-p109-s037	nora	And your mumg	1
12	109	u12-p109-s036	nora	Nora:	1
12	109	u12-p109-s058	david	No, she (do).	1
12	109	u12-p109-s039	david	David:	1
12	109	u12-p109-s040	david	She reads a lot.	1
12	109	u12-p109-s041	david	Reading is her favourite	1
12	109	u12-p109-s042	david	hobby.	1
12	109	u12-p109-s044	nora	I (love) reading too.	1
12	109	u12-p109-s045	nora	What about youg	1
12	109	u12-p109-s043	nora	Nora:	1
12	109	u12-p109-s012	david	I like basketball best.	1
12	109	u12-p109-s059	david	My brother enjoys it too.	1
12	109	u12-p109-s046	david	David:	1
12	109	u12-p109-s048	nora	Do you often (play) basketball togetherg	1
12	109	u12-p109-s047	nora	Nora:	1
12	109	u12-p109-s060	david	Yes.	1
12	109	u12-p109-s049	david	David:	1
12	109	u12-p109-s055	david	(go) to	1
12	109	u12-p109-s051	david	We sometimes	1
12	109	u12-p109-s050	david	We also watch it a lot.	1
12	109	u12-p109-s052	david	basketball matches.	1
12	109	u12-p109-s054	nora	That (sound) fun!	1
12	109	u12-p109-s053	nora	Nora:	1
12	110	u12-p110-s015	narrator	Unit 2	1
12	110	u12-p110-s016	narrator	B Our hobbies	1
12	110	u12-p110-s003	narrator	Write a T if a sentence is true or an F if it is false.	2
12	110	u12-p110-s001	narrator	B1 David and Nora are talking about their hobbies.	1
12	110	u12-p110-s002	narrator	Listen to their conversation.	1
12	110	u12-p110-s004	narrator	Then correct the false one(s).	1
12	110	u12-p110-s005	narrator	1 David’s favourite hobby is football.	1
12	110	u12-p110-s006	narrator	2 David plays basketball every day.	1
12	110	u12-p110-s007	narrator	3 David likes his teammates.	1
12	110	u12-p110-s008	narrator	4 David does not like swimming.	1
12	110	u12-p110-s009	narrator	5 Nora’s favourite hobby is drawing.	1
12	110	u12-p110-s010	narrator	6 Nora does her favourite hobby at weekends.	1
12	110	u12-p110-s011	narrator	7 Nora’s mum does not like DIY.	1
12	110	u12-p110-s012	narrator	8 Nora is good at DIY.	1
12	110	u12-p110-s013	narrator	B2 Look at the three pictures.	1
12	110	u12-p110-s014	narrator	In pairs, choose one picture and talk about the hobby in it.	1
12	111	u12-p111-s035	narrator	Unit 2	1
12	111	u12-p111-s036	narrator	C Join school clubs	1
12	111	u12-p111-s001	narrator	C1 Read the club notices and choose the best answer for each question below.	1
12	111	u12-p111-s002	narrator	Music Club Calling all music lovers!	2
12	111	u12-p111-s004	narrator	If you are interested in music, this is the club for you!	2
12	111	u12-p111-s003	narrator	The Music Club is looking for new members.	1
12	111	u12-p111-s005	narrator	The Music Club meets in the music room every Wednesday.	1
12	111	u12-p111-s006	narrator	We always have lots of fun!	2
12	111	u12-p111-s007	narrator	Do you need to know about musicg	1
12	111	u12-p111-s008	narrator	Not at all!	1
12	111	u12-p111-s009	narrator	The club is open to all.	1
12	111	u12-p111-s010	narrator	Ready to joing	1
12	111	u12-p111-s011	narrator	Email Wendy Huang at wendy@sunshine.com.	1
12	111	u12-p111-s012	narrator	Football Club Do you like footballg	2
12	111	u12-p111-s014	narrator	Do you want to make new friendsg	2
12	111	u12-p111-s013	narrator	Do you want to be strong and fitg	1
12	111	u12-p111-s015	narrator	Join the Football Club!	1
12	111	u12-p111-s016	narrator	The Football Club meets on the football field every Friday.	1
12	111	u12-p111-s017	narrator	Members need sports shoes for this club.	2
12	111	u12-p111-s018	narrator	For more information, please call Peter Yuan on 12345678.	1
12	111	u12-p111-s019	narrator	1 How often do club members meetg	1
12	111	u12-p111-s020	narrator	a Once a week.	1
12	111	u12-p111-s021	narrator	b Twice a week.	1
12	111	u12-p111-s022	narrator	c Every day.	1
12	111	u12-p111-s023	narrator	2 What do members of the Football Club need to bringg	1
12	111	u12-p111-s024	narrator	a A football.	1
12	111	u12-p111-s025	narrator	b Sports shoes.	1
12	111	u12-p111-s026	narrator	c A football T-shirt.	1
12	111	u12-p111-s027	narrator	3 Who should you look for if you are interested in singingg	1
12	111	u12-p111-s028	narrator	a Peter Yuan.	1
12	111	u12-p111-s029	narrator	b Wendy Huang.	1
12	111	u12-p111-s030	narrator	c Mr Wu.	1
12	111	u12-p111-s032	narrator	Write an email to show your interest.	2
12	111	u12-p111-s031	narrator	C2 You are interested in one of the clubs above and want to join.	1
12	111	u12-p111-s033	narrator	Use the outline below to help you.	1
12	111	u12-p111-s037	narrator	Dear,	1
12	111	u12-p111-s038	narrator	My name is.	1
12	111	u12-p111-s039	narrator	I am interested in.	1
12	111	u12-p111-s034	narrator	I hope to join the club soon.	1
12	111	u12-p111-s040	narrator	Best wishes,	1
13	112	u13-p112-s012	narrator	Unit 3	1
13	112	u13-p112-s013	narrator	A Lovely school, lovely students	1
13	112	u13-p112-s002	narrator	Help him complete his notes with the correct forms of the words and phrase in the box.	2
13	112	u13-p112-s001	narrator	A1 David is writing about great places at school.	1
13	112	u13-p112-s014	narrator	borrow	1
13	112	u13-p112-s015	narrator	exciting	1
13	112	u13-p112-s016	narrator	magazine	1
13	112	u13-p112-s017	narrator	news	1
13	112	u13-p112-s018	narrator	take place	1
13	112	u13-p112-s019	narrator	chat	1
13	112	u13-p112-s020	narrator	lab	1
13	112	u13-p112-s021	narrator	modern	1
13	112	u13-p112-s022	narrator	spend	1
13	112	u13-p112-s023	narrator	perfect	1
13	112	u13-p112-s003	narrator	1 The school gym is great.	1
13	112	u13-p112-s024	narrator	All the basketball matches	1
13	112	u13-p112-s025	narrator	there.	1
13	112	u13-p112-s026	narrator	They are always very!	1
13	112	u13-p112-s027	narrator	The dining hall is.	1
13	112	u13-p112-s028	narrator	Every day, I eat lunch there and	1
13	112	u13-p112-s029	narrator	with my friends.	1
13	112	u13-p112-s030	narrator	In the library, I like to read some.	1
13	112	u13-p112-s031	narrator	Sometimes, I	1
13	112	u13-p112-s032	narrator	books too.	1
13	112	u13-p112-s033	narrator	Our school has a nice science.	1
13	112	u13-p112-s034	narrator	It is very.	1
13	112	u13-p112-s004	narrator	5 Every day, I check the noticeboards.	1
13	112	u13-p112-s035	narrator	There is often important	1
13	112	u13-p112-s036	narrator	on them.	1
13	112	u13-p112-s037	narrator	I like to time in the school garden.	1
13	112	u13-p112-s005	narrator	It is a beautiful place.	1
13	112	u13-p112-s007	narrator	Complete the diary entry with the correct pronouns.	2
13	112	u13-p112-s006	narrator	A2 Nora is writing a diary entry about her friends at school.	1
13	112	u13-p112-s038	narrator	September	1
13	112	u13-p112-s039	narrator	Dear Diary, At school, have two good friends.	2
13	112	u13-p112-s008	narrator	Sandy likes art.	1
13	112	u13-p112-s041	narrator	often paints in the art room.	1
13	112	u13-p112-s042	narrator	is a	1
13	112	u13-p112-s043	narrator	bright room with lots of great paintings.	1
13	112	u13-p112-s044	narrator	likes being outside.	1
13	112	u13-p112-s045	narrator	I	1
13	112	u13-p112-s009	narrator	David is also my good friend.	1
13	112	u13-p112-s046	narrator	often see in the playground.	1
13	112	u13-p112-s010	narrator	Our dining hall is big and modern.	2
13	112	u13-p112-s047	narrator	like to eat lunch together in the dining hall.	1
13	112	u13-p112-s048	narrator	It is a great place for	1
13	112	u13-p112-s049	narrator	to chat.	1
13	112	u13-p112-s050	narrator	are really nice!	1
13	112	u13-p112-s011	narrator	I like my friends.	1
13	113	u13-p113-s016	narrator	Unit 3	1
13	113	u13-p113-s017	narrator	B Open day	1
13	113	u13-p113-s002	narrator	Listen to their conversation and fill in the blanks below.	2
13	113	u13-p113-s001	narrator	B1 David is telling his mum about his school open day.	1
13	113	u13-p113-s018	narrator	Open day	1
13	113	u13-p113-s019	narrator	Date: October	1
13	113	u13-p113-s020	narrator	What to do	1
13	113	u13-p113-s003	narrator	9 a.m.	1
13	113	u13-p113-s021	narrator	Watch students play different sports on the	1
13	113	u13-p113-s022	narrator	See students’ pictures in the art room Have a short meeting in the	2
13	113	u13-p113-s004	narrator	11 a.m.	1
13	113	u13-p113-s024	narrator	Look at students’ work in the	1
13	113	u13-p113-s040	narrator	lab	1
13	113	u13-p113-s005	narrator	2 p.m.	1
13	113	u13-p113-s025	narrator	Listen to some students	1
13	113	u13-p113-s041	narrator	in the	1
13	113	u13-p113-s006	narrator	4 p.m.	1
13	113	u13-p113-s026	narrator	music room	1
13	113	u13-p113-s009	narrator	Work in pairs and talk about your school open day.	2
13	113	u13-p113-s007	narrator	B2 When is your school open dayg	1
13	113	u13-p113-s008	narrator	What activities are thereg	1
13	113	u13-p113-s010	narrator	Use the table below to help you.	1
13	113	u13-p113-s027	narrator	Time	1
13	113	u13-p113-s028	narrator	Activity	1
13	113	u13-p113-s029	narrator	Place	1
13	113	u13-p113-s011	narrator	9 a.m.	1
13	113	u13-p113-s030	narrator	Listen to the head teacher’s speech	1
13	113	u13-p113-s031	narrator	School hall	1
13	113	u13-p113-s012	narrator	10 a.m.	1
13	113	u13-p113-s032	narrator	Have a meeting with teachers	1
13	113	u13-p113-s033	narrator	Classrooms	1
13	113	u13-p113-s013	narrator	11 a.m.	1
13	113	u13-p113-s034	narrator	Look at students’ pictures	1
13	113	u13-p113-s035	narrator	Art room	1
13	113	u13-p113-s014	narrator	1:30 p.m.	1
13	113	u13-p113-s036	narrator	Enjoy students’ singing	1
13	113	u13-p113-s037	narrator	Music room	1
13	113	u13-p113-s015	narrator	3 p.m.	1
13	113	u13-p113-s038	narrator	Visit the class farm	1
13	113	u13-p113-s039	narrator	Garden	1
13	114	u13-p114-s021	narrator	Unit 3	1
13	114	u13-p114-s022	narrator	C My dream school	1
13	114	u13-p114-s002	narrator	Read it with him and answer the questions below.	2
13	114	u13-p114-s001	narrator	C1 David is reading an article about one student’s dream school.	1
13	114	u13-p114-s023	narrator	My dream school	1
13	114	u13-p114-s003	narrator	My dream school is modern and bright.	1
13	114	u13-p114-s004	narrator	It has many tall buildings and smart classrooms.	2
13	114	u13-p114-s005	narrator	The school has a big library with many floors.	1
13	114	u13-p114-s006	narrator	We can read different kinds of books in it.	2
13	114	u13-p114-s008	narrator	It is a building with many glass walls.	2
13	114	u13-p114-s007	narrator	There is also a cool art centre in the school.	1
13	114	u13-p114-s009	narrator	We have lots of clubs and after-school activities there.	2
13	114	u13-p114-s010	narrator	Outside, there are also two football fields and a large playground.	1
13	114	u13-p114-s011	narrator	We can play and have great fun.	2
13	114	u13-p114-s012	narrator	But my favourite part of my dream school is the dining hall.	1
13	114	u13-p114-s013	narrator	It has all kinds of healthy food and snacks.	2
13	114	u13-p114-s014	narrator	My dream school is the best place to learn and have a good time!	1
13	114	u13-p114-s015	narrator	1 What is special about the art centreg	1
13	114	u13-p114-s016	narrator	2 Where can students play in this schoolg	1
13	114	u13-p114-s017	narrator	3 What does the dream dining hall haveg	1
13	114	u13-p114-s020	narrator	You can write about different things, like school buildings, teachers and school activities.	2
13	114	u13-p114-s018	narrator	C2 What is your dream school likeg	1
13	114	u13-p114-s019	narrator	Write an article about it.	1
13	114	u13-p114-s024	narrator	My dream school is	1
14	115	u14-p115-s008	narrator	Unit 4	1
14	115	u14-p115-s009	narrator	A My school life	1
14	115	u14-p115-s002	narrator	Read the sentences and help her complete the puzzle.	2
14	115	u14-p115-s001	narrator	A1 Nora is working on a crossword puzzle.	1
14	115	u14-p115-s010	narrator	Across:	1
14	115	u14-p115-s011	narrator	u	1
14	115	u14-p115-s012	narrator	I think is a great science subject.	1
14	115	u14-p115-s013	narrator	Every student has a	1
14	115	u14-p115-s048	narrator	to keep our	1
14	115	u14-p115-s014	narrator	school clean.	1
14	115	u14-p115-s015	narrator	Lots of students want to be in the school basketball.	2
14	115	u14-p115-s017	narrator	B	1
14	115	u14-p115-s018	narrator	g	1
14	115	u14-p115-s019	narrator	Members of the school football team	1
14	115	u14-p115-s020	narrator	together on Mondays.	1
14	115	u14-p115-s021	narrator	d	1
14	115	u14-p115-s022	narrator	t	1
14	115	u14-p115-s023	narrator	Down:	1
14	115	u14-p115-s024	narrator	Students	1
14	115	u14-p115-s049	narrator	eat lunch in the dining	1
14	115	u14-p115-s025	narrator	hall.	1
14	115	u14-p115-s026	narrator	Beautiful flowers	1
14	115	u14-p115-s050	narrator	in the school	1
14	115	u14-p115-s027	narrator	t	1
14	115	u14-p115-s028	narrator	garden.	1
14	115	u14-p115-s029	narrator	The first school	1
14	115	u14-p115-s051	narrator	starts in	1
14	115	u14-p115-s030	narrator	September.	1
14	115	u14-p115-s031	narrator	p	1
14	115	u14-p115-s032	narrator	This year’s field is to a farm.	1
14	115	u14-p115-s004	narrator	Complete the sentences with the correct prepositions of time or the correct adverbs of frequency in brackets.	2
14	115	u14-p115-s003	narrator	A2 Nora, David and Millie are talking about life at their school.	1
14	115	u14-p115-s033	narrator	Mondays, I	1
14	115	u14-p115-s052	narrator	(sometimes/always)	1
14	115	u14-p115-s034	narrator	have a Maths class in the morning.	1
14	115	u14-p115-s035	narrator	It starts 9:30 a.m.	1
14	115	u14-p115-s036	narrator	and ends 10:15 a.m.	1
14	115	u14-p115-s037	narrator	Nora	1
14	115	u14-p115-s039	narrator	Our field trip is It's a great month for field trips!	3
14	115	u14-p115-s038	narrator	spring, we take a field trip.	1
14	115	u14-p115-s040	narrator	(usually/never) in April.	1
14	115	u14-p115-s041	narrator	But the field trip	1
14	115	u14-p115-s053	narrator	(seldom/sometimes) takes	1
14	115	u14-p115-s042	narrator	place early May.	1
14	115	u14-p115-s043	narrator	David	1
14	115	u14-p115-s044	narrator	Every day, school starts 8 a.m.	1
14	115	u14-p115-s045	narrator	I'm	1
14	115	u14-p115-s006	narrator	I leave my home early every day.	2
14	115	u14-p115-s046	narrator	(often/never) late for school.	1
14	115	u14-p115-s007	narrator	I don't like being late!	1
14	115	u14-p115-s047	narrator	Millie	1
14	116	u14-p116-s015	narrator	Unit 4	1
14	116	u14-p116-s016	narrator	B School trips	1
14	116	u14-p116-s002	narrator	Listen to their talks and match the information below to the correct student.	2
14	116	u14-p116-s001	narrator	B1 David’s friends Benny and Daisy are talking about their school trips.	1
14	116	u14-p116-s003	narrator	1 a Trip place: a local farm.	3
14	116	u14-p116-s018	narrator	Trip place:	1
14	116	u14-p116-s004	narrator	an art museum.	1
14	116	u14-p116-s017	narrator	b	1
14	116	u14-p116-s005	narrator	c The trip is in March.	2
14	116	u14-p116-s006	narrator	d The trip is in April.	2
14	116	u14-p116-s007	narrator	e The trip lasts the whole day.	2
14	116	u14-p116-s008	narrator	f The trip is a half-day event.	2
14	116	u14-p116-s009	narrator	B2 Do you go on school tripsg	1
14	116	u14-p116-s010	narrator	When and where do you gog	1
14	116	u14-p116-s011	narrator	What activities are thereg	1
14	116	u14-p116-s012	narrator	Work in pairs and talk about a school trip.	1
14	116	u14-p116-s013	narrator	Use the example below to help you.	1
14	116	u14-p116-s014	narrator	I’m excited about our school trip this term!	1
14	116	u14-p116-s019	narrator	A:	1
14	116	u14-p116-s036	narrator	Oh, yes!	1
14	116	u14-p116-s021	narrator	Where will we gog	1
14	116	u14-p116-s020	b	B:	1
14	116	u14-p116-s037	narrator	To the zoo!	1
14	116	u14-p116-s022	a	A:	1
14	116	u14-p116-s038	narrator	That’s great!	1
14	116	u14-p116-s024	narrator	We can see a lot of animals there and learn so much about them.	1
14	116	u14-p116-s023	b	B:	1
14	116	u14-p116-s025	narrator	Animals are a big part of our world.	1
14	116	u14-p116-s039	narrator	Yes, and animals are very interesting.	1
14	116	u14-p116-s029	narrator	I never get tired of watching them.	1
14	116	u14-p116-s027	narrator	I love tigers.	1
14	116	u14-p116-s028	narrator	They look so cool.	1
14	116	u14-p116-s026	a	A:	1
14	116	u14-p116-s040	narrator	Me too.	1
14	116	u14-p116-s031	narrator	When’s the tripg	1
14	116	u14-p116-s030	b	B:	1
14	116	u14-p116-s041	narrator	It’s on 13 October.	1
14	116	u14-p116-s033	narrator	We leave early in the morning and get back late in the afternoon.	1
14	116	u14-p116-s032	a	A:	1
14	116	u14-p116-s042	narrator	Sounds great!	1
14	116	u14-p116-s035	narrator	That gives us lots of time at the zoo.	1
14	116	u14-p116-s034	b	B:	1
14	117	u14-p117-s030	narrator	Unit 4	1
14	117	u14-p117-s031	narrator	C Interesting places at school	1
14	117	u14-p117-s003	narrator	Write a T if a sentence is true or an F if it is false.	2
14	117	u14-p117-s001	narrator	C1 Nora is reading an article about a great place at a school.	1
14	117	u14-p117-s002	narrator	Read it with her.	1
14	117	u14-p117-s004	narrator	Then correct the false one(s).	1
14	117	u14-p117-s032	narrator	A happy corner: our class farm	1
14	117	u14-p117-s005	narrator	At school, we have a special corner.	1
14	117	u14-p117-s033	narrator	There, we grow vegetables and	1
14	117	u14-p117-s006	narrator	have interesting classes.	1
14	117	u14-p117-s007	narrator	We call it the “class farm”.	1
14	117	u14-p117-s034	narrator	On the farm, you	1
14	117	u14-p117-s008	narrator	can see cabbages, beans, tomatoes … and lots more!	2
14	117	u14-p117-s010	narrator	We use the farm to learn different things in many of our classes.	1
14	117	u14-p117-s035	narrator	On	1
14	117	u14-p117-s011	narrator	Tuesdays, we have a Biology class.	1
14	117	u14-p117-s036	narrator	We study different parts of plants,	1
14	117	u14-p117-s012	narrator	such as the leaves, flowers and fruits.	1
14	117	u14-p117-s013	narrator	We have an Art class on Fridays.	1
14	117	u14-p117-s014	narrator	We draw beautiful pictures of our plants.	1
14	117	u14-p117-s037	narrator	We also write about the	1
14	117	u14-p117-s015	narrator	plants on the farm in our Chinese class.	1
14	117	u14-p117-s016	narrator	Sometimes we take pictures of our plants.	1
14	117	u14-p117-s038	narrator	Then, we share them on	1
14	117	u14-p117-s017	narrator	our school website!	1
14	117	u14-p117-s018	narrator	The class farm is a good place for learning!	1
14	117	u14-p117-s019	narrator	1 The special corner is the class farm.	1
14	117	u14-p117-s020	narrator	2 There are some small animals on the farm.	1
14	117	u14-p117-s021	narrator	3 Students study the farm plants in Biology class.	1
14	117	u14-p117-s022	narrator	4 Students have Maths class on the farm.	1
14	117	u14-p117-s023	narrator	5 Students write about the farm in English class.	1
14	117	u14-p117-s024	narrator	6 You can see pictures of the class farm on the school website.	1
14	117	u14-p117-s028	narrator	What do you often do thereg	2
14	117	u14-p117-s025	narrator	C2 Is there an interesting place at your schoolg	1
14	117	u14-p117-s026	narrator	What is itg	1
14	117	u14-p117-s027	narrator	Why is it interestingg	1
14	117	u14-p117-s029	narrator	Write an article about an interesting place at your school.	1
15	118	u15-p118-s014	narrator	Unit 5	1
15	118	u15-p118-s015	narrator	A Get Fit Club	1
15	118	u15-p118-s002	narrator	Help him complete it with the correct forms of the words and phrase in the box.	2
15	118	u15-p118-s001	narrator	A1 David is reading an article by a member of the Get Fit Club.	1
15	118	u15-p118-s016	narrator	carrot	1
15	118	u15-p118-s017	narrator	important	1
15	118	u15-p118-s018	narrator	stay up	1
15	118	u15-p118-s019	narrator	beef	1
15	118	u15-p118-s020	narrator	diet	1
15	118	u15-p118-s021	narrator	salt	1
15	118	u15-p118-s022	narrator	Don’t too late!	1
15	118	u15-p118-s003	narrator	Do you want to be healthyg	1
15	118	u15-p118-s023	narrator	It is	1
15	118	u15-p118-s024	narrator	to get enough sleep.	1
15	118	u15-p118-s025	narrator	Vegetables, such as and peppers, are good for us.	1
15	118	u15-p118-s004	narrator	I eat vegetables at most meals!	2
15	118	u15-p118-s026	narrator	Foods with lots of can be unhealthy.	1
15	118	u15-p118-s027	narrator	I try to keep these	1
15	118	u15-p118-s028	narrator	foods out of my.	1
15	118	u15-p118-s005	narrator	White meat like chicken is also good for our health.	1
15	118	u15-p118-s029	narrator	It is fine to eat some	1
15	118	u15-p118-s030	narrator	but I don’t eat a lot of it.	1
15	118	u15-p118-s008	narrator	Help her complete the sentences with a, an or the correct forms of the nouns in brackets.	2
15	118	u15-p118-s006	narrator	A2 Nora is reading a leaflet from the Get Fit Club.	1
15	118	u15-p118-s007	narrator	Some words are missing.	1
15	118	u15-p118-s009	narrator	Here are some tips for you to get fit!	1
15	118	u15-p118-s031	narrator	Eat	1
15	118	u15-p118-s041	narrator	apple or some	1
15	118	u15-p118-s042	narrator	(orange) every	1
15	118	u15-p118-s010	narrator	day.	1
15	118	u15-p118-s043	narrator	glass of milk every day and lots of	1
15	118	u15-p118-s032	narrator	Drink	1
15	118	u15-p118-s033	narrator	(water) as well.	1
15	118	u15-p118-s034	narrator	For breakfast, you can have	1
15	118	u15-p118-s044	narrator	egg,	1
15	118	u15-p118-s011	narrator	glass of juice and some bread.	1
15	118	u15-p118-s035	narrator	For lunch, don’t just eat sandwich or a hamburger.	1
15	118	u15-p118-s036	narrator	Have some (vegetable) too.	1
15	118	u15-p118-s037	narrator	For dinner, you can eat	1
15	118	u15-p118-s045	narrator	bowl of rice with	1
15	118	u15-p118-s012	narrator	vegetables and chicken.	1
15	118	u15-p118-s038	narrator	Don’t eat things with too much (salt) in them.	1
15	118	u15-p118-s039	narrator	Also, don’t eat too many sweet (snack).	1
15	118	u15-p118-s040	narrator	Exercise for 30 minutes every day and get enough	1
15	118	u15-p118-s013	narrator	(sleep) every night.	1
15	119	u15-p119-s010	narrator	Unit 5	1
15	119	u15-p119-s011	narrator	B Healthy and tasty	1
15	119	u15-p119-s002	narrator	Listen to their conversations and complete the notes below.	2
15	119	u15-p119-s001	narrator	B1 David is talking to his aunt and uncle about what food they like.	1
15	119	u15-p119-s012	narrator	Aunt Su likes.	1
15	119	u15-p119-s013	narrator	They help her	1
15	119	u15-p119-s014	narrator	She loves.	1
15	119	u15-p119-s015	narrator	She	1
15	119	u15-p119-s016	narrator	eats fruit like	1
15	119	u15-p119-s023	narrator	as a snack when she	1
15	119	u15-p119-s003	narrator	is hungry.	1
15	119	u15-p119-s017	narrator	Uncle Lin has	1
15	119	u15-p119-s024	narrator	and milk for	1
15	119	u15-p119-s018	narrator	He thinks this is.	1
15	119	u15-p119-s004	narrator	breakfast.	1
15	119	u15-p119-s019	narrator	He has meat or for lunch.	1
15	119	u15-p119-s020	narrator	He	1
15	119	u15-p119-s021	narrator	sometimes eats meat.	1
15	119	u15-p119-s005	narrator	B2 Do you like sweet foodsg	1
15	119	u15-p119-s006	narrator	Why or why notg	1
15	119	u15-p119-s007	narrator	Work in pairs and talk about sweet foods.	1
15	119	u15-p119-s008	narrator	Use the example below to help you.	1
15	119	u15-p119-s009	narrator	Do you like sweet foodsg	1
15	119	u15-p119-s022	narrator	A:	1
15	119	u15-p119-s038	narrator	Of course!	1
15	119	u15-p119-s026	narrator	I love sweet foods!	1
15	119	u15-p119-s025	b	B:	1
15	119	u15-p119-s039	narrator	Why do you like themg	1
15	119	u15-p119-s027	a	A:	1
15	119	u15-p119-s040	narrator	They’re delicious and can make me happy.	1
15	119	u15-p119-s028	b	B:	1
15	119	u15-p119-s029	narrator	I can never say no to them.	1
15	119	u15-p119-s030	narrator	What about youg	1
15	119	u15-p119-s031	narrator	Do you have a sweet toothg	1
15	119	u15-p119-s041	narrator	No, I don’t.	1
15	119	u15-p119-s033	narrator	I’m not a big fan of sweet foods.	1
15	119	u15-p119-s032	a	A:	1
15	119	u15-p119-s042	narrator	Reallyg	1
15	119	u15-p119-s035	narrator	Why notg	1
15	119	u15-p119-s034	b	B:	1
15	119	u15-p119-s043	narrator	Well, too many sweets are bad for my teeth and my health.	1
15	119	u15-p119-s037	narrator	I don’t like to eat these foods too often.	1
15	119	u15-p119-s036	a	A:	1
15	120	u15-p120-s021	narrator	Unit 5	1
15	120	u15-p120-s022	narrator	C A better lifestyle	1
15	120	u15-p120-s002	narrator	Read the article with him and complete the chart below.	2
15	120	u15-p120-s001	narrator	C1 David found an article on the Get Fit Club website.	1
15	120	u15-p120-s003	narrator	How to live to 100g	1
15	120	u15-p120-s004	narrator	Do you want to live to 100g	1
15	120	u15-p120-s005	narrator	Here are some helpful tips.	1
15	120	u15-p120-s006	narrator	Start your day with a healthy breakfast.	1
15	120	u15-p120-s007	narrator	An egg, milk and bread are great for breakfast.	2
15	120	u15-p120-s009	narrator	For lunch and dinner, you can have rice, vegetables and some meat.	2
15	120	u15-p120-s008	narrator	They make you strong.	1
15	120	u15-p120-s010	narrator	Try to eat healthy snacks like an apple or orange but not sweets.	2
15	120	u15-p120-s011	narrator	Sweets give you energy, but too many of them are bad for your health.	2
15	120	u15-p120-s012	narrator	To stay fit, try to exercise for about 30 minutes every day.	1
15	120	u15-p120-s013	narrator	You can swim, run or play football.	2
15	120	u15-p120-s014	narrator	Walking is also good exercise.	1
15	120	u15-p120-s015	narrator	So, change your lifestyle today!	1
15	120	u15-p120-s016	narrator	You can feel young and healthy with the right food and exercise.	2
15	120	u15-p120-s023	narrator	breakfast:;	1
15	120	u15-p120-s024	narrator	lunch and dinner: rice,	1
15	120	u15-p120-s025	narrator	and some	1
15	120	u15-p120-s026	narrator	meat	1
15	120	u15-p120-s027	narrator	Have a healthy diet	1
15	120	u15-p120-s028	narrator	like an apple	1
15	120	u15-p120-s017	narrator	How to live to 100g	2
15	120	u15-p120-s029	narrator	or orange	1
15	120	u15-p120-s030	narrator	swim, run, play football or walk	1
15	120	u15-p120-s031	narrator	every day	1
15	120	u15-p120-s019	narrator	What do you plan to do after reading the article aboveg	2
15	120	u15-p120-s018	narrator	C2 Do you want to live to 100 years oldg	1
15	120	u15-p120-s020	narrator	Write a diary entry about your plans to have a better lifestyle.	1
16	121	u16-p121-s014	narrator	Unit 6	1
16	121	u16-p121-s001	narrator	A The school fashion show is coming!	1
16	121	u16-p121-s003	narrator	Complete what they are saying with the correct words.	2
16	121	u16-p121-s002	narrator	A1 Nora and her friends are talking about some pictures in a fashion magazine.	1
16	121	u16-p121-s004	narrator	The first letter of each word is given.	1
16	121	u16-p121-s015	narrator	She has a white b and a	1
16	121	u16-p121-s005	narrator	Look at this model!	1
16	121	u16-p121-s016	narrator	pair of blue j on.	1
16	121	u16-p121-s017	narrator	Her red s	1
16	121	u16-p121-s018	narrator	adds some bright colour to her look.	1
16	121	u16-p121-s019	narrator	This model’s blue j and blue shoes match	1
16	121	u16-p121-s021	narrator	He knows how to c the	1
16	121	u16-p121-s020	narrator	each other well.	1
16	121	u16-p121-s022	narrator	right colour!	1
16	121	u16-p121-s023	narrator	This model has a s dress on.	1
16	121	u16-p121-s006	narrator	It looks so soft!	1
16	121	u16-p121-s024	narrator	The p colour of the dress is beautiful too.	1
16	121	u16-p121-s007	narrator	This model is wearing a great black suit.	1
16	121	u16-p121-s025	narrator	It looks perfect	1
16	121	u16-p121-s026	narrator	with his grey t.	1
16	121	u16-p121-s009	narrator	Complete their conversation below with the correct question words.	2
16	121	u16-p121-s008	narrator	A2 David and Nora are talking about the fashion show at school.	1
16	121	u16-p121-s010	nora	Are you excited about the fashion show, Davidg	1
16	121	u16-p121-s027	nora	Nora:	1
16	121	u16-p121-s045	david	Oh yes.	1
16	121	u16-p121-s028	david	David:	1
16	121	u16-p121-s029	david	I can’t wait.	1
16	121	u16-p121-s030	david	is itg	1
16	121	u16-p121-s011	nora	This Saturday.	1
16	121	u16-p121-s046	nora	I want to get there early and find a good place to sit.	1
16	121	u16-p121-s031	nora	Nora:	1
16	121	u16-p121-s047	david	That’s a good idea.	1
16	121	u16-p121-s032	david	David:	1
16	121	u16-p121-s033	david	time does it startg	1
16	121	u16-p121-s012	nora	The show starts at 4 p.m.	1
16	121	u16-p121-s050	nora	So I plan to be there at 3:30.	1
16	121	u16-p121-s034	nora	Nora:	1
16	121	u16-p121-s048	david	will you go withg	1
16	121	u16-p121-s035	david	David:	1
16	121	u16-p121-s036	david	May I join youg	1
16	121	u16-p121-s038	nora	Sure.	1
16	121	u16-p121-s039	nora	do you want to get there, by bike or by busg	1
16	121	u16-p121-s037	nora	Nora:	1
16	121	u16-p121-s049	david	By bus.	1
16	121	u16-p121-s040	david	David:	1
16	121	u16-p121-s041	david	shall we meetg	1
16	121	u16-p121-s042	david	How about the bus stop near	1
16	121	u16-p121-s043	david	your homeg	1
16	121	u16-p121-s013	nora	Sounds great!	1
16	121	u16-p121-s044	nora	Nora:	1
16	122	u16-p122-s013	narrator	Unit 6	1
16	122	u16-p122-s014	narrator	B At the school fashion show	1
16	122	u16-p122-s002	narrator	Listen to Millie introducing herself and her classmates at the show.	2
16	122	u16-p122-s001	narrator	B1 There is a fashion show at the school hall now.	1
16	122	u16-p122-s003	narrator	Circle the correct pictures for each student.	1
16	122	u16-p122-s015	narrator	a	1
16	122	u16-p122-s016	narrator	b	1
16	122	u16-p122-s017	narrator	c	1
16	122	u16-p122-s018	narrator	Millie	1
16	122	u16-p122-s019	narrator	a	1
16	122	u16-p122-s020	narrator	b	1
16	122	u16-p122-s021	narrator	c	1
16	122	u16-p122-s022	narrator	Simon	1
16	122	u16-p122-s023	narrator	a	1
16	122	u16-p122-s024	narrator	b	1
16	122	u16-p122-s025	narrator	c	1
16	122	u16-p122-s026	narrator	Amy	1
16	122	u16-p122-s029	narrator	c	1
16	122	u16-p122-s027	narrator	a	1
16	122	u16-p122-s028	narrator	b	1
16	122	u16-p122-s030	narrator	Daniel	1
16	122	u16-p122-s031	narrator	a	1
16	122	u16-p122-s032	narrator	b	1
16	122	u16-p122-s033	narrator	c	1
16	122	u16-p122-s034	narrator	Sandy	1
16	122	u16-p122-s004	narrator	B2 Look at the picture from the school fashion show.	1
16	122	u16-p122-s005	narrator	Describe the clothes in the picture.	1
16	122	u16-p122-s006	narrator	Use the expressions below to help you.	1
16	122	u16-p122-s007	narrator	The girl/boy in the picture is in …	1
16	122	u16-p122-s008	narrator	matches …	1
16	122	u16-p122-s009	narrator	well.	1
16	122	u16-p122-s010	narrator	She/He also wears … She/He looks good/cool/beautiful in … go well together.	3
16	123	u16-p123-s024	narrator	Unit 6	1
16	123	u16-p123-s025	narrator	C DIY fashion	1
16	123	u16-p123-s002	narrator	Read the ad with her and answer the questions below.	2
16	123	u16-p123-s001	narrator	C1 Sandy found an ad for a design workshop.	1
16	123	u16-p123-s003	narrator	Do you like fashiong	1
16	123	u16-p123-s004	narrator	Do you want to make a T-shirt with your own designg	2
16	123	u16-p123-s005	narrator	Why not come to our T-shirt design workshopg	1
16	123	u16-p123-s006	narrator	Here, we make beautiful and exciting T-shirts.	2
16	123	u16-p123-s007	narrator	It is a nice way to make your clothes suit your own special style.	2
16	123	u16-p123-s008	narrator	It is very easy to do.	1
16	123	u16-p123-s010	narrator	You can draw pretty pictures on it, such as flowers, birds or people.	2
16	123	u16-p123-s009	narrator	We start with a white or blue T-shirt.	1
16	123	u16-p123-s011	narrator	You can also write on your T-shirt.	2
16	123	u16-p123-s012	narrator	There are paints for you to make the T-shirt colourful.	2
16	123	u16-p123-s013	narrator	Anyone can join the workshop.	1
16	123	u16-p123-s015	narrator	So, join us at 1:30 p.m.	2
16	123	u16-p123-s014	narrator	It is a fun DIY activity.	1
16	123	u16-p123-s016	narrator	on Saturday, at Sunshine Mall.	1
16	123	u16-p123-s017	narrator	1 What can you make at the workshopg	1
16	123	u16-p123-s018	narrator	2 What can you draw on your T-shirtg	1
16	123	u16-p123-s019	narrator	3 What can you use to make the design colourfulg	1
16	123	u16-p123-s020	narrator	4 When can people join the workshopg	1
16	123	u16-p123-s021	narrator	5 Where is the workshopg	1
16	123	u16-p123-s022	narrator	C2 What is your T-shirt designg	1
16	123	u16-p123-s023	narrator	Think about your design and write a passage about it.	1
17	124	u17-p124-s015	narrator	Unit 7	1
17	124	u17-p124-s016	narrator	A A shopping list	1
17	124	u17-p124-s002	narrator	Complete the blog post with the correct words.	2
17	124	u17-p124-s001	narrator	A1 David is reading a blog post about how to make a shopping list.	1
17	124	u17-p124-s003	narrator	The first letter of each word is given.	1
17	124	u17-p124-s017	narrator	How to make a shopping list	1
17	124	u17-p124-s018	narrator	It’s a great h.	1
17	124	u17-p124-s004	narrator	I love making shopping lists.	1
17	124	u17-p124-s005	narrator	Whyg	1
17	124	u17-p124-s019	narrator	A	1
17	124	u17-p124-s020	narrator	shopping list can help you s time in shops.	1
17	124	u17-p124-s021	narrator	It can also help	1
17	124	u17-p124-s022	narrator	you m your money well.	1
17	124	u17-p124-s007	narrator	how can you make a good shopping listg	2
17	124	u17-p124-s006	narrator	So …	1
17	124	u17-p124-s008	narrator	First, ask yourself: What do I want to buyg	1
17	124	u17-p124-s009	narrator	Write the things down.	1
17	124	u17-p124-s023	narrator	Try not	1
17	124	u17-p124-s024	narrator	to put too many e things on your list.	1
17	124	u17-p124-s025	narrator	Next, decide on	1
17	124	u17-p124-s026	narrator	a b for your shopping trip.	1
17	124	u17-p124-s027	narrator	To do this, think about how	1
17	124	u17-p124-s028	narrator	much everything on your list c.	1
17	124	u17-p124-s029	narrator	Can you c	1
17	124	u17-p124-s030	narrator	all of themg	1
17	124	u17-p124-s031	narrator	Now, go to the shopping m.	1
17	124	u17-p124-s010	narrator	Just don’t leave home without your shopping list!	2
17	124	u17-p124-s012	narrator	They are talking about what to buy.	2
17	124	u17-p124-s011	narrator	A2 Nora and her cousin Sarah are planning to go shopping.	1
17	124	u17-p124-s013	narrator	Read their conversation below and complete the sentences with some, any and the correct forms of there be.	2
17	124	u17-p124-s014	sarah	Nora, what do you want to buy in the mall todayg	1
17	124	u17-p124-s032	sarah	Sarah:	1
17	124	u17-p124-s053	nora	I need new pencils and a new ruler for school.	1
17	124	u17-p124-s033	nora	Nora:	1
17	124	u17-p124-s034	nora	What	1
17	124	u17-p124-s035	nora	about youg	1
17	124	u17-p124-s036	sarah	Sarah:	1
17	124	u17-p124-s059	sarah	pencils or rulers, but I want to buy some	1
17	124	u17-p124-s056	sarah	I don’t need	1
17	124	u17-p124-s038	sarah	a bookshop in the mallg	1
17	124	u17-p124-s037	sarah	books.	1
17	124	u17-p124-s054	nora	No,	1
17	124	u17-p124-s039	nora	Nora:	1
17	124	u17-p124-s040	nora	But I know a great bookshop near my school.	1
17	124	u17-p124-s041	nora	I can	1
17	124	u17-p124-s042	nora	go with you.	1
17	124	u17-p124-s057	sarah	OK, thanks.	1
17	124	u17-p124-s043	sarah	Sarah:	1
17	124	u17-p124-s052	sarah	nice	1
17	124	u17-p124-s045	sarah	Are there	1
17	124	u17-p124-s044	sarah	I’m a little hungry now.	1
17	124	u17-p124-s046	sarah	restaurants in the mallg	1
17	124	u17-p124-s055	nora	Of course.	1
17	124	u17-p124-s047	nora	Nora:	1
17	124	u17-p124-s048	nora	some great places to eat in the mall.	1
17	124	u17-p124-s058	sarah	Perfect.	1
17	124	u17-p124-s049	sarah	Sarah:	1
17	124	u17-p124-s050	sarah	Oh, a bus coming.	1
17	124	u17-p124-s051	sarah	Let’s go!	1
17	125	u17-p125-s023	narrator	Unit 7	1
17	125	u17-p125-s024	narrator	B Go shopping	1
17	125	u17-p125-s001	narrator	B1 Nora is looking for a gift.	1
17	125	u17-p125-s002	narrator	Listen to her talking to a salesperson about what to buy.	1
17	125	u17-p125-s003	narrator	Write a T if a sentence is true or an F if it is false.	1
17	125	u17-p125-s004	narrator	Then correct the false one(s).	1
17	125	u17-p125-s005	narrator	1 Nora is buying a gift for her sister.	1
17	125	u17-p125-s006	narrator	2 The shop has many key rings.	1
17	125	u17-p125-s007	narrator	3 Nora’s favourite colour is green.	1
17	125	u17-p125-s008	narrator	4 Nora has fifteen yuan.	1
17	125	u17-p125-s009	narrator	5 Nora has enough money to buy two key rings.	1
17	125	u17-p125-s010	narrator	6 Nora buys the green key ring.	1
17	125	u17-p125-s012	narrator	Look at the picture below and role-play a conversation between him and the salesperson with your partner.	2
17	125	u17-p125-s011	narrator	B2 David wants to buy his mum a cup for her birthday.	1
17	125	u17-p125-s013	narrator	Use the example below to help you.	2
17	125	u17-p125-s014	salesperson	Hello.	1
17	125	u17-p125-s034	salesperson	How can I help youg	1
17	125	u17-p125-s025	salesperson	Salesperson:	1
17	125	u17-p125-s015	david	I’m looking for a birthday gift for my mum.	1
17	125	u17-p125-s026	david	David:	1
17	125	u17-p125-s035	david	These cups are beautiful.	1
17	125	u17-p125-s016	salesperson	Yes.	1
17	125	u17-p125-s036	salesperson	Which ones do you likeg	1
17	125	u17-p125-s027	salesperson	Salesperson:	1
17	125	u17-p125-s017	david	I like the blue one and the white one.	1
17	125	u17-p125-s028	david	David:	1
17	125	u17-p125-s037	david	How much are theyg	1
17	125	u17-p125-s018	salesperson	The blue cup is yuan.	1
17	125	u17-p125-s038	salesperson	The white one is yuan.	1
17	125	u17-p125-s029	salesperson	Salesperson:	1
17	125	u17-p125-s019	david	I see.	1
17	125	u17-p125-s040	david	And the price fits my budget.	1
17	125	u17-p125-s039	david	My mum loves blue.	1
17	125	u17-p125-s030	david	David:	1
17	125	u17-p125-s041	david	I think it’s perfect!	1
17	125	u17-p125-s042	david	I’ll take it.	1
17	125	u17-p125-s020	salesperson	Great!	1
17	125	u17-p125-s043	salesperson	So that’s yuan.	1
17	125	u17-p125-s031	salesperson	Salesperson:	1
17	125	u17-p125-s021	david	Here’s 30 yuan.	1
17	125	u17-p125-s032	david	David:	1
17	125	u17-p125-s022	salesperson	Thank you.	1
17	125	u17-p125-s044	salesperson	And here’s your change.	1
17	125	u17-p125-s033	salesperson	Salesperson:	1
17	126	u17-p126-s017	narrator	Unit 7	1
17	126	u17-p126-s018	narrator	C Plan your money	1
17	126	u17-p126-s002	narrator	One is for Li Hua’s family from China.	2
17	126	u17-p126-s001	narrator	C1 David is reading the charts about two students’ family budgets.	1
17	126	u17-p126-s004	narrator	Read the charts and answer the questions below.	2
17	126	u17-p126-s003	narrator	The other is for Tom’s family from the UK.	1
17	126	u17-p126-s019	narrator	Li Hua’s family budget	1
17	126	u17-p126-s020	narrator	Tom’s family budget	1
17	126	u17-p126-s022	narrator	House	1
17	126	u17-p126-s021	narrator	House	1
17	126	u17-p126-s024	narrator	Car, bus and train	1
17	126	u17-p126-s023	narrator	Car, bus and train	1
17	126	u17-p126-s026	narrator	Healthcare	1
17	126	u17-p126-s025	narrator	Healthcare	1
17	126	u17-p126-s028	narrator	Food	1
17	126	u17-p126-s027	narrator	Food	1
17	126	u17-p126-s030	narrator	Holidays	1
17	126	u17-p126-s029	narrator	Holidays	1
17	126	u17-p126-s032	narrator	Sport	1
17	126	u17-p126-s031	narrator	Sport	1
17	126	u17-p126-s034	narrator	Savings	1
17	126	u17-p126-s033	narrator	Savings	1
17	126	u17-p126-s036	narrator	Other	1
17	126	u17-p126-s035	narrator	Other	1
17	126	u17-p126-s005	narrator	1 What do both families spend the most money ong	1
17	126	u17-p126-s006	narrator	2 How much of Li Hua’s family budget is for foodg	1
17	126	u17-p126-s007	narrator	3 How much of Tom’s family budget is for savingsg	1
17	126	u17-p126-s008	narrator	4 How much of Tom’s family budget is for holidaysg	1
17	126	u17-p126-s009	narrator	5 Which family spends more of its budget on sportg	1
17	126	u17-p126-s011	narrator	Use the expressions below to help you.	2
17	126	u17-p126-s010	narrator	C2 Write a short passage to compare the two charts above.	1
17	126	u17-p126-s012	narrator	The two families are similar in …	1
17	126	u17-p126-s013	narrator	Both families spend … on …	2
17	126	u17-p126-s015	narrator	There are some differences.	1
17	126	u17-p126-s016	narrator	spends more of its budget on …	1
18	127	u18-p127-s017	narrator	Unit 8	1
18	127	u18-p127-s018	narrator	A Festival activities	1
18	127	u18-p127-s002	narrator	Help her complete the article with the correct forms of the words and phrases in the box.	2
18	127	u18-p127-s001	narrator	A1 Nora is writing about important Chinese festivals.	1
18	127	u18-p127-s019	narrator	race	1
18	127	u18-p127-s020	narrator	prepare	1
18	127	u18-p127-s021	narrator	symbol	1
18	127	u18-p127-s022	narrator	in the hope of	1
18	127	u18-p127-s023	narrator	celebrate	1
18	127	u18-p127-s024	narrator	respect	1
18	127	u18-p127-s025	narrator	tradition	1
18	127	u18-p127-s026	narrator	put up	1
18	127	u18-p127-s061	narrator	them	1
18	127	u18-p127-s027	narrator	I love to	1
18	127	u18-p127-s003	narrator	There are many important festivals in a year.	1
18	127	u18-p127-s028	narrator	all!	1
18	127	u18-p127-s062	narrator	for the festival	1
18	127	u18-p127-s029	narrator	My family	1
18	127	u18-p127-s004	narrator	The Spring Festival is in winter.	1
18	127	u18-p127-s031	narrator	We also paper-cuts on our windows.	1
18	127	u18-p127-s030	narrator	by cleaning our house.	1
18	127	u18-p127-s032	narrator	That’s a fun.	1
18	127	u18-p127-s005	narrator	In spring, we have the Qingming Festival.	1
18	127	u18-p127-s033	narrator	My parents bring flowers to the	1
18	127	u18-p127-s034	narrator	resting places of dead relatives to show.	1
18	127	u18-p127-s006	narrator	Then, in summer, we celebrate the Dragon Boat Festival.	1
18	127	u18-p127-s007	narrator	I like to eat rice dumplings.	2
18	127	u18-p127-s035	narrator	In some places, there are exciting dragon boat.	1
18	127	u18-p127-s008	narrator	The Mid-Autumn Festival is also important.	1
18	127	u18-p127-s009	narrator	In my family, we always eat mooncakes together.	2
18	127	u18-p127-s036	narrator	Mooncakes are a of family reunion.	1
18	127	u18-p127-s037	narrator	We eat them staying together forever.	1
18	127	u18-p127-s011	narrator	Complete their conversation with the correct forms of the verbs in brackets.	2
18	127	u18-p127-s010	narrator	A2 David is having a video call with his British friend, Emily, on New Year’s Eve.	1
18	127	u18-p127-s012	emily	Hi David.	1
18	127	u18-p127-s066	emily	Are you getting ready for New Year’s Eve celebrationsg	1
18	127	u18-p127-s038	emily	Emily:	1
18	127	u18-p127-s067	david	Yes!	1
18	127	u18-p127-s039	david	David:	1
18	127	u18-p127-s042	david	Right now, I	1
18	127	u18-p127-s063	david	(spend) time with my	1
18	127	u18-p127-s040	david	It’s 6 p.m.	1
18	127	u18-p127-s041	david	here.	1
18	127	u18-p127-s043	david	family.	1
18	127	u18-p127-s044	david	We’re all at home together.	1
18	127	u18-p127-s013	emily	What are your family doingg	1
18	127	u18-p127-s045	emily	Emily:	1
18	127	u18-p127-s068	david	My grandparents (watch) fireworks celebrations on TV.	1
18	127	u18-p127-s046	david	David:	1
18	127	u18-p127-s047	david	My parents (make) dinner.	1
18	127	u18-p127-s048	david	What are you doing in the	1
18	127	u18-p127-s049	david	UKg	1
18	127	u18-p127-s069	emily	It’s only a.m.	1
18	127	u18-p127-s050	emily	Emily:	1
18	127	u18-p127-s064	emily	(clean) the house for	1
18	127	u18-p127-s052	emily	My mum	1
18	127	u18-p127-s051	emily	here.	1
18	127	u18-p127-s054	emily	I (help) her.	1
18	127	u18-p127-s053	emily	our party tonight.	1
18	127	u18-p127-s014	david	Where is your dadg	1
18	127	u18-p127-s055	david	David:	1
18	127	u18-p127-s070	emily	My dad is at the supermarket now.	1
18	127	u18-p127-s056	emily	Emily:	1
18	127	u18-p127-s057	emily	He	1
18	127	u18-p127-s065	emily	(shop) for some	1
18	127	u18-p127-s058	emily	food.	1
18	127	u18-p127-s015	david	Have fun at your party tonight.	1
18	127	u18-p127-s059	david	David:	1
18	127	u18-p127-s016	emily	Thanks!	1
18	127	u18-p127-s071	emily	Happy New Year!	1
18	127	u18-p127-s060	emily	Emily:	1
18	128	u18-p128-s018	narrator	Unit 8	1
18	128	u18-p128-s019	narrator	B Festival and food	1
18	128	u18-p128-s003	narrator	Write a T if a sentence is true or an F if it is false.	2
18	128	u18-p128-s001	narrator	B1 David is introducing the Lantern Festival to Emily.	1
18	128	u18-p128-s002	narrator	Listen to their conversation.	1
18	128	u18-p128-s004	narrator	Then correct the false one(s).	1
18	128	u18-p128-s005	narrator	1 David is celebrating the Lantern Festival right now.	1
18	128	u18-p128-s006	narrator	2 Emily knows a lot about the Lantern Festival.	1
18	128	u18-p128-s007	narrator	3 David enjoys the Lantern Festival.	1
18	128	u18-p128-s020	narrator	David does not watch lion dance shows during the	1
18	128	u18-p128-s008	narrator	Lantern Festival.	1
18	128	u18-p128-s009	narrator	5 Emily wants to celebrate the Lantern Festival.	1
18	128	u18-p128-s010	narrator	B2 Look at the table about the popular foods from two traditional Chinese festivals.	1
18	128	u18-p128-s011	narrator	Work in pairs and talk about the foods.	1
18	128	u18-p128-s021	narrator	Festival	1
18	128	u18-p128-s022	narrator	the Lantern Festival	1
18	128	u18-p128-s023	narrator	the Mid-Autumn Festival	1
18	128	u18-p128-s024	narrator	Traditional food	1
18	128	u18-p128-s026	narrator	mooncake	1
18	128	u18-p128-s025	narrator	yuanxiao	1
18	128	u18-p128-s027	narrator	Information	1
18	128	u18-p128-s012	narrator	It’s a type of rice ball.	1
18	128	u18-p128-s028	narrator	It’s	1
18	128	u18-p128-s013	narrator	It’s round.	1
18	128	u18-p128-s029	narrator	There’s usually a	1
18	128	u18-p128-s030	narrator	about the food	1
18	128	u18-p128-s014	narrator	round.	1
18	128	u18-p128-s015	narrator	It’s usually sweet.	1
18	128	u18-p128-s016	narrator	beautiful design on it.	1
18	128	u18-p128-s017	narrator	Meaning Families get together.	2
18	129	u18-p129-s022	narrator	Unit 8	1
18	129	u18-p129-s023	narrator	C Behind the festivals	1
18	129	u18-p129-s002	narrator	Read it with her and complete the sentences below.	2
18	129	u18-p129-s001	narrator	C1 Nora is reading an article about the Spring Festival.	1
18	129	u18-p129-s024	narrator	The Spring Festival:	1
18	129	u18-p129-s025	narrator	WON	1
18	129	u18-p129-s026	narrator	WON	1
18	129	u18-p129-s027	narrator	more than celebrations	1
18	129	u18-p129-s003	narrator	The Spring Festival is the most important festival for Chinese people.	1
18	129	u18-p129-s004	narrator	Many Chinese people travel a long way home for it.	2
18	129	u18-p129-s005	narrator	There are many wonderful ways to celebrate the Spring Festival.	1
18	129	u18-p129-s006	narrator	People enjoy big family dinners.	2
18	129	u18-p129-s007	narrator	Elder relatives often give lucky money to young people.	1
18	129	u18-p129-s008	narrator	Families also watch fireworks and festival shows together.	1
18	129	u18-p129-s009	narrator	The Spring Festival is about more than just celebrations.	1
18	129	u18-p129-s010	narrator	It is about the Chinese culture of family.	2
18	129	u18-p129-s011	narrator	The festival encourages people to spend time with their families.	2
18	129	u18-p129-s012	narrator	It helps family members connect and build strong ties with each other.	2
18	129	u18-p129-s013	narrator	The Spring Festival has a special place in the hearts of Chinese people.	1
18	129	u18-p129-s014	narrator	1 The Spring Festival is festival in China.	2
18	129	u18-p129-s015	narrator	2 Millions of people home for it.	2
18	129	u18-p129-s016	narrator	3 People enjoy.	2
18	129	u18-p129-s017	narrator	4 Young people get from their elders.	2
18	129	u18-p129-s018	narrator	5 Families watch together.	2
18	129	u18-p129-s019	narrator	6 The festival encourages people to.	2
18	129	u18-p129-s021	narrator	Write an article about the festival with the help of the notes.	2
18	129	u18-p129-s020	narrator	C2 The notes below are about the Dragon Boat Festival.	1
18	129	u18-p129-s028	narrator	The Dragon Boat Festival	1
18	129	u18-p129-s029	narrator	What: an important festival in China	1
18	129	u18-p129-s030	narrator	When: in May or June to remember Qu Yuan, a great	2
18	129	u18-p129-s031	narrator	Why:	1
18	129	u18-p129-s033	narrator	poet	1
18	129	u18-p129-s035	narrator	eat rice dumplings, a special	1
18	129	u18-p129-s034	narrator	How:	1
18	129	u18-p129-s036	narrator	kind of food; have dragon boat	1
18	129	u18-p129-s037	narrator	races	1
20	130	u20-p130-s002	narrator	sounds English	1
20	130	u20-p130-s001	narrator	English sounds	1
20	130	u20-p130-s013	narrator	Vowels	1
20	130	u20-p130-s038	narrator	Consonants	1
20	130	u20-p130-s053	narrator	Vowels	1
20	130	u20-p130-s054	narrator	ship	1
20	130	u20-p130-s055	narrator	little	1
20	130	u20-p130-s056	narrator	enjoy	1
20	130	u20-p130-s057	narrator	minute	1
20	130	u20-p130-s058	narrator	women	1
20	130	u20-p130-s059	narrator	me	1
20	130	u20-p130-s060	narrator	see	1
20	130	u20-p130-s061	narrator	tea	1
20	130	u20-p130-s062	narrator	field	1
20	130	u20-p130-s063	narrator	key	1
20	130	u20-p130-s064	narrator	machine	1
20	130	u20-p130-s065	narrator	bed	1
20	130	u20-p130-s066	narrator	head	1
20	130	u20-p130-s067	narrator	many	1
20	130	u20-p130-s068	narrator	friend	1
20	130	u20-p130-s069	narrator	says	1
20	130	u20-p130-s070	narrator	said	1
20	130	u20-p130-s071	narrator	map	1
20	130	u20-p130-s072	narrator	cup	1
20	130	u20-p130-s073	narrator	money	1
20	130	u20-p130-s074	narrator	young	1
20	130	u20-p130-s075	narrator	does	1
20	130	u20-p130-s076	narrator	fast	1
20	130	u20-p130-s077	narrator	car	1
20	130	u20-p130-s078	narrator	laugh	1
20	130	u20-p130-s079	narrator	calm	1
20	130	u20-p130-s080	narrator	dog	1
20	130	u20-p130-s081	narrator	what	1
20	130	u20-p130-s082	narrator	cough	1
20	130	u20-p130-s083	narrator	water	1
20	130	u20-p130-s084	narrator	short	1
20	130	u20-p130-s085	narrator	more	1
20	130	u20-p130-s086	narrator	door	1
20	130	u20-p130-s087	narrator	talk	1
20	130	u20-p130-s088	narrator	saw	1
20	130	u20-p130-s089	narrator	four	1
20	130	u20-p130-s090	narrator	autumn	1
20	130	u20-p130-s091	narrator	blackboard	1
20	130	u20-p130-s092	narrator	warm	1
20	130	u20-p130-s093	narrator	thought	1
20	130	u20-p130-s094	narrator	put	1
20	130	u20-p130-s095	narrator	book	1
20	130	u20-p130-s096	narrator	would	1
20	130	u20-p130-s097	narrator	woman	1
20	130	u20-p130-s098	narrator	zoo	1
20	130	u20-p130-s099	narrator	who	1
20	130	u20-p130-s100	narrator	ruler	1
20	130	u20-p130-s101	narrator	group	1
20	130	u20-p130-s102	narrator	shoe	1
20	130	u20-p130-s103	narrator	flew	1
20	130	u20-p130-s104	narrator	blue	1
20	130	u20-p130-s105	narrator	juice	1
20	130	u20-p130-s106	narrator	two	1
20	130	u20-p130-s107	narrator	ago	1
20	130	u20-p130-s108	narrator	second	1
20	130	u20-p130-s109	narrator	teacher doctor	1
20	130	u20-p130-s110	narrator	August	1
20	130	u20-p130-s111	narrator	holiday open colour	1
20	130	u20-p130-s112	narrator	her	1
20	130	u20-p130-s113	narrator	bird	1
20	130	u20-p130-s114	narrator	worker	1
20	130	u20-p130-s115	narrator	purse	1
20	130	u20-p130-s116	narrator	earth	1
20	130	u20-p130-s117	narrator	late	1
20	130	u20-p130-s118	narrator	wait	1
20	130	u20-p130-s119	narrator	day	1
20	130	u20-p130-s120	narrator	they	1
20	130	u20-p130-s121	narrator	eight	1
20	130	u20-p130-s122	narrator	great	1
20	130	u20-p130-s123	narrator	cafe	1
20	130	u20-p130-s124	narrator	hi	1
20	130	u20-p130-s125	narrator	my	1
20	130	u20-p130-s126	narrator	bye	1
20	130	u20-p130-s127	narrator	eye	1
20	130	u20-p130-s128	narrator	buy	1
20	130	u20-p130-s129	narrator	die	1
20	130	u20-p130-s130	narrator	high	1
20	130	u20-p130-s131	narrator	join	1
20	130	u20-p130-s132	narrator	boy	1
20	130	u20-p130-s133	narrator	no	1
20	130	u20-p130-s134	narrator	boat	1
20	130	u20-p130-s135	narrator	know	1
20	130	u20-p130-s136	narrator	shoulder	1
20	130	u20-p130-s137	narrator	out	1
20	130	u20-p130-s138	narrator	now	1
20	130	u20-p130-s139	narrator	idea	1
20	130	u20-p130-s140	narrator	near	1
20	130	u20-p130-s141	narrator	beer	1
20	130	u20-p130-s142	narrator	here	1
20	130	u20-p130-s143	narrator	hair	1
20	130	u20-p130-s144	narrator	wear	1
20	130	u20-p130-s145	narrator	there	1
20	130	u20-p130-s146	narrator	their	1
20	130	u20-p130-s147	narrator	care	1
20	130	u20-p130-s148	narrator	poor	1
20	130	u20-p130-s149	narrator	sure	1
20	131	u20-p131-s002	narrator	English sounds	1
20	131	u20-p131-s001	narrator	Consonants	1
20	131	u20-p131-s003	narrator	pen	1
20	131	u20-p131-s004	narrator	happy	1
20	131	u20-p131-s005	narrator	bus	1
20	131	u20-p131-s006	narrator	table	1
20	131	u20-p131-s007	narrator	letter	1
20	131	u20-p131-s008	narrator	dog	1
20	131	u20-p131-s009	narrator	kite	1
20	131	u20-p131-s010	narrator	cat	1
20	131	u20-p131-s011	narrator	lock	1
20	131	u20-p131-s012	narrator	go	1
20	131	u20-p131-s013	narrator	egg	1
20	131	u20-p131-s014	narrator	child	1
20	131	u20-p131-s015	narrator	watch	1
20	131	u20-p131-s016	narrator	joke	1
20	131	u20-p131-s017	narrator	age	1
20	131	u20-p131-s018	narrator	bridge	1
20	131	u20-p131-s019	narrator	tree	1
20	131	u20-p131-s020	narrator	dress	1
20	131	u20-p131-s021	narrator	boots	1
20	131	u20-p131-s022	narrator	skates	1
20	131	u20-p131-s023	narrator	cards	1
20	131	u20-p131-s024	narrator	few	1
20	131	u20-p131-s025	narrator	laugh	1
20	131	u20-p131-s026	narrator	photo	1
20	131	u20-p131-s027	narrator	office	1
20	131	u20-p131-s028	narrator	very	1
20	131	u20-p131-s029	narrator	of	1
20	131	u20-p131-s030	narrator	month	1
20	131	u20-p131-s031	narrator	that	1
20	131	u20-p131-s032	narrator	sit	1
20	131	u20-p131-s033	narrator	maps	1
20	131	u20-p131-s034	narrator	city	1
20	131	u20-p131-s035	narrator	class	1
20	131	u20-p131-s036	narrator	zoo	1
20	131	u20-p131-s037	narrator	jobs	1
20	131	u20-p131-s038	narrator	she	1
20	131	u20-p131-s039	narrator	sure	1
20	131	u20-p131-s040	narrator	usually	1
20	131	u20-p131-s041	narrator	he	1
20	131	u20-p131-s042	narrator	who	1
20	131	u20-p131-s043	narrator	man	1
20	131	u20-p131-s044	narrator	summer	1
20	131	u20-p131-s045	narrator	no	1
20	131	u20-p131-s046	narrator	beginning	1
20	131	u20-p131-s047	narrator	know	1
20	131	u20-p131-s048	narrator	think	1
20	131	u20-p131-s049	narrator	sing	1
20	131	u20-p131-s050	narrator	leg	1
20	131	u20-p131-s051	narrator	bell	1
20	131	u20-p131-s052	narrator	red	1
20	131	u20-p131-s053	narrator	hurry	1
20	131	u20-p131-s054	narrator	write	1
20	131	u20-p131-s055	narrator	yes	1
20	131	u20-p131-s056	narrator	we	1
20	131	u20-p131-s057	narrator	what	1
21	132	u21-p132-s016	narrator	Notes	1
21	132	u21-p132-s017	narrator	Unit 1	1
21	132	u21-p132-s001	narrator	1 Hello, I’m Wang Xinyue, and I go by Millie.	2
21	132	u21-p132-s022	narrator	page 7	1
21	132	u21-p132-s023	narrator	Part A)	1
21	132	u21-p132-s024	narrator	go by	1
21	132	u21-p132-s018	narrator	Notes	1
21	132	u21-p132-s025	narrator	She goes by the name of Lily.	1
21	132	u21-p132-s003	narrator	2 Nice to meet you!	2
21	132	u21-p132-s019	narrator	(page 7, Part B)	1
21	132	u21-p132-s055	narrator	Glad	1
21	132	u21-p132-s056	narrator	Happy	1
21	132	u21-p132-s057	narrator	Lovely	1
21	132	u21-p132-s020	narrator	to meet you.”。	1
21	132	u21-p132-s004	narrator	3 He is always full of energy.	2
21	132	u21-p132-s026	narrator	page 8	1
21	132	u21-p132-s027	narrator	line 7)	1
21	132	u21-p132-s028	narrator	be full of	1
21	132	u21-p132-s029	narrator	The room is full of toys.	1
21	132	u21-p132-s006	narrator	4 He is smart and always ready to help others.	2
21	132	u21-p132-s030	narrator	page 8	1
21	132	u21-p132-s031	narrator	line 17)	1
21	132	u21-p132-s032	narrator	be ready to do sth	1
21	132	u21-p132-s033	narrator	Lei Feng was always ready to help others.	1
21	132	u21-p132-s034	narrator	Are you ready to have lunch with meg	1
21	132	u21-p132-s009	narrator	5 He is interested in science.	2
21	132	u21-p132-s035	narrator	page 8	1
21	132	u21-p132-s036	narrator	line 18)	1
21	132	u21-p132-s037	narrator	be interested in	1
21	132	u21-p132-s038	narrator	My classmates are all interested in music.	1
21	132	u21-p132-s011	narrator	6 Ms Lin, this is my classmate Simon.	2
21	132	u21-p132-s021	narrator	(page 15, Part C)	1
21	132	u21-p132-s058	narrator	this	1
21	132	u21-p132-s039	narrator	is...	1
21	132	u21-p132-s059	narrator	Hello	1
21	132	u21-p132-s040	narrator	this is...	1
21	132	u21-p132-s012	narrator	7 Sport helps me stay healthy and happy.	2
21	132	u21-p132-s041	narrator	page 15	1
21	132	u21-p132-s042	narrator	Part C)	1
21	132	u21-p132-s043	narrator	stay	1
21	132	u21-p132-s045	narrator	healthy	1
21	132	u21-p132-s046	narrator	happy	1
21	132	u21-p132-s047	narrator	Please stay polite all the time.	1
21	132	u21-p132-s044	narrator	stay	1
21	132	u21-p132-s014	narrator	8 I enjoy playing Chinese chess and ping-pong.	2
21	132	u21-p132-s048	narrator	page 16	1
21	132	u21-p132-s049	narrator	Part D2)	1
21	132	u21-p132-s050	narrator	Chinese chess	1
21	132	u21-p132-s051	narrator	chess	1
21	132	u21-p132-s052	narrator	chess	1
21	132	u21-p132-s054	narrator	We like playing chess together.	1
21	132	u21-p132-s053	narrator	chess	1
21	133	u21-p133-s014	narrator	Unit 2	1
21	133	u21-p133-s001	narrator	1 He gets to see all kinds of things and learns a lot.	2
21	133	u21-p133-s025	narrator	page 20	1
21	133	u21-p133-s026	narrator	lines 4–5)	1
21	133	u21-p133-s027	narrator	get to do sth	1
21	133	u21-p133-s028	narrator	We don’t get to visit the museum at this time.	1
21	133	u21-p133-s015	narrator	Notes	1
21	133	u21-p133-s029	narrator	all kinds of	1
21	133	u21-p133-s031	narrator	She enjoys listening to all kinds of music.	1
21	133	u21-p133-s030	narrator	all kinds of	1
21	133	u21-p133-s004	narrator	2 At home, he likes to take things apart and learn how they work.	2
21	133	u21-p133-s032	narrator	page 20	1
21	133	u21-p133-s033	narrator	lines 7–8)	1
21	133	u21-p133-s034	narrator	take apart	1
21	133	u21-p133-s035	narrator	I have a toy car and often take it apart.	1
21	133	u21-p133-s006	narrator	3 He also goes on the internet to find answers to his endless questions.	2
21	133	u21-p133-s036	narrator	page 20	1
21	133	u21-p133-s037	narrator	lines 11–12)	1
21	133	u21-p133-s038	narrator	answers to	1
21	133	u21-p133-s039	narrator	Your answer to this question is not right.	1
21	133	u21-p133-s008	narrator	4 Do you plan to join the Painting Clubg	2
21	133	u21-p133-s040	narrator	page 27	1
21	133	u21-p133-s041	narrator	Part C)	1
21	133	u21-p133-s056	narrator	sth。plan	1
21	133	u21-p133-s042	narrator	plan	1
21	133	u21-p133-s043	narrator	plan	1
21	133	u21-p133-s047	narrator	plan to do sth	1
21	133	u21-p133-s044	narrator	plan	1
21	133	u21-p133-s048	narrator	plan sth	1
21	133	u21-p133-s045	narrator	plan	1
21	133	u21-p133-s054	narrator	They plan to arrive at the cinema after three.	1
21	133	u21-p133-s046	narrator	plan	1
21	133	u21-p133-s055	narrator	Let’s plan a trip!	1
21	133	u21-p133-s011	narrator	5 My favourite artist is Xu Beihong.	2
21	133	u21-p133-s016	narrator	(page 28, Part D2)	1
21	133	u21-p133-s012	narrator	6 I want to become a designer.	2
21	133	u21-p133-s017	narrator	(page 28, Part D2)	1
21	133	u21-p133-s057	narrator	er	1
21	133	u21-p133-s058	narrator	e	1
21	133	u21-p133-s059	narrator	r	1
21	133	u21-p133-s018	narrator	design →designer	1
21	133	u21-p133-s019	narrator	teach →teacher	1
21	133	u21-p133-s020	narrator	sing →singer	1
21	133	u21-p133-s021	narrator	drive →driver	1
21	133	u21-p133-s022	narrator	dance →dancer	1
21	133	u21-p133-s023	narrator	Unit 3	1
21	133	u21-p133-s013	narrator	1 They’re the perfect places for us to study.	2
21	133	u21-p133-s024	narrator	(page 32, lines 2–3)	1
21	134	u21-p134-s024	narrator	place for sb to do sth	1
21	134	u21-p134-s025	narrator	The reading room is a great place for us to read.	1
21	134	u21-p134-s002	narrator	2 Can you see the students running thereg	2
21	134	u21-p134-s026	narrator	page 32	1
21	134	u21-p134-s027	narrator	line 6)	1
21	134	u21-p134-s028	narrator	see sb doing sth	1
21	134	u21-p134-s029	narrator	hear	1
21	134	u21-p134-s031	narrator	watch	1
21	134	u21-p134-s016	narrator	Notes	1
21	134	u21-p134-s032	narrator	Can you hear the students singing next doorg	1
21	134	u21-p134-s030	narrator	hear	1
21	134	u21-p134-s004	narrator	3 Lots of exciting sports matches take place on it.	2
21	134	u21-p134-s033	narrator	page 32	1
21	134	u21-p134-s034	narrator	line 7)	1
21	134	u21-p134-s035	narrator	take place	1
21	134	u21-p134-s036	narrator	Students’ painting show takes place in the library.	1
21	134	u21-p134-s006	narrator	4 They’re role models for us.	2
21	134	u21-p134-s037	narrator	page 32	1
21	134	u21-p134-s038	narrator	lines 9–10)	1
21	134	u21-p134-s039	narrator	role model	1
21	134	u21-p134-s041	narrator	Jing Haipeng	1
21	134	u21-p134-s042	narrator	one of the greatest Chinese astronauts	1
21	134	u21-p134-s043	narrator	is my role model.	1
21	134	u21-p134-s040	narrator	role model	1
21	134	u21-p134-s008	narrator	5 You will find lots of books on different subjects there—thousands of them, in fact!	3
21	134	u21-p134-s044	narrator	page 38	1
21	134	u21-p134-s045	narrator	Part A)	1
21	134	u21-p134-s046	narrator	thousands of them	1
21	134	u21-p134-s047	narrator	in fact	1
21	134	u21-p134-s050	narrator	books	1
21	134	u21-p134-s048	narrator	in fact	1
21	134	u21-p134-s054	narrator	I live in this town	1
21	134	u21-p134-s049	narrator	in fact	1
21	134	u21-p134-s058	narrator	not far from your hometown.	1
21	134	u21-p134-s059	narrator	in fact	1
21	134	u21-p134-s060	narrator	I thought the question would be hard.	1
21	134	u21-p134-s011	narrator	In fact, it was very easy.	1
21	134	u21-p134-s012	narrator	6 You can borrow three books at a time.	2
21	134	u21-p134-s061	narrator	page 38	1
21	134	u21-p134-s062	narrator	Part A)	1
21	134	u21-p134-s063	narrator	at a time	1
21	134	u21-p134-s065	narrator	I can only answer one question at a time.	1
21	134	u21-p134-s064	narrator	at a time	1
21	134	u21-p134-s014	narrator	7 There is a reading room with computers on the top floor.	2
21	134	u21-p134-s017	narrator	(page 38, Part A)	1
21	134	u21-p134-s071	narrator	the	1
21	134	u21-p134-s066	narrator	top floor	1
21	134	u21-p134-s072	narrator	the	1
21	134	u21-p134-s067	narrator	ground floor	1
21	134	u21-p134-s068	narrator	the first floor	1
21	134	u21-p134-s073	narrator	the	1
21	134	u21-p134-s069	narrator	first floor	1
21	134	u21-p134-s070	narrator	the second floor	1
21	134	u21-p134-s015	narrator	8 What else do you like about our schoolg	2
21	134	u21-p134-s023	narrator	(page 39, Part C)	1
21	135	u21-p135-s018	narrator	else	1
21	135	u21-p135-s020	narrator	Where else do you want to gog	1
21	135	u21-p135-s019	narrator	else	1
21	135	u21-p135-s002	narrator	9 Thanks for your email.	2
21	135	u21-p135-s021	narrator	page 40	1
21	135	u21-p135-s022	narrator	Part D2)	1
21	135	u21-p135-s023	narrator	thanks	1
21	135	u21-p135-s026	narrator	thank you	1
21	135	u21-p135-s024	narrator	thanks	1
21	135	u21-p135-s027	narrator	thanks for	1
21	135	u21-p135-s025	narrator	thanks	1
21	135	u21-p135-s028	narrator	thanks for	1
21	135	u21-p135-s029	narrator	Thanks for your help.	1
21	135	u21-p135-s015	narrator	Notes	1
21	135	u21-p135-s016	narrator	Unit 4	1
21	135	u21-p135-s004	narrator	1 Learn beyond the books.	2
21	135	u21-p135-s017	narrator	(page 42)	1
21	135	u21-p135-s005	narrator	2 Club activities are a good way for me to enjoy myself and make friends.	2
21	135	u21-p135-s030	narrator	page 43	1
21	135	u21-p135-s031	narrator	Part B)	1
21	135	u21-p135-s032	narrator	enjoy oneself	1
21	135	u21-p135-s033	narrator	Students enjoy themselves in after-school activities.	1
21	135	u21-p135-s007	narrator	3 Hope to hear from you soon.	2
21	135	u21-p135-s034	narrator	page 44	1
21	135	u21-p135-s035	narrator	lines 14–15)	1
21	135	u21-p135-s036	narrator	hear from sb	1
21	135	u21-p135-s037	narrator	I’m always happy to hear from you.	1
21	135	u21-p135-s009	narrator	4 Everybody tries their best to make things better.	2
21	135	u21-p135-s038	narrator	page 51	1
21	135	u21-p135-s039	narrator	Part C)	1
21	135	u21-p135-s040	narrator	try one’s best	1
21	135	u21-p135-s041	narrator	Let’s try our best to finish this task.	1
21	135	u21-p135-s011	narrator	5 In my class, we all work in groups and take turns to do different chores.	2
21	135	u21-p135-s042	narrator	page 52	1
21	135	u21-p135-s043	narrator	Part D2)	1
21	135	u21-p135-s044	narrator	take turns	1
21	135	u21-p135-s046	narrator	We often take turns to answer the teacher’s questions.	1
21	135	u21-p135-s045	narrator	take turns	1
21	135	u21-p135-s013	narrator	6 We each do something for our class and learn about teamwork through chores.	2
21	135	u21-p135-s047	narrator	page 52	1
21	135	u21-p135-s048	narrator	Part D2)	1
21	135	u21-p135-s049	narrator	through	1
21	135	u21-p135-s051	narrator	We can learn about the world through books.	1
21	135	u21-p135-s050	narrator	through	1
21	136	u21-p136-s016	narrator	Unit 5	1
21	136	u21-p136-s001	narrator	1 A life without health is like a river without water.	2
21	136	u21-p136-s017	narrator	(page 56)	1
21	136	u21-p136-s058	narrator	like	1
21	136	u21-p136-s002	narrator	2 They’re good for us.	2
21	136	u21-p136-s023	narrator	page 57	1
21	136	u21-p136-s024	narrator	Part B)	1
21	136	u21-p136-s018	narrator	Notes	1
21	136	u21-p136-s025	narrator	be good for	1
21	136	u21-p136-s026	narrator	Milk is good for our bones.	1
21	136	u21-p136-s004	narrator	3 I get nine hours of sleep every night, so I am always full of energy.	2
21	136	u21-p136-s027	narrator	page 58	1
21	136	u21-p136-s028	narrator	lines 2–3)	1
21	136	u21-p136-s029	narrator	get...	1
21	136	u21-p136-s034	narrator	hours of sleep	1
21	136	u21-p136-s035	narrator	sleep for...	1
21	136	u21-p136-s030	narrator	hours	1
21	136	u21-p136-s033	narrator	He gets only five hours of sleep/only sleeps for five hours a night.	1
21	136	u21-p136-s031	narrator	hours	1
21	136	u21-p136-s032	narrator	hours	1
21	136	u21-p136-s008	narrator	4 For lunch, I like fish, meat and tofu.	2
21	136	u21-p136-s019	narrator	(page 58, lines 6–7)	1
21	136	u21-p136-s059	narrator	tofu	1
21	136	u21-p136-s060	narrator	bean	1
21	136	u21-p136-s061	narrator	curd	1
21	136	u21-p136-s062	narrator	kung	1
21	136	u21-p136-s036	narrator	fu	1
21	136	u21-p136-s037	narrator	tai chi	1
21	136	u21-p136-s009	narrator	5 I have a sweet tooth and it is hard for me to say no to cakes.	2
21	136	u21-p136-s038	narrator	page 58	1
21	136	u21-p136-s039	narrator	lines 11–12)	1
21	136	u21-p136-s040	narrator	say no to	1
21	136	u21-p136-s042	narrator	say hello to	1
21	136	u21-p136-s043	narrator	say goodbye to	1
21	136	u21-p136-s044	narrator	say goodbye to	1
21	136	u21-p136-s045	narrator	say thanks to	1
21	136	u21-p136-s046	narrator	I couldn’t say no to ice cream.	1
21	136	u21-p136-s041	narrator	say no to	1
21	136	u21-p136-s047	narrator	I want to say thanks to my teachers.	1
21	136	u21-p136-s012	narrator	6 I need to get enough sleep.	2
21	136	u21-p136-s048	narrator	page 58	1
21	136	u21-p136-s049	narrator	lines 14–15)	1
21	136	u21-p136-s050	narrator	enough	1
21	136	u21-p136-s052	narrator	Do you have enough time to exerciseg	1
21	136	u21-p136-s051	narrator	enough	1
21	136	u21-p136-s053	narrator	enough	1
21	136	u21-p136-s055	narrator	Is the water hot enoughg	1
21	136	u21-p136-s054	narrator	enough	1
21	136	u21-p136-s021	narrator	Unit 6	1
21	136	u21-p136-s015	narrator	1 Dressing is a way of life.	2
21	136	u21-p136-s022	narrator	(page 68)	1
21	136	u21-p136-s063	narrator	a	1
21	136	u21-p136-s056	narrator	way of	1
21	136	u21-p136-s057	narrator	doing) sth	1
21	137	u21-p137-s001	narrator	Which of the following is a way of helping each otherg	1
21	137	u21-p137-s002	narrator	2 Well, it depends on the colour of our skin.	2
21	137	u21-p137-s021	narrator	page 70	1
21	137	u21-p137-s022	narrator	line 6)	1
21	137	u21-p137-s023	narrator	depend on	1
21	137	u21-p137-s024	narrator	The price of the fruit depends on its size.	1
21	137	u21-p137-s004	narrator	3 Which colours go well togetherg	2
21	137	u21-p137-s025	narrator	page 70	1
21	137	u21-p137-s026	narrator	line 9)	1
21	137	u21-p137-s019	narrator	Notes	1
21	137	u21-p137-s027	narrator	go together	1
21	137	u21-p137-s028	narrator	with	1
21	137	u21-p137-s030	narrator	The black skirt goes together with your yellow shirt.	1
21	137	u21-p137-s029	narrator	with	1
21	137	u21-p137-s006	narrator	4 In fact, warm and cool colours make each other stand out, such as yellow and green or orange and blue.	3
21	137	u21-p137-s031	narrator	page 70	1
21	137	u21-p137-s032	narrator	lines 13–14)	1
21	137	u21-p137-s033	narrator	stand out	1
21	137	u21-p137-s034	narrator	The young lady in red stands out in the team.	1
21	137	u21-p137-s035	narrator	such as	1
21	137	u21-p137-s037	narrator	I like comfortable clothes	1
21	137	u21-p137-s036	narrator	such as	1
21	137	u21-p137-s038	narrator	such as T-shirts and jeans.	1
21	137	u21-p137-s055	narrator	T	1
21	137	u21-p137-s009	narrator	5 Some popular types are hanfu, qipao and tangzhuang.	2
21	137	u21-p137-s020	narrator	(page 76, Part A)	1
21	137	u21-p137-s010	narrator	6 Qipao are usually made of silk, and they feel smooth and soft.	2
21	137	u21-p137-s039	narrator	page 77	1
21	137	u21-p137-s040	narrator	Part C)	1
21	137	u21-p137-s041	narrator	be made of	1
21	137	u21-p137-s042	narrator	be made from	1
21	137	u21-p137-s043	narrator	This bottle is made of glass.	1
21	137	u21-p137-s044	narrator	Paper is made from wood.	1
21	137	u21-p137-s013	narrator	7 I think white shirts have a clean look, and white matches any other colour.	2
21	137	u21-p137-s045	narrator	page 78	1
21	137	u21-p137-s046	narrator	page 78	1
21	137	u21-p137-s047	narrator	Part D2)	1
21	137	u21-p137-s048	narrator	any other	1
21	137	u21-p137-s050	narrator	Do you have any other questionsg	1
21	137	u21-p137-s049	narrator	any other	1
21	137	u21-p137-s015	narrator	8 The jacket is not too long or too large, and it is dark blue.	2
21	137	u21-p137-s051	narrator	page 78	1
21	137	u21-p137-s052	narrator	Part D2)	1
21	137	u21-p137-s053	narrator	not...	1
21	137	u21-p137-s017	narrator	or...	1
21	137	u21-p137-s054	narrator	Autumn in Nanjing is not cold or wet.	1
21	138	u21-p138-s017	narrator	Unit 7	1
21	138	u21-p138-s001	narrator	1 Get your money’s worth.	2
21	138	u21-p138-s018	narrator	(page 80)	1
21	138	u21-p138-s002	narrator	2 They’re a set of dolls in different sizes.	2
21	138	u21-p138-s026	narrator	page 81	1
21	138	u21-p138-s027	narrator	Part B)	1
21	138	u21-p138-s028	narrator	a set of	1
21	138	u21-p138-s019	narrator	Notes	1
21	138	u21-p138-s030	narrator	I bought a set of four chairs for my new house.	1
21	138	u21-p138-s029	narrator	a set of	1
21	138	u21-p138-s004	narrator	3 Players wear them to protect their eyes from the sun, and they’re also a kind of fashion.	3
21	138	u21-p138-s031	narrator	page 81	1
21	138	u21-p138-s032	narrator	Part B)	1
21	138	u21-p138-s033	narrator	protect...	1
21	138	u21-p138-s006	narrator	from...	1
21	138	u21-p138-s034	narrator	She uses an umbrella to protect herself from the rain.	1
21	138	u21-p138-s008	narrator	4 That will cost a lot of money.	2
21	138	u21-p138-s035	narrator	page 82	1
21	138	u21-p138-s036	narrator	line 4)	1
21	138	u21-p138-s037	narrator	cost	1
21	138	u21-p138-s039	narrator	spend	1
21	138	u21-p138-s041	narrator	pay	1
21	138	u21-p138-s040	narrator	spend	1
21	138	u21-p138-s045	narrator	on	1
21	138	u21-p138-s042	narrator	pay	1
21	138	u21-p138-s048	narrator	for	1
21	138	u21-p138-s049	narrator	This book costs 20 yuan.	1
21	138	u21-p138-s038	narrator	cost	1
21	138	u21-p138-s050	narrator	This book costs 20 yuan.	1
21	138	u21-p138-s051	narrator	This book costs 20 yuan.	1
21	138	u21-p138-s052	narrator	I spend 50 yuan on books every month.	1
21	138	u21-p138-s053	narrator	I spend 50 yuan on books every month.	1
21	138	u21-p138-s054	narrator	I spend 50 yuan on books every month.	1
21	138	u21-p138-s055	narrator	He needs to pay 20 yuan for this book.	1
21	138	u21-p138-s056	narrator	He needs to pay 20 yuan for this book.	1
21	138	u21-p138-s057	narrator	He needs to pay 20 yuan for this book.	1
21	138	u21-p138-s012	narrator	5 It’s a good idea to save for a rainy day.	2
21	138	u21-p138-s020	narrator	(page 82, lines 16–17)	1
21	138	u21-p138-s069	narrator	save	1
21	138	u21-p138-s058	narrator	for a rainy day	1
21	138	u21-p138-s059	narrator	be raining cats and dogs	1
21	138	u21-p138-s060	narrator	the calm before the storm	1
21	138	u21-p138-s061	narrator	come) rain or shine	1
21	138	u21-p138-s013	narrator	6 Do you usually get lucky money at the Spring Festivalg	2
21	138	u21-p138-s025	narrator	(page 89, Part C)	1
21	138	u21-p138-s070	narrator	lucky	1
21	138	u21-p138-s062	narrator	money	1
21	138	u21-p138-s014	narrator	7 Same here.	2
21	138	u21-p138-s063	narrator	page 89	1
21	138	u21-p138-s064	narrator	Part C)	1
21	138	u21-p138-s065	narrator	same here	1
21	138	u21-p138-s066	narrator	me too	1
21	138	u21-p138-s067	narrator	Glad to meet you.	1
21	138	u21-p138-s068	narrator	Same here.	1
21	139	u21-p139-s010	narrator	Unit 8	1
21	139	u21-p139-s001	narrator	1 Onions are a symbol of good luck and health.	2
21	139	u21-p139-s015	narrator	page 94	1
21	139	u21-p139-s016	narrator	line 10)	1
21	139	u21-p139-s017	narrator	a symbol of	1
21	139	u21-p139-s019	narrator	Giant pandas are a symbol of China.	1
21	139	u21-p139-s018	narrator	a symbol of	1
21	139	u21-p139-s003	narrator	2 When the clock strikes 12, they jump off their chairs into the new year, in the hope of getting over any problem in the year ahead!	3
21	139	u21-p139-s011	narrator	Notes	1
21	139	u21-p139-s020	narrator	page 94	1
21	139	u21-p139-s021	narrator	lines 12–14)	1
21	139	u21-p139-s022	narrator	in the hope of doing sth	1
21	139	u21-p139-s023	narrator	He wears red in the hope of having good luck.	1
21	139	u21-p139-s024	narrator	get over	1
21	139	u21-p139-s026	narrator	With his help	1
21	139	u21-p139-s027	narrator	I know how to get over the problem.	1
21	139	u21-p139-s025	narrator	get over	1
21	139	u21-p139-s006	narrator	3 But wherever you are, Happy New Year!	2
21	139	u21-p139-s028	narrator	page 94	1
21	139	u21-p139-s029	narrator	line 19)	1
21	139	u21-p139-s030	narrator	wherever you are	1
21	139	u21-p139-s033	narrator	Wherever you are	1
21	139	u21-p139-s032	narrator	no matter where you are	1
21	139	u21-p139-s031	narrator	wherever you are	1
21	139	u21-p139-s034	narrator	Wherever you are	1
21	139	u21-p139-s035	narrator	you are always my best friend.	1
21	139	u21-p139-s008	narrator	4 They’re playing a famous piece from the Strauss family.	2
21	139	u21-p139-s012	narrator	(page 98, Part B)	1
21	139	u21-p139-s013	narrator	(page	1
21	139	u21-p139-s014	narrator	Part A)	1
21	139	u21-p139-s009	narrator	5 The Double Ninth Festival is in autumn.	2
22	140	u22-p140-s017	narrator	Grammar check	1
22	140	u22-p140-s018	narrator	Unit 1	1
22	140	u22-p140-s024	narrator	I)	1
22	140	u22-p140-s025	narrator	be	1
22	140	u22-p140-s026	narrator	be	1
22	140	u22-p140-s029	narrator	am	1
22	140	u22-p140-s031	narrator	is	1
22	140	u22-p140-s032	narrator	are	1
22	140	u22-p140-s030	narrator	am	1
22	140	u22-p140-s033	narrator	I am in Grade 7.	1
22	140	u22-p140-s034	narrator	He is 12 years old.	1
22	140	u22-p140-s035	narrator	We are very happy with new friends.	1
22	140	u22-p140-s036	narrator	be	1
22	140	u22-p140-s037	narrator	The little dog is very cute.	1
22	140	u22-p140-s038	narrator	The classmates are all friendly.	1
22	140	u22-p140-s019	narrator	check Grammar	1
22	140	u22-p140-s039	narrator	be	1
22	140	u22-p140-s042	narrator	I am	1
22	140	u22-p140-s043	narrator	I’m you are	1
22	140	u22-p140-s044	narrator	I’m you are	1
22	140	u22-p140-s045	narrator	you’re she is	1
22	140	u22-p140-s046	narrator	you’re she is	1
22	140	u22-p140-s047	narrator	she’s he is	1
22	140	u22-p140-s048	narrator	she’s he is	1
22	140	u22-p140-s049	narrator	he’s it is	1
22	140	u22-p140-s050	narrator	he’s it is	1
22	140	u22-p140-s051	narrator	it’s we are	1
22	140	u22-p140-s052	narrator	it’s we are	1
22	140	u22-p140-s053	narrator	we’re they are	1
22	140	u22-p140-s054	narrator	we’re they are	1
22	140	u22-p140-s055	narrator	they’re	1
22	140	u22-p140-s040	narrator	be	1
22	140	u22-p140-s041	narrator	be	1
22	140	u22-p140-s062	narrator	not	1
22	140	u22-p140-s063	narrator	not	1
22	140	u22-p140-s064	narrator	This subject is not easy.	1
22	140	u22-p140-s065	narrator	They are not in the classroom.	1
22	140	u22-p140-s088	narrator	is	1
22	140	u22-p140-s089	narrator	are	1
22	140	u22-p140-s090	narrator	not	1
22	140	u22-p140-s091	narrator	is	1
22	140	u22-p140-s020	narrator	not = isn’t、are not = aren’t。	1
22	140	u22-p140-s066	narrator	am	1
22	140	u22-p140-s067	narrator	not	1
22	140	u22-p140-s068	narrator	be	1
22	140	u22-p140-s069	narrator	be	1
22	140	u22-p140-s072	narrator	Are you good at Mathsg	1
22	140	u22-p140-s073	narrator	Yes	1
22	140	u22-p140-s074	narrator	I am.	1
22	140	u22-p140-s092	narrator	—Is	1
22	140	u22-p140-s075	narrator	Is that girl your classmateg	1
22	140	u22-p140-s076	narrator	No	1
22	140	u22-p140-s077	narrator	she isn’t.	1
22	140	u22-p140-s078	narrator	she isn’t.	1
22	140	u22-p140-s079	narrator	she isn’t.	1
22	140	u22-p140-s093	narrator	be	1
22	140	u22-p140-s094	narrator	Yes	1
22	140	u22-p140-s080	narrator	he is.	1
22	140	u22-p140-s081	narrator	Yes	1
22	140	u22-p140-s022	narrator	he’s.”。	1
22	140	u22-p140-s023	narrator	Unit 2	1
22	140	u22-p140-s082	narrator	II)	1
22	140	u22-p140-s083	narrator	My hobby is painting.	1
22	140	u22-p140-s084	narrator	be	1
22	140	u22-p140-s085	narrator	I love painting.	1
22	140	u22-p140-s086	narrator	be	1
22	140	u22-p140-s087	narrator	I am good at swimming.	1
22	140	u22-p140-s015	narrator	（✓） I love swimming.	2
22	140	u22-p140-s016	narrator	（✓） I am love swimming.	2
22	141	u22-p141-s027	narrator	I often go to the Art Club after school.	1
22	141	u22-p141-s028	narrator	Fish live in water.	1
22	141	u22-p141-s029	narrator	She sings very well.	1
22	141	u22-p141-s030	narrator	We have different subjects at school.	1
22	141	u22-p141-s031	narrator	They enjoy jogging in their free time.	1
22	141	u22-p141-s012	narrator	Grammar check	1
22	141	u22-p141-s032	narrator	She visits museums every weekend.	1
22	141	u22-p141-s033	narrator	He plays football every day.	1
22	141	u22-p141-s060	narrator	s	1
22	141	u22-p141-s058	narrator	s	1
22	141	u22-p141-s013	narrator	make—makes	1
22	141	u22-p141-s059	narrator	s	1
22	141	u22-p141-s062	narrator	z	1
22	141	u22-p141-s061	narrator	s	1
22	141	u22-p141-s014	narrator	live—lives	1
22	141	u22-p141-s035	narrator	z/	1
22	141	u22-p141-s034	narrator	es	1
22	141	u22-p141-s063	narrator	y	1
22	141	u22-p141-s064	narrator	y	1
22	141	u22-p141-s016	narrator	carry—carries	1
22	141	u22-p141-s065	narrator	y	1
22	141	u22-p141-s066	narrator	ies	1
22	141	u22-p141-s067	narrator	play	1
22	141	u22-p141-s017	narrator	cry—cries	1
22	141	u22-p141-s018	narrator	plays	1
22	141	u22-p141-s019	narrator	teach—teaches	1
22	141	u22-p141-s068	narrator	ch	1
22	141	u22-p141-s069	narrator	sh	1
22	141	u22-p141-s070	narrator	ss	1
22	141	u22-p141-s071	narrator	x	1
22	141	u22-p141-s020	narrator	finish—finishes	1
22	141	u22-p141-s037	narrator	z/	1
22	141	u22-p141-s036	narrator	es	1
22	141	u22-p141-s072	narrator	es	1
22	141	u22-p141-s022	narrator	guess—guesses	1
22	141	u22-p141-s023	narrator	fix—fixes	1
22	141	u22-p141-s073	narrator	o	1
22	141	u22-p141-s039	narrator	z/	1
22	141	u22-p141-s038	narrator	es	1
22	141	u22-p141-s024	narrator	go—goes	1
22	141	u22-p141-s074	narrator	es	1
22	141	u22-p141-s026	narrator	have—has	1
22	141	u22-p141-s075	narrator	do	1
22	141	u22-p141-s040	narrator	not	1
22	141	u22-p141-s042	narrator	does not	1
22	141	u22-p141-s041	narrator	not	1
22	141	u22-p141-s043	narrator	does	1
22	141	u22-p141-s046	narrator	do not	1
22	141	u22-p141-s044	narrator	does	1
22	141	u22-p141-s048	narrator	does not	1
22	141	u22-p141-s049	narrator	don’t	1
22	141	u22-p141-s045	narrator	does	1
22	141	u22-p141-s050	narrator	doesn’t	1
22	141	u22-p141-s047	narrator	do not	1
22	141	u22-p141-s051	narrator	Students do not go to school on Sunday.	1
22	141	u22-p141-s053	narrator	Students don’t go to school on Sunday.	1
22	141	u22-p141-s052	narrator	Students don’t go to school on Sunday.	1
22	141	u22-p141-s054	narrator	Students don’t go to school on Sunday.	1
22	141	u22-p141-s010	narrator	He does not work in this shop.	1
22	141	u22-p141-s056	narrator	He doesn’t work in this shop.	1
22	141	u22-p141-s055	narrator	He doesn’t work in this shop.	1
22	141	u22-p141-s057	narrator	He doesn’t work in this shop.	1
22	141	u22-p141-s076	narrator	do	1
22	141	u22-p141-s077	narrator	does	1
22	141	u22-p141-s078	narrator	does	1
22	142	u22-p142-s001	narrator	—Do you like traditional Chinese paintingg	1
22	142	u22-p142-s036	narrator	Yes	1
22	142	u22-p142-s037	narrator	I do.	1
22	142	u22-p142-s003	narrator	I like landscape painting best.	1
22	142	u22-p142-s038	narrator	Does John often play basketball after schoolg	1
22	142	u22-p142-s039	narrator	No	1
22	142	u22-p142-s040	narrator	he doesn’t.	1
22	142	u22-p142-s041	narrator	he doesn’t.	1
22	142	u22-p142-s042	narrator	he doesn’t.	1
22	142	u22-p142-s043	narrator	do	1
22	142	u22-p142-s044	narrator	do	1
22	142	u22-p142-s045	narrator	do	1
22	142	u22-p142-s046	narrator	do	1
22	142	u22-p142-s051	narrator	I do not do housework on Saturday.	1
22	142	u22-p142-s052	narrator	Do you do housework on Saturdayg	1
22	142	u22-p142-s057	narrator	do	1
22	142	u22-p142-s058	narrator	do	1
22	142	u22-p142-s016	narrator	Unit 3	1
22	142	u22-p142-s017	narrator	check Grammar	1
22	142	u22-p142-s009	narrator	We like reading here.	1
22	142	u22-p142-s053	narrator	Lucy and I are in the library.	1
22	142	u22-p142-s011	narrator	They are clean and bright.	1
22	142	u22-p142-s054	narrator	Look at these classrooms.	1
22	142	u22-p142-s013	narrator	Everyone likes it.	1
22	142	u22-p142-s055	narrator	The panda is cute.	1
22	142	u22-p142-s015	narrator	I often play with her.	1
22	142	u22-p142-s056	narrator	Helen is my classmate.	1
22	142	u22-p142-s018	narrator	I	1
22	142	u22-p142-s019	narrator	you	1
22	142	u22-p142-s020	narrator	he	1
22	142	u22-p142-s021	narrator	she	1
22	142	u22-p142-s022	narrator	it	1
22	142	u22-p142-s023	narrator	we	1
22	142	u22-p142-s024	narrator	you	1
22	142	u22-p142-s025	narrator	they	1
22	142	u22-p142-s026	narrator	me	1
22	142	u22-p142-s027	narrator	you	1
22	142	u22-p142-s028	narrator	him	1
22	142	u22-p142-s029	narrator	her	1
22	142	u22-p142-s030	narrator	it	1
22	142	u22-p142-s031	narrator	us	1
22	142	u22-p142-s032	narrator	you	1
22	142	u22-p142-s033	narrator	them	1
22	142	u22-p142-s059	narrator	I	1
22	142	u22-p142-s060	narrator	you	1
22	142	u22-p142-s061	narrator	he	1
22	142	u22-p142-s062	narrator	he	1
22	142	u22-p142-s063	narrator	it	1
22	142	u22-p142-s064	narrator	him	1
22	142	u22-p142-s065	narrator	her	1
22	142	u22-p142-s066	narrator	it	1
22	142	u22-p142-s034	narrator	Unit 4	1
22	142	u22-p142-s035	narrator	(in/on/at)	1
22	142	u22-p142-s067	narrator	in	1
22	142	u22-p142-s068	narrator	on	1
22	142	u22-p142-s069	narrator	at	1
22	143	u22-p143-s006	narrator	in the morning/afternoon/evening in January/February/March/April/May/June/July/	2
22	143	u22-p143-s008	narrator	in	1
22	143	u22-p143-s009	narrator	August/September/October/November/December in spring/summer/autumn/winter in 2008/2022/2100	3
22	143	u22-p143-s012	narrator	on Sunday/Monday/Tuesday/Wednesday/	1
22	143	u22-p143-s013	narrator	Thursday/Friday/Saturday	1
22	143	u22-p143-s014	narrator	on	1
22	143	u22-p143-s015	narrator	on 1 September on a cold morning/Sunday afternoon on Children’s Day	3
22	143	u22-p143-s021	narrator	Grammar check	1
22	143	u22-p143-s018	narrator	at 4:15	1
22	143	u22-p143-s019	narrator	at	1
22	143	u22-p143-s020	narrator	at 12 (years old)	1
22	143	u22-p143-s036	narrator	at	1
22	143	u22-p143-s037	narrator	at	1
22	143	u22-p143-s022	narrator	Christmas、at the	1
22	143	u22-p143-s023	narrator	Spring Festival。	1
22	143	u22-p143-s031	narrator	He always takes a walk after dinner.	1
22	143	u22-p143-s032	narrator	They are never late for school.	1
22	143	u22-p143-s033	narrator	Many Chinese people often pay with mobile phones now.	1
22	143	u22-p143-s038	narrator	do	1
22	143	u22-p143-s039	narrator	do	1
22	143	u22-p143-s040	narrator	be	1
22	143	u22-p143-s024	narrator	never	1
22	143	u22-p143-s025	narrator	seldom	1
22	143	u22-p143-s026	narrator	sometimes	1
22	143	u22-p143-s027	narrator	often	1
22	143	u22-p143-s028	narrator	usually	1
22	143	u22-p143-s029	narrator	always	1
22	143	u22-p143-s030	narrator	Unit 5	1
22	143	u22-p143-s034	narrator	I usually have a sandwich for breakfast.	1
22	143	u22-p143-s035	narrator	They exercise in different ways.	1
22	143	u22-p143-s041	narrator	a	1
22	143	u22-p143-s042	narrator	a	1
22	143	u22-p143-s044	narrator	an	1
22	143	u22-p143-s045	narrator	the	1
22	143	u22-p143-s046	narrator	this	1
22	143	u22-p143-s047	narrator	that	1
22	143	u22-p143-s043	narrator	a	1
22	143	u22-p143-s048	narrator	my	1
22	143	u22-p143-s049	narrator	your	1
22	143	u22-p143-s050	narrator	his	1
22	143	u22-p143-s051	narrator	her	1
22	143	u22-p143-s052	narrator	their	1
22	143	u22-p143-s053	narrator	John	1
22	143	u22-p143-s054	narrator	s	1
22	143	u22-p143-s055	narrator	a	1
22	143	u22-p143-s056	narrator	an	1
22	144	u22-p144-s034	narrator	There is an apple tree in the garden.	1
22	144	u22-p144-s035	narrator	Mary dances for an hour every day.	1
22	144	u22-p144-s036	narrator	She has an umbrella and a useful book.	1
22	144	u22-p144-s007	narrator	book—books	1
22	144	u22-p144-s081	narrator	s	1
22	144	u22-p144-s079	narrator	s	1
22	144	u22-p144-s082	narrator	s	1
22	144	u22-p144-s080	narrator	s	1
22	144	u22-p144-s008	narrator	egg—eggs	1
22	144	u22-p144-s009	narrator	day—days	1
22	144	u22-p144-s038	narrator	z/	1
22	144	u22-p144-s037	narrator	es	1
22	144	u22-p144-s010	narrator	hobby—hobbies	1
22	144	u22-p144-s083	narrator	y	1
22	144	u22-p144-s084	narrator	y	1
22	144	u22-p144-s012	narrator	library—libraries	1
22	144	u22-p144-s014	narrator	check Grammar	1
22	144	u22-p144-s085	narrator	y	1
22	144	u22-p144-s086	narrator	ies	1
22	144	u22-p144-s087	narrator	y	1
22	144	u22-p144-s090	narrator	boy	1
22	144	u22-p144-s088	narrator	y	1
22	144	u22-p144-s091	narrator	boy	1
22	144	u22-p144-s089	narrator	y	1
22	144	u22-p144-s013	narrator	activity—activities	1
22	144	u22-p144-s015	narrator	glass—glasses	1
22	144	u22-p144-s040	narrator	z/	1
22	144	u22-p144-s039	narrator	es	1
22	144	u22-p144-s092	narrator	s	1
22	144	u22-p144-s093	narrator	s	1
22	144	u22-p144-s094	narrator	sh	1
22	144	u22-p144-s095	narrator	ch	1
22	144	u22-p144-s017	narrator	dish—dishes	1
22	144	u22-p144-s097	narrator	t	1
22	144	u22-p144-s096	narrator	ch	1
22	144	u22-p144-s041	narrator	x	1
22	144	u22-p144-s019	narrator	bench—benches	1
22	144	u22-p144-s099	narrator	stomach	1
22	144	u22-p144-s098	narrator	t	1
22	144	u22-p144-s100	narrator	stomach	1
22	144	u22-p144-s101	narrator	es	1
22	144	u22-p144-s020	narrator	box—boxes	1
22	144	u22-p144-s102	narrator	o	1
22	144	u22-p144-s021	narrator	piano—pianos	1
22	144	u22-p144-s044	narrator	z/	1
22	144	u22-p144-s045	narrator	z/	1
22	144	u22-p144-s103	narrator	s	1
22	144	u22-p144-s042	narrator	s	1
22	144	u22-p144-s046	narrator	es	1
22	144	u22-p144-s043	narrator	s	1
22	144	u22-p144-s022	narrator	zoo—zoos	1
22	144	u22-p144-s104	narrator	es	1
22	144	u22-p144-s024	narrator	hero—heroes	1
22	144	u22-p144-s105	narrator	f	1
22	144	u22-p144-s106	narrator	f	1
22	144	u22-p144-s107	narrator	fe	1
22	144	u22-p144-s025	narrator	shelf—shelves	1
22	144	u22-p144-s050	narrator	vz/	1
22	144	u22-p144-s108	narrator	f	1
22	144	u22-p144-s109	narrator	f	1
22	144	u22-p144-s110	narrator	fe	1
22	144	u22-p144-s049	narrator	ves	1
22	144	u22-p144-s026	narrator	leaf—leaves	1
22	144	u22-p144-s111	narrator	ves	1
22	144	u22-p144-s028	narrator	knife—knives	1
22	144	u22-p144-s112	narrator	man	1
22	144	u22-p144-s113	narrator	woman	1
22	144	u22-p144-s029	narrator	man—men	1
22	144	u22-p144-s030	narrator	foot—feet	1
22	144	u22-p144-s051	narrator	women drivers	1
22	144	u22-p144-s031	narrator	child—children	1
22	144	u22-p144-s052	narrator	men doctors	1
22	144	u22-p144-s033	narrator	fish—fish	1
22	144	u22-p144-s053	narrator	The soup smells great.	1
22	144	u22-p144-s054	narrator	Do you have saltg	1
22	144	u22-p144-s114	narrator	a	1
22	144	u22-p144-s115	narrator	a	1
22	144	u22-p144-s116	narrator	an	1
22	144	u22-p144-s117	narrator	the	1
22	144	u22-p144-s055	narrator	some	1
22	144	u22-p144-s056	narrator	much	1
22	144	u22-p144-s057	narrator	a little	1
22	144	u22-p144-s059	narrator	little	1
22	144	u22-p144-s060	narrator	little	1
22	144	u22-p144-s062	narrator	a lot of	1
22	144	u22-p144-s066	narrator	of	1
22	144	u22-p144-s063	narrator	a lot of	1
22	144	u22-p144-s064	narrator	a lot of water	1
22	144	u22-p144-s067	narrator	of	1
22	144	u22-p144-s058	narrator	a little	1
22	144	u22-p144-s065	narrator	a little milk	1
22	144	u22-p144-s061	narrator	little	1
22	144	u22-p144-s068	narrator	of	1
22	144	u22-p144-s075	narrator	a piece of paper	1
22	144	u22-p144-s069	narrator	of	1
22	144	u22-p144-s076	narrator	three cups of coffee	1
22	144	u22-p144-s070	narrator	of	1
22	144	u22-p144-s071	narrator	of	1
22	144	u22-p144-s077	narrator	five kilos of beef	1
22	144	u22-p144-s072	narrator	of	1
22	144	u22-p144-s078	narrator	Coffee is a kind of drink.	1
22	144	u22-p144-s073	narrator	of	1
22	144	u22-p144-s074	narrator	of	1
22	144	u22-p144-s118	narrator	time	1
22	144	u22-p144-s119	narrator	money	1
22	144	u22-p144-s120	narrator	work	1
22	144	u22-p144-s122	narrator	homework	1
22	144	u22-p144-s121	narrator	work	1
22	144	u22-p144-s123	narrator	news	1
22	144	u22-p144-s124	narrator	luck	1
22	145	u22-p145-s021	narrator	Unit 6	1
22	145	u22-p145-s026	narrator	yes	1
22	145	u22-p145-s027	narrator	no	1
22	145	u22-p145-s028	narrator	be	1
22	145	u22-p145-s087	narrator	—Is	1
22	145	u22-p145-s029	narrator	Is the shirt made of cottong	1
22	145	u22-p145-s030	narrator	No.	1
22	145	u22-p145-s003	narrator	It’s made of wool.	1
22	145	u22-p145-s031	narrator	Can I try them ong	1
22	145	u22-p145-s032	narrator	Yes	1
22	145	u22-p145-s033	narrator	of course.	1
22	145	u22-p145-s034	narrator	Do you like this blue T-shirtg	1
22	145	u22-p145-s035	narrator	T	1
22	145	u22-p145-s036	narrator	Yes	1
22	145	u22-p145-s037	narrator	I do.	1
22	145	u22-p145-s023	narrator	Grammar check	1
22	145	u22-p145-s088	narrator	yes	1
22	145	u22-p145-s089	narrator	no	1
22	145	u22-p145-s090	narrator	yes	1
22	145	u22-p145-s091	narrator	sure	1
22	145	u22-p145-s092	narrator	certainly	1
22	145	u22-p145-s093	narrator	of	1
22	145	u22-p145-s038	narrator	course	1
22	145	u22-p145-s094	narrator	no	1
22	145	u22-p145-s095	narrator	sorry	1
22	145	u22-p145-s096	narrator	this	1
22	145	u22-p145-s097	narrator	that	1
22	145	u22-p145-s039	narrator	it	1
22	145	u22-p145-s041	narrator	these/those	1
22	145	u22-p145-s042	narrator	they	1
22	145	u22-p145-s043	narrator	be	1
22	145	u22-p145-s044	narrator	What is your favourite colourg	1
22	145	u22-p145-s040	narrator	it	1
22	145	u22-p145-s045	narrator	Whose shoes are theseg	1
22	145	u22-p145-s098	narrator	what	1
22	145	u22-p145-s099	narrator	who	1
22	145	u22-p145-s100	narrator	who	1
22	145	u22-p145-s101	narrator	when	1
22	145	u22-p145-s102	narrator	where	1
22	145	u22-p145-s103	narrator	which	1
22	145	u22-p145-s104	narrator	why、how	1
22	145	u22-p145-s046	narrator	why	1
22	145	u22-p145-s048	narrator	wh	1
22	145	u22-p145-s047	narrator	how	1
22	145	u22-p145-s049	narrator	wh	1
22	145	u22-p145-s050	narrator	wh	1
22	145	u22-p145-s054	narrator	what	1
22	145	u22-p145-s055	narrator	what	1
22	145	u22-p145-s056	narrator	What is your name/jobg	1
22	145	u22-p145-s057	narrator	class/ grade	1
22	145	u22-p145-s059	narrator	What class/grade are you ing	1
22	145	u22-p145-s058	narrator	class/ grade	1
22	145	u22-p145-s025	narrator	what	1
22	145	u22-p145-s060	narrator	colour	1
22	145	u22-p145-s062	narrator	What colour is your new jacketg	1
22	145	u22-p145-s061	narrator	colour	1
22	145	u22-p145-s063	narrator	time	1
22	145	u22-p145-s065	narrator	What time does the show startg	1
22	145	u22-p145-s064	narrator	time	1
22	145	u22-p145-s066	narrator	when	1
22	145	u22-p145-s067	narrator	when	1
22	145	u22-p145-s068	narrator	When is your birthday partyg	1
22	145	u22-p145-s069	narrator	where	1
22	145	u22-p145-s070	narrator	where	1
22	145	u22-p145-s071	narrator	Where do they liveg	1
22	145	u22-p145-s072	narrator	who	1
22	145	u22-p145-s073	narrator	who	1
22	145	u22-p145-s074	narrator	Who is the man in a blue sweaterg	1
22	145	u22-p145-s075	narrator	why	1
22	145	u22-p145-s076	narrator	why	1
22	145	u22-p145-s077	narrator	Why do many people like hanfug	1
22	145	u22-p145-s078	narrator	whose	1
22	145	u22-p145-s079	narrator	whose	1
22	145	u22-p145-s080	narrator	Whose design is your favouriteg	1
22	145	u22-p145-s081	narrator	which	1
22	145	u22-p145-s082	narrator	which	1
22	145	u22-p145-s083	narrator	Which T-shirt matches this skirtg	1
22	145	u22-p145-s084	narrator	how	1
22	145	u22-p145-s085	narrator	how	1
22	145	u22-p145-s086	narrator	How do we go to the museumg	1
22	146	u22-p146-s025	narrator	many	1
22	146	u22-p146-s001	narrator	How many students are there in your classg	1
22	146	u22-p146-s026	narrator	much	1
22	146	u22-p146-s002	narrator	How much milk do you drink every dayg	1
22	146	u22-p146-s031	narrator	old	1
22	146	u22-p146-s033	narrator	How old is your Art teacherg	1
22	146	u22-p146-s032	narrator	old	1
22	146	u22-p146-s034	narrator	often	1
22	146	u22-p146-s036	narrator	How often do you go to the libraryg	1
22	146	u22-p146-s035	narrator	often	1
22	146	u22-p146-s027	narrator	how	1
22	146	u22-p146-s005	narrator	How long is the Yangtze Riverg	1
22	146	u22-p146-s028	narrator	long	1
22	146	u22-p146-s006	narrator	How long do you watch TV every dayg	1
22	146	u22-p146-s037	narrator	far	1
22	146	u22-p146-s039	narrator	How far is your home from schoolg	1
22	146	u22-p146-s038	narrator	far	1
22	146	u22-p146-s040	narrator	tall	1
22	146	u22-p146-s042	narrator	How tall is the girl over thereg	1
22	146	u22-p146-s041	narrator	tall	1
22	146	u22-p146-s043	narrator	yes	1
22	146	u22-p146-s044	narrator	no	1
22	146	u22-p146-s045	narrator	How is the girl these daysg	1
22	146	u22-p146-s029	narrator	check Grammar	1
22	146	u22-p146-s046	narrator	She is fine.	1
22	146	u22-p146-s047	narrator	Yes.	1
22	146	u22-p146-s048	narrator	what time	1
22	146	u22-p146-s050	narrator	when	1
22	146	u22-p146-s049	narrator	what time	1
22	146	u22-p146-s051	narrator	What time does the fashion show startg	1
22	146	u22-p146-s052	narrator	At seven o’clock.	1
22	146	u22-p146-s053	narrator	At seven o’clock.	1
22	146	u22-p146-s054	narrator	At seven o’clock.	1
22	146	u22-p146-s055	narrator	When do you watch the fashion showg	1
22	146	u22-p146-s056	narrator	On Wednesday afternoon.	1
22	146	u22-p146-s057	narrator	whose	1
22	146	u22-p146-s059	narrator	which	1
22	146	u22-p146-s058	narrator	whose	1
22	146	u22-p146-s060	narrator	Whose shirt is thisg	1
22	146	u22-p146-s061	narrator	Which scarf do you likeg	1
22	146	u22-p146-s062	narrator	how much	1
22	146	u22-p146-s063	narrator	how much	1
22	146	u22-p146-s064	narrator	How much is your T-shirtg	1
22	146	u22-p146-s065	narrator	T	1
22	146	u22-p146-s067	narrator	yes	1
22	146	u22-p146-s068	narrator	no	1
22	146	u22-p146-s069	narrator	Do you like silk scarves or cotton scarvesg	1
22	146	u22-p146-s066	narrator	T	1
22	146	u22-p146-s070	narrator	Silk.	1
22	146	u22-p146-s071	narrator	Which dress do you like	1
22	146	u22-p146-s072	narrator	this one or that oneg	1
22	146	u22-p146-s097	narrator	—I	1
22	146	u22-p146-s073	narrator	I like this one.	1
22	146	u22-p146-s030	narrator	Unit 7	1
22	146	u22-p146-s074	narrator	some	1
22	146	u22-p146-s078	narrator	any	1
22	146	u22-p146-s075	narrator	some	1
22	146	u22-p146-s079	narrator	any	1
22	146	u22-p146-s076	narrator	some	1
22	146	u22-p146-s080	narrator	any	1
22	146	u22-p146-s077	narrator	some	1
22	146	u22-p146-s095	narrator	There are some gifts on the desk.	1
22	146	u22-p146-s096	narrator	I want to buy some food.	1
22	147	u22-p147-s001	narrator	There are not any oranges in the shop.	1
22	147	u22-p147-s026	narrator	Do you have any free timeg	1
22	147	u22-p147-s027	narrator	some	1
22	147	u22-p147-s029	narrator	any	1
22	147	u22-p147-s028	narrator	some	1
22	147	u22-p147-s030	narrator	He has some new notebooks.	1
22	147	u22-p147-s031	narrator	He does not have any new notebooks.	1
22	147	u22-p147-s032	narrator	Does he have any new notebooksg	1
22	147	u22-p147-s033	narrator	some	1
22	147	u22-p147-s034	narrator	some	1
22	147	u22-p147-s035	narrator	Would you like some drinkg	1
22	147	u22-p147-s036	narrator	Can you tell me some Chinese idiom storiesg	1
22	147	u22-p147-s037	narrator	Sure.	1
22	147	u22-p147-s009	narrator	How about the story of Guan Zhong and Bao Shuyag	1
22	147	u22-p147-s038	narrator	there be	1
22	147	u22-p147-s021	narrator	Grammar check	1
22	147	u22-p147-s039	narrator	there be	1
22	147	u22-p147-s042	narrator	There is a shopping mall near the bank.	1
22	147	u22-p147-s043	narrator	There are a lot of friends at my birthday party.	1
22	147	u22-p147-s044	narrator	There is not any water in her glass.	1
22	147	u22-p147-s081	narrator	Are	1
22	147	u22-p147-s045	narrator	Are there any girl students in the teamg	1
22	147	u22-p147-s046	narrator	there be	1
22	147	u22-p147-s047	narrator	be	1
22	147	u22-p147-s048	narrator	be	1
22	147	u22-p147-s082	narrator	be	1
22	147	u22-p147-s083	narrator	be	1
22	147	u22-p147-s084	narrator	there	1
22	147	u22-p147-s049	narrator	be	1
22	147	u22-p147-s050	narrator	be	1
22	147	u22-p147-s053	narrator	There is a girl and two boys in the classroom.	1
22	147	u22-p147-s054	narrator	There are two boys and a girl in the classroom.	1
22	147	u22-p147-s055	narrator	there be	1
22	147	u22-p147-s056	narrator	be	1
22	147	u22-p147-s057	narrator	be	1
22	147	u22-p147-s059	narrator	not	1
22	147	u22-p147-s058	narrator	be	1
22	147	u22-p147-s063	narrator	Yes	1
22	147	u22-p147-s064	narrator	there is/are.	1
22	147	u22-p147-s065	narrator	No	1
22	147	u22-p147-s067	narrator	there is/are not.	1
22	147	u22-p147-s066	narrator	No	1
22	147	u22-p147-s068	narrator	there be	1
22	147	u22-p147-s070	narrator	have	1
22	147	u22-p147-s069	narrator	there be	1
22	147	u22-p147-s071	narrator	have	1
22	147	u22-p147-s076	narrator	There is a picture on the wall.	1
22	147	u22-p147-s077	narrator	I have some pictures.	1
22	147	u22-p147-s025	narrator	Unit 8	1
22	147	u22-p147-s078	narrator	I am chatting with the elders.	1
22	147	u22-p147-s079	narrator	My grandfather is walking around the park.	1
22	147	u22-p147-s080	narrator	We are waiting for you here.	1
22	148	u22-p148-s001	narrator	Tom is making a card for his mum all the afternoon.	1
22	148	u22-p148-s021	narrator	We are celebrating New Year this week.	1
22	148	u22-p148-s043	narrator	now	1
22	148	u22-p148-s044	narrator	look	1
22	148	u22-p148-s045	narrator	listen	1
22	148	u22-p148-s022	narrator	My mum is cooking dinner now.	1
22	148	u22-p148-s005	narrator	Our teacher is singing a song.	1
22	148	u22-p148-s023	narrator	Listen!	1
22	148	u22-p148-s024	narrator	Where is your fatherg	1
22	148	u22-p148-s025	narrator	Oh	1
22	148	u22-p148-s026	narrator	he is cleaning his car.	1
22	148	u22-p148-s046	narrator	know	1
22	148	u22-p148-s047	narrator	understand	1
22	148	u22-p148-s048	narrator	love	1
22	148	u22-p148-s049	narrator	like	1
22	148	u22-p148-s050	narrator	want	1
22	148	u22-p148-s027	narrator	hear	1
22	148	u22-p148-s028	narrator	see	1
22	148	u22-p148-s029	narrator	be	1
22	148	u22-p148-s015	narrator	check Grammar	1
22	148	u22-p148-s051	narrator	ing	1
22	148	u22-p148-s016	narrator	go—going	1
22	148	u22-p148-s052	narrator	e	1
22	148	u22-p148-s053	narrator	e	1
22	148	u22-p148-s054	narrator	ing	1
22	148	u22-p148-s017	narrator	take—taking	1
22	148	u22-p148-s055	narrator	ie	1
22	148	u22-p148-s056	narrator	ie	1
22	148	u22-p148-s057	narrator	y	1
22	148	u22-p148-s058	narrator	ing	1
22	148	u22-p148-s018	narrator	die—dying	1
22	148	u22-p148-s019	narrator	get—getting	1
22	148	u22-p148-s059	narrator	ing	1
22	148	u22-p148-s020	narrator	swim—swimming	1
22	148	u22-p148-s030	narrator	be	1
22	148	u22-p148-s031	narrator	not	1
22	148	u22-p148-s032	narrator	not	1
22	148	u22-p148-s033	narrator	The students are not having lunch.	1
22	148	u22-p148-s034	narrator	be	1
22	148	u22-p148-s060	narrator	—Is	1
22	148	u22-p148-s035	narrator	Is that girl listening to music nowg	1
22	148	u22-p148-s036	narrator	Yes	1
22	148	u22-p148-s037	narrator	she is.	1
22	148	u22-p148-s038	narrator	be	1
22	148	u22-p148-s039	narrator	What are you readingg	1
22	148	u22-p148-s040	narrator	I’m reading a book about Chinese tea culture.	1
22	148	u22-p148-s041	narrator	I’m reading a book about Chinese tea culture.	1
22	148	u22-p148-s042	narrator	I’m reading a book about Chinese tea culture.	1
23	149	u23-p149-s067	narrator	Wordlist (by unit)	1
23	149	u23-p149-s115	narrator	Project	1
23	149	u23-p149-s001	narrator	problem	1
23	149	u23-p149-s068	narrator	Unit 1	1
23	149	u23-p149-s002	narrator	weekend	1
23	149	u23-p149-s003	narrator	greet	1
23	149	u23-p149-s077	narrator	at the weekend	1
23	149	u23-p149-s004	narrator	introduce	1
23	149	u23-p149-s006	narrator	each other	1
23	149	u23-p149-s078	narrator	make friends with	1
23	149	u23-p149-s079	narrator	go by	1
23	149	u23-p149-s080	narrator	glad	1
23	149	u23-p149-s072	narrator	Unit 2	1
23	149	u23-p149-s008	narrator	same	1
23	149	u23-p149-s009	narrator	hobby	1
23	149	u23-p149-s010	narrator	jogging	1
23	149	u23-p149-s011	narrator	grade	1
23	149	u23-p149-s012	narrator	painting	1
23	149	u23-p149-s013	narrator	classmate	1
23	149	u23-p149-s014	narrator	paper-cutting	1
23	149	u23-p149-s015	narrator	friendly	1
23	149	u23-p149-s085	narrator	all kinds of	1
23	149	u23-p149-s016	narrator	full	1
23	149	u23-p149-s018	narrator	around	1
23	149	u23-p149-s086	narrator	be full of	1
23	149	u23-p149-s020	narrator	change	1
23	149	u23-p149-s087	narrator	energy	1
23	149	u23-p149-s076	narrator	Wordlist	1
23	149	u23-p149-s094	narrator	be good at	1
23	149	u23-p149-s023	narrator	slim	1
23	149	u23-p149-s024	narrator	life	1
23	149	u23-p149-s026	narrator	polite	1
23	149	u23-p149-s027	narrator	museum	1
23	149	u23-p149-s028	narrator	smart	1
23	149	u23-p149-s029	narrator	thing	1
23	149	u23-p149-s030	narrator	ready	1
23	149	u23-p149-s032	narrator	apart	1
23	149	u23-p149-s096	narrator	be ready to do sth	1
23	149	u23-p149-s097	narrator	other	1
23	149	u23-p149-s035	narrator	take...	1
23	149	u23-p149-s036	narrator	interested	1
23	149	u23-p149-s038	narrator	endless	1
23	149	u23-p149-s101	narrator	be interested in	1
23	149	u23-p149-s040	narrator	scientist	1
23	149	u23-p149-s102	narrator	looks	1
23	149	u23-p149-s041	narrator	character	1
23	149	u23-p149-s042	narrator	dream	1
23	149	u23-p149-s043	narrator	both	1
23	149	u23-p149-s045	narrator	true	1
23	149	u23-p149-s046	narrator	enjoy	1
23	149	u23-p149-s108	narrator	come true	1
23	149	u23-p149-s047	narrator	pretty	1
23	149	u23-p149-s048	narrator	paint	1
23	149	u23-p149-s052	narrator	only	1
23	149	u23-p149-s053	narrator	club	1
23	149	u23-p149-s054	narrator	stay	1
23	149	u23-p149-s055	narrator	member	1
23	149	u23-p149-s056	narrator	match	1
23	149	u23-p149-s057	narrator	geography	1
23	149	u23-p149-s058	narrator	luck	1
23	149	u23-p149-s059	narrator	p.m.	1
23	149	u23-p149-s061	narrator	volleyball	1
23	149	u23-p149-s109	narrator	good luck	1
23	149	u23-p149-s063	narrator	each	1
23	149	u23-p149-s110	narrator	chess	1
23	149	u23-p149-s065	narrator	once	1
23	149	u23-p149-s066	narrator	Chinese chess	1
23	149	u23-p149-s111	narrator	chess	1
23	150	u23-p150-s001	narrator	join	1
23	150	u23-p150-s003	narrator	spend	1
23	150	u23-p150-s007	narrator	meeting	1
23	150	u23-p150-s008	narrator	chat	1
23	150	u23-p150-s009	narrator	sound	1
23	150	u23-p150-s010	narrator	exciting	1
23	150	u23-p150-s011	narrator	plan	1
23	150	u23-p150-s089	narrator	take place	1
23	150	u23-p150-s013	narrator	questionnaire	1
23	150	u23-p150-s014	narrator	noticeboard	1
23	150	u23-p150-s015	narrator	role	1
23	150	u23-p150-s016	narrator	gate	1
23	150	u23-p150-s017	narrator	model	1
23	150	u23-p150-s018	narrator	news	1
23	150	u23-p150-s019	narrator	board	1
23	150	u23-p150-s020	narrator	role model	1
23	150	u23-p150-s021	narrator	design	1
23	150	u23-p150-s022	narrator	like	1
23	150	u23-p150-s023	narrator	skill	1
23	150	u23-p150-s024	narrator	more	1
23	150	u23-p150-s026	narrator	artist	1
23	150	u23-p150-s028	narrator	master	1
23	150	u23-p150-s029	narrator	trust	1
23	150	u23-p150-s030	narrator	work	1
23	150	u23-p150-s031	narrator	really	1
23	150	u23-p150-s032	narrator	become	1
23	150	u23-p150-s033	narrator	soon	1
23	150	u23-p150-s034	narrator	designer	1
23	150	u23-p150-s035	narrator	teach	1
23	150	u23-p150-s037	narrator	would	1
23	150	u23-p150-s038	narrator	team	1
23	150	u23-p150-s076	narrator	(short form ’d)	1
23	150	u23-p150-s039	narrator	form	1
23	150	u23-p150-s040	narrator	show	1
23	150	u23-p150-s090	narrator	would like	1
23	150	u23-p150-s042	narrator	grey	1
23	150	u23-p150-s091	narrator	future	1
23	150	u23-p150-s100	narrator	AmE gray)	1
23	150	u23-p150-s080	narrator	Wordlist	1
23	150	u23-p150-s101	narrator	in the future	1
23	150	u23-p150-s092	narrator	future	1
23	150	u23-p150-s044	narrator	hope	1
23	150	u23-p150-s046	narrator	different	1
23	150	u23-p150-s047	narrator	thousand	1
23	150	u23-p150-s048	narrator	fact	1
23	150	u23-p150-s081	narrator	Unit 3	1
23	150	u23-p150-s102	narrator	in fact	1
23	150	u23-p150-s083	narrator	gymnasium	1
23	150	u23-p150-s103	narrator	borrow	1
23	150	u23-p150-s051	narrator	newspaper	1
23	150	u23-p150-s052	narrator	magazine	1
23	150	u23-p150-s053	narrator	building	1
23	150	u23-p150-s054	narrator	else	1
23	150	u23-p150-s055	narrator	field	1
23	150	u23-p150-s056	narrator	care	1
23	150	u23-p150-s057	narrator	sports field	1
23	150	u23-p150-s058	narrator	dining	1
23	150	u23-p150-s110	narrator	care about	1
23	150	u23-p150-s112	narrator	vent	1
23	150	u23-p150-s060	narrator	hall	1
23	150	u23-p150-s111	narrator	event	1
23	150	u23-p150-s113	narrator	vent	1
23	150	u23-p150-s061	narrator	together	1
23	150	u23-p150-s062	narrator	dining hall	1
23	150	u23-p150-s063	narrator	quite	1
23	150	u23-p150-s114	narrator	laboratory	1
23	150	u23-p150-s065	narrator	large	1
23	150	u23-p150-s066	narrator	part	1
23	150	u23-p150-s067	narrator	special	1
23	150	u23-p150-s068	narrator	modern	1
23	150	u23-p150-s126	narrator	as well	1
23	150	u23-p150-s127	narrator	bright	1
23	150	u23-p150-s087	narrator	Unit 4	1
23	150	u23-p150-s070	narrator	everyone	1
23	150	u23-p150-s088	narrator	everybody)	1
23	150	u23-p150-s071	narrator	a.m.	1
23	150	u23-p150-s073	narrator	perfect	1
23	150	u23-p150-s131	narrator	get up	1
23	150	u23-p150-s132	narrator	activity	1
23	151	u23-p151-s001	narrator	housework	1
23	151	u23-p151-s002	narrator	tiring	1
23	151	u23-p151-s003	narrator	homework	1
23	151	u23-p151-s004	narrator	duty	1
23	151	u23-p151-s005	narrator	weekday	1
23	151	u23-p151-s006	narrator	area	1
23	151	u23-p151-s086	narrator	on weekdays	1
23	151	u23-p151-s087	narrator	take part in	1
23	151	u23-p151-s007	narrator	usually	1
23	151	u23-p151-s008	narrator	through	1
23	151	u23-p151-s010	narrator	group	1
23	151	u23-p151-s011	narrator	turn	1
23	151	u23-p151-s088	narrator	a little	1
23	151	u23-p151-s091	narrator	self	1
23	151	u23-p151-s089	narrator	myself	1
23	151	u23-p151-s093	narrator	take turns	1
23	151	u23-p151-s095	narrator	empti	1
23	151	u23-p151-s097	narrator	enjoy oneself	1
23	151	u23-p151-s094	narrator	empty	1
23	151	u23-p151-s098	narrator	first	1
23	151	u23-p151-s018	narrator	term	1
23	151	u23-p151-s019	narrator	care	1
23	151	u23-p151-s020	narrator	start	1
23	151	u23-p151-s106	narrator	take care of	1
23	151	u23-p151-s107	narrator	something	1
23	151	u23-p151-s024	narrator	writer	1
23	151	u23-p151-s025	narrator	language	1
23	151	u23-p151-s083	narrator	Unit 5	1
23	151	u23-p151-s026	narrator	amazing	1
23	151	u23-p151-s027	narrator	biology	1
23	151	u23-p151-s028	narrator	lifestyle	1
23	151	u23-p151-s029	narrator	living	1
23	151	u23-p151-s030	narrator	cucumber	1
23	151	u23-p151-s031	narrator	nature	1
23	151	u23-p151-s032	narrator	lemon	1
23	151	u23-p151-s033	narrator	practise	1
23	151	u23-p151-s035	narrator	watermelon	1
23	151	u23-p151-s084	narrator	(AmE practice)	1
23	151	u23-p151-s036	narrator	pepper	1
23	151	u23-p151-s085	narrator	Wordlist	1
23	151	u23-p151-s037	narrator	field	1
23	151	u23-p151-s038	narrator	chocolate	1
23	151	u23-p151-s039	narrator	trip	1
23	151	u23-p151-s040	narrator	beef	1
23	151	u23-p151-s041	narrator	carrot	1
23	151	u23-p151-s042	narrator	field trip	1
23	151	u23-p151-s043	narrator	leave	1
23	151	u23-p151-s045	narrator	pork	1
23	151	u23-p151-s046	narrator	sweet	1
23	151	u23-p151-s048	narrator	snack	1
23	151	u23-p151-s049	narrator	health	1
23	151	u23-p151-s113	narrator	leave for	1
23	151	u23-p151-s051	narrator	delicious	1
23	151	u23-p151-s114	narrator	pick	1
23	151	u23-p151-s052	narrator	important	1
23	151	u23-p151-s119	narrator	of course	1
23	151	u23-p151-s053	narrator	seldom	1
23	151	u23-p151-s054	narrator	diet	1
23	151	u23-p151-s055	narrator	tennis	1
23	151	u23-p151-s056	narrator	without	1
23	151	u23-p151-s057	narrator	roller skate	1
23	151	u23-p151-s058	narrator	pancake	1
23	151	u23-p151-s059	narrator	grow	1
23	151	u23-p151-s061	narrator	tofu	1
23	151	u23-p151-s062	narrator	tour	1
23	151	u23-p151-s063	narrator	sugar	1
23	151	u23-p151-s064	narrator	website	1
23	151	u23-p151-s065	narrator	tooth	1
23	151	u23-p151-s124	narrator	teeth)	1
23	151	u23-p151-s067	narrator	video	1
23	151	u23-p151-s068	narrator	homebody	1
23	151	u23-p151-s069	narrator	outside	1
23	151	u23-p151-s070	narrator	mutton	1
23	151	u23-p151-s071	narrator	peace	1
23	151	u23-p151-s072	narrator	sweet	1
23	151	u23-p151-s073	narrator	quiet	1
23	151	u23-p151-s125	narrator	have a sweet tooth	1
23	151	u23-p151-s074	narrator	teamwork	1
23	151	u23-p151-s075	narrator	stay	1
23	151	u23-p151-s076	narrator	better	1
23	151	u23-p151-s126	narrator	stay up	1
23	152	u23-p152-s001	narrator	unhealthy	1
23	152	u23-p152-s003	narrator	need	1
23	152	u23-p152-s004	narrator	T-shirt	1
23	152	u23-p152-s005	narrator	enough	1
23	152	u23-p152-s007	narrator	calm	1
23	152	u23-p152-s008	narrator	fashion	1
23	152	u23-p152-s010	narrator	less	1
23	152	u23-p152-s012	narrator	choose	1
23	152	u23-p152-s014	narrator	could	1
23	152	u23-p152-s016	narrator	cheese	1
23	152	u23-p152-s017	narrator	piece	1
23	152	u23-p152-s018	narrator	advice	1
23	152	u23-p152-s019	narrator	depend	1
23	152	u23-p152-s020	narrator	bowl	1
23	152	u23-p152-s091	narrator	depend on	1
23	152	u23-p152-s021	narrator	salt	1
23	152	u23-p152-s022	narrator	skin	1
23	152	u23-p152-s023	narrator	packet	1
23	152	u23-p152-s092	narrator	such as	1
23	152	u23-p152-s024	narrator	kilo	1
23	152	u23-p152-s084	narrator	kilogram	1
23	152	u23-p152-s025	narrator	purple	1
23	152	u23-p152-s027	narrator	carton	1
23	152	u23-p152-s028	narrator	similar	1
23	152	u23-p152-s029	narrator	bottle	1
23	152	u23-p152-s030	narrator	example	1
23	152	u23-p152-s031	narrator	maybe	1
23	152	u23-p152-s100	narrator	for example	1
23	152	u23-p152-s032	narrator	than	1
23	152	u23-p152-s034	narrator	dark	1
23	152	u23-p152-s035	narrator	almost	1
23	152	u23-p152-s038	narrator	chip	1
23	152	u23-p152-s101	narrator	stand out	1
23	152	u23-p152-s039	narrator	smartphone	1
23	152	u23-p152-s040	narrator	match	1
23	152	u23-p152-s087	narrator	Wordlist	1
23	152	u23-p152-s042	narrator	tablet	1
23	152	u23-p152-s043	narrator	suitable	1
23	152	u23-p152-s044	narrator	score	1
23	152	u23-p152-s045	narrator	formal	1
23	152	u23-p152-s046	narrator	point	1
23	152	u23-p152-s047	narrator	change	1
23	152	u23-p152-s048	narrator	suit	1
23	152	u23-p152-s049	narrator	meal	1
23	152	u23-p152-s050	narrator	casual	1
23	152	u23-p152-s051	narrator	porridge	1
23	152	u23-p152-s052	narrator	comfortable	1
23	152	u23-p152-s053	narrator	whole	1
23	152	u23-p152-s054	narrator	primary	1
23	152	u23-p152-s055	narrator	miss	1
23	152	u23-p152-s056	narrator	rest	1
23	152	u23-p152-s057	narrator	smart	1
23	152	u23-p152-s059	narrator	date	1
23	152	u23-p152-s060	narrator	yogurt	1
23	152	u23-p152-s061	narrator	traditional	1
23	152	u23-p152-s102	narrator	yoghurt)	1
23	152	u23-p152-s063	narrator	most	1
23	152	u23-p152-s062	narrator	popular	1
23	152	u23-p152-s065	narrator	type	1
23	152	u23-p152-s067	narrator	design	1
23	152	u23-p152-s068	narrator	festival	1
23	152	u23-p152-s089	narrator	Unit 6	1
23	152	u23-p152-s069	narrator	wedding	1
23	152	u23-p152-s070	narrator	just	1
23	152	u23-p152-s071	narrator	style	1
23	152	u23-p152-s072	narrator	culture	1
23	152	u23-p152-s073	narrator	blouse	1
23	152	u23-p152-s074	narrator	country	1
23	152	u23-p152-s075	narrator	jacket	1
23	152	u23-p152-s076	narrator	history	1
23	152	u23-p152-s077	narrator	jeans	1
23	152	u23-p152-s078	narrator	loose	1
23	152	u23-p152-s079	narrator	scarf	1
23	152	u23-p152-s103	narrator	scarves	1
23	152	u23-p152-s104	narrator	scarfs)	1
23	153	u23-p153-s001	narrator	belt	1
23	153	u23-p153-s002	narrator	cost	1
23	153	u23-p153-s003	narrator	close-fitting	1
23	153	u23-p153-s004	narrator	manage	1
23	153	u23-p153-s088	narrator	be made of	1
23	153	u23-p153-s007	narrator	silk	1
23	153	u23-p153-s008	narrator	budget	1
23	153	u23-p153-s009	narrator	feel	1
23	153	u23-p153-s010	narrator	cover	1
23	153	u23-p153-s011	narrator	smooth	1
23	153	u23-p153-s012	narrator	education	1
23	153	u23-p153-s013	narrator	soft	1
23	153	u23-p153-s016	narrator	cotton	1
23	153	u23-p153-s089	narrator	pay for	1
23	153	u23-p153-s017	narrator	agree	1
23	153	u23-p153-s019	narrator	flat	1
23	153	u23-p153-s020	narrator	feature	1
23	153	u23-p153-s021	narrator	daily	1
23	153	u23-p153-s022	narrator	material	1
23	153	u23-p153-s023	narrator	need	1
23	153	u23-p153-s024	narrator	leather	1
23	153	u23-p153-s025	narrator	per cent	1
23	153	u23-p153-s083	narrator	per cent)	1
23	153	u23-p153-s027	narrator	size	1
23	153	u23-p153-s090	narrator	AmE percent)	1
23	153	u23-p153-s093	narrator	spens	1
23	153	u23-p153-s091	narrator	expensive	1
23	153	u23-p153-s030	narrator	save	1
23	153	u23-p153-s084	narrator	Unit 7	1
23	153	u23-p153-s032	narrator	bank	1
23	153	u23-p153-s033	narrator	account	1
23	153	u23-p153-s034	narrator	wise	1
23	153	u23-p153-s035	narrator	rainy	1
23	153	u23-p153-s036	narrator	yuan	1
23	153	u23-p153-s038	narrator	matter	1
23	153	u23-p153-s039	narrator	euro	1
23	153	u23-p153-s040	narrator	pocket	1
23	153	u23-p153-s041	narrator	pound	1
23	153	u23-p153-s087	narrator	Wordlist	1
23	153	u23-p153-s042	narrator	pocket money	1
23	153	u23-p153-s043	narrator	notebook	1
23	153	u23-p153-s046	narrator	rest	1
23	153	u23-p153-s047	narrator	rouble	1
23	153	u23-p153-s048	narrator	strawberry	1
23	153	u23-p153-s049	narrator	dollar	1
23	153	u23-p153-s050	narrator	bookshop	1
23	153	u23-p153-s051	narrator	eraser	1
23	153	u23-p153-s053	narrator	as	1
23	153	u23-p153-s054	narrator	ring	1
23	153	u23-p153-s055	narrator	present	1
23	153	u23-p153-s056	narrator	baseball	1
23	153	u23-p153-s057	narrator	away	1
23	153	u23-p153-s058	narrator	Russian	1
23	153	u23-p153-s060	narrator	shell	1
23	153	u23-p153-s098	narrator	a set of	1
23	153	u23-p153-s061	narrator	deal	1
23	153	u23-p153-s062	narrator	inside	1
23	153	u23-p153-s063	narrator	coin	1
23	153	u23-p153-s064	narrator	another	1
23	153	u23-p153-s066	narrator	online	1
23	153	u23-p153-s067	narrator	colourful	1
23	153	u23-p153-s099	narrator	AmE colorful)	1
23	153	u23-p153-s068	narrator	lucky	1
23	153	u23-p153-s069	narrator	surprise	1
23	153	u23-p153-s070	narrator	lucky money	1
23	153	u23-p153-s071	narrator	grandparent	1
23	153	u23-p153-s072	narrator	player	1
23	153	u23-p153-s073	narrator	relative	1
23	153	u23-p153-s074	narrator	protect	1
23	153	u23-p153-s076	narrator	send	1
23	153	u23-p153-s077	narrator	mall	1
23	153	u23-p153-s078	narrator	online	1
23	153	u23-p153-s079	narrator	across	1
23	153	u23-p153-s080	narrator	red packet	1
23	154	u23-p154-s001	narrator	survey	1
23	154	u23-p154-s002	narrator	hope	1
23	154	u23-p154-s080	narrator	in need	1
23	154	u23-p154-s081	narrator	in the hope of	1
23	154	u23-p154-s003	narrator	as	1
23	154	u23-p154-s004	narrator	ahead	1
23	154	u23-p154-s005	narrator	beginning	1
23	154	u23-p154-s006	narrator	carry	1
23	154	u23-p154-s007	narrator	habit	1
23	154	u23-p154-s008	narrator	suitcase	1
23	154	u23-p154-s009	narrator	block	1
23	154	u23-p154-s010	narrator	traveller	1
23	154	u23-p154-s073	narrator	(AmE traveler)	1
23	154	u23-p154-s074	narrator	Unit 8	1
23	154	u23-p154-s011	narrator	wherever	1
23	154	u23-p154-s012	narrator	celebrate	1
23	154	u23-p154-s014	narrator	violin	1
23	154	u23-p154-s016	narrator	lively	1
23	154	u23-p154-s017	narrator	Christmas	1
23	154	u23-p154-s018	narrator	spring roll	1
23	154	u23-p154-s019	narrator	remember	1
23	154	u23-p154-s020	narrator	moment	1
23	154	u23-p154-s021	narrator	poet	1
23	154	u23-p154-s022	narrator	dragon	1
23	154	u23-p154-s082	narrator	at the moment	1
23	154	u23-p154-s083	narrator	tonight	1
23	154	u23-p154-s024	narrator	dragon boat	1
23	154	u23-p154-s025	narrator	lantern	1
23	154	u23-p154-s026	narrator	race	1
23	154	u23-p154-s027	narrator	mountain	1
23	154	u23-p154-s028	narrator	dumpling	1
23	154	u23-p154-s029	narrator	climb	1
23	154	u23-p154-s031	narrator	rice dumpling	1
23	154	u23-p154-s032	narrator	natural	1
23	154	u23-p154-s033	narrator	Scottish	1
23	154	u23-p154-s034	narrator	beauty	1
23	154	u23-p154-s035	narrator	haggis	1
23	154	u23-p154-s036	narrator	respect	1
23	154	u23-p154-s037	narrator	dish	1
23	154	u23-p154-s076	narrator	Wordlist	1
23	154	u23-p154-s038	narrator	elder	1
23	154	u23-p154-s039	narrator	poem	1
23	154	u23-p154-s040	narrator	double	1
23	154	u23-p154-s041	narrator	lady	1
23	154	u23-p154-s042	narrator	forever	1
23	154	u23-p154-s043	narrator	gentleman	1
23	154	u23-p154-s077	narrator	gentlemen)	1
23	154	u23-p154-s045	narrator	decorate	1
23	154	u23-p154-s046	narrator	spread	1
23	154	u23-p154-s097	narrator	put up	1
23	154	u23-p154-s047	narrator	Spring Festival couplets	1
23	154	u23-p154-s050	narrator	beforehand	1
23	154	u23-p154-s051	narrator	doorstep	1
23	154	u23-p154-s052	narrator	prepare	1
23	154	u23-p154-s053	narrator	hang	1
23	154	u23-p154-s055	narrator	onion	1
23	154	u23-p154-s058	narrator	meaning	1
23	154	u23-p154-s059	narrator	Greek	1
23	154	u23-p154-s060	narrator	during	1
23	154	u23-p154-s061	narrator	tradition	1
23	154	u23-p154-s062	narrator	last	1
23	154	u23-p154-s063	narrator	symbol	1
23	154	u23-p154-s064	narrator	till	1
23	154	u23-p154-s079	narrator	until	1
23	154	u23-p154-s066	narrator	midnight	1
23	154	u23-p154-s067	narrator	strike	1
23	154	u23-p154-s069	narrator	heart	1
23	154	u23-p154-s070	narrator	into	1
23	155	u23-p155-s064	narrator	Wordlist (in alphabetical order)	1
23	155	u23-p155-s092	narrator	Project	1
23	155	u23-p155-s001	narrator	belt	1
23	155	u23-p155-s002	narrator	better	1
23	155	u23-p155-s075	narrator	a little	1
23	155	u23-p155-s004	narrator	biology	1
23	155	u23-p155-s005	narrator	a.m.	1
23	155	u23-p155-s007	narrator	block	1
23	155	u23-p155-s008	narrator	account	1
23	155	u23-p155-s009	narrator	blouse	1
23	155	u23-p155-s010	narrator	across	1
23	155	u23-p155-s011	narrator	board	1
23	155	u23-p155-s012	narrator	bookshop	1
23	155	u23-p155-s013	narrator	activity	1
23	155	u23-p155-s014	narrator	borrow	1
23	155	u23-p155-s015	narrator	advice	1
23	155	u23-p155-s016	narrator	both	1
23	155	u23-p155-s018	narrator	agree	1
23	155	u23-p155-s020	narrator	bottle	1
23	155	u23-p155-s021	narrator	ahead	1
23	155	u23-p155-s022	narrator	bowl	1
23	155	u23-p155-s076	narrator	all kinds of	1
23	155	u23-p155-s023	narrator	bright	1
23	155	u23-p155-s024	narrator	almost	1
23	155	u23-p155-s025	narrator	budget	1
23	155	u23-p155-s026	narrator	amazing	1
23	155	u23-p155-s027	narrator	building	1
23	155	u23-p155-s028	narrator	another	1
23	155	u23-p155-s070	narrator	Wordlist	1
23	155	u23-p155-s030	narrator	apart	1
23	155	u23-p155-s031	narrator	take...	1
23	155	u23-p155-s032	narrator	area	1
23	155	u23-p155-s033	narrator	around	1
23	155	u23-p155-s034	narrator	calm	1
23	155	u23-p155-s035	narrator	artist	1
23	155	u23-p155-s036	narrator	care	1
23	155	u23-p155-s037	narrator	as	1
23	155	u23-p155-s078	narrator	care about	1
23	155	u23-p155-s080	narrator	care	1
23	155	u23-p155-s088	narrator	as well	1
23	155	u23-p155-s089	narrator	take care of	1
23	155	u23-p155-s081	narrator	care	1
23	155	u23-p155-s040	narrator	away	1
23	155	u23-p155-s041	narrator	carrot	1
23	155	u23-p155-s042	narrator	carry	1
23	155	u23-p155-s043	narrator	carton	1
23	155	u23-p155-s044	narrator	casual	1
23	155	u23-p155-s045	narrator	celebrate	1
23	155	u23-p155-s047	narrator	bank	1
23	155	u23-p155-s049	narrator	change	1
23	155	u23-p155-s050	narrator	baseball	1
23	155	u23-p155-s090	narrator	be good at	1
23	155	u23-p155-s091	narrator	be made of	1
23	155	u23-p155-s054	narrator	character	1
23	155	u23-p155-s055	narrator	beauty	1
23	155	u23-p155-s056	narrator	chat	1
23	155	u23-p155-s057	narrator	become	1
23	155	u23-p155-s058	narrator	cheese	1
23	155	u23-p155-s059	narrator	beef	1
23	155	u23-p155-s060	narrator	chess	1
23	155	u23-p155-s061	narrator	beforehand	1
23	155	u23-p155-s062	narrator	beginning	1
23	155	u23-p155-s063	narrator	Chinese chess	1
23	156	u23-p156-s001	narrator	chip	1
23	156	u23-p156-s002	narrator	dragon	1
23	156	u23-p156-s003	narrator	chocolate	1
23	156	u23-p156-s004	narrator	dragon boat	1
23	156	u23-p156-s005	narrator	choose	1
23	156	u23-p156-s007	narrator	dream	1
23	156	u23-p156-s008	narrator	Christmas	1
23	156	u23-p156-s009	narrator	dumpling	1
23	156	u23-p156-s010	narrator	classmate	1
23	156	u23-p156-s011	narrator	rice dumpling	1
23	156	u23-p156-s012	narrator	climb	1
23	156	u23-p156-s014	narrator	during	1
23	156	u23-p156-s015	narrator	close-fitting	1
23	156	u23-p156-s016	narrator	duty	1
23	156	u23-p156-s017	narrator	club	1
23	156	u23-p156-s018	narrator	coin	1
23	156	u23-p156-s019	narrator	colourful	1
23	156	u23-p156-s080	narrator	AmE colorful)	1
23	156	u23-p156-s020	narrator	each	1
23	156	u23-p156-s022	narrator	comfortable	1
23	156	u23-p156-s023	narrator	each other	1
23	156	u23-p156-s024	narrator	cost	1
23	156	u23-p156-s025	narrator	education	1
23	156	u23-p156-s026	narrator	cotton	1
23	156	u23-p156-s027	narrator	elder	1
23	156	u23-p156-s028	narrator	could	1
23	156	u23-p156-s029	narrator	else	1
23	156	u23-p156-s030	narrator	empty	1
23	156	u23-p156-s031	narrator	country	1
23	156	u23-p156-s032	narrator	endless	1
23	156	u23-p156-s033	narrator	cover	1
23	156	u23-p156-s034	narrator	energy	1
23	156	u23-p156-s035	narrator	cucumber	1
23	156	u23-p156-s036	narrator	enjoy	1
23	156	u23-p156-s037	narrator	culture	1
23	156	u23-p156-s038	narrator	enough	1
23	156	u23-p156-s075	narrator	Wordlist	1
23	156	u23-p156-s041	narrator	eraser	1
23	156	u23-p156-s042	narrator	euro	1
23	156	u23-p156-s043	narrator	daily	1
23	156	u23-p156-s044	narrator	dark	1
23	156	u23-p156-s045	narrator	event	1
23	156	u23-p156-s046	narrator	date	1
23	156	u23-p156-s047	narrator	everyone	1
23	156	u23-p156-s076	narrator	everybody)	1
23	156	u23-p156-s048	narrator	deal	1
23	156	u23-p156-s049	narrator	decorate	1
23	156	u23-p156-s050	narrator	example	1
23	156	u23-p156-s051	narrator	delicious	1
23	156	u23-p156-s081	narrator	for example	1
23	156	u23-p156-s052	narrator	depend	1
23	156	u23-p156-s053	narrator	exciting	1
23	156	u23-p156-s054	narrator	expensive	1
23	156	u23-p156-s082	narrator	depend on	1
23	156	u23-p156-s083	narrator	design	1
23	156	u23-p156-s057	narrator	designer	1
23	156	u23-p156-s058	narrator	diet	1
23	156	u23-p156-s059	narrator	fact	1
23	156	u23-p156-s060	narrator	different	1
23	156	u23-p156-s093	narrator	in fact	1
23	156	u23-p156-s061	narrator	dining	1
23	156	u23-p156-s062	narrator	fashion	1
23	156	u23-p156-s063	narrator	dish	1
23	156	u23-p156-s064	narrator	feature	1
23	156	u23-p156-s065	narrator	dollar	1
23	156	u23-p156-s066	narrator	feel	1
23	156	u23-p156-s067	narrator	festival	1
23	156	u23-p156-s068	narrator	doorstep	1
23	156	u23-p156-s069	narrator	field	1
23	156	u23-p156-s070	narrator	double	1
23	156	u23-p156-s071	narrator	sports field	1
23	157	u23-p157-s001	narrator	field	1
23	157	u23-p157-s002	narrator	hall	1
23	157	u23-p157-s003	narrator	first	1
23	157	u23-p157-s006	narrator	dining hall	1
23	157	u23-p157-s008	narrator	hang	1
23	157	u23-p157-s011	narrator	health	1
23	157	u23-p157-s012	narrator	flat	1
23	157	u23-p157-s013	narrator	heart	1
23	157	u23-p157-s014	narrator	forever	1
23	157	u23-p157-s015	narrator	history	1
23	157	u23-p157-s016	narrator	form	1
23	157	u23-p157-s017	narrator	hobby	1
23	157	u23-p157-s018	narrator	formal	1
23	157	u23-p157-s019	narrator	homebody	1
23	157	u23-p157-s020	narrator	homework	1
23	157	u23-p157-s021	narrator	friendly	1
23	157	u23-p157-s022	narrator	hope	1
23	157	u23-p157-s024	narrator	full	1
23	157	u23-p157-s079	narrator	be full of	1
23	157	u23-p157-s080	narrator	in the hope of	1
23	157	u23-p157-s027	narrator	housework	1
23	157	u23-p157-s029	narrator	future	1
23	157	u23-p157-s081	narrator	in the future	1
23	157	u23-p157-s030	narrator	important	1
23	157	u23-p157-s082	narrator	in need	1
23	157	u23-p157-s083	narrator	inside	1
23	157	u23-p157-s032	narrator	gate	1
23	157	u23-p157-s033	narrator	interested	1
23	157	u23-p157-s034	narrator	gentleman	1
23	157	u23-p157-s070	narrator	Wordlist	1
23	157	u23-p157-s068	narrator	gentlemen)	1
23	157	u23-p157-s094	narrator	be interested in	1
23	157	u23-p157-s095	narrator	into	1
23	157	u23-p157-s038	narrator	geography	1
23	157	u23-p157-s037	narrator	introduce	1
23	157	u23-p157-s098	narrator	get up	1
23	157	u23-p157-s099	narrator	glad	1
23	157	u23-p157-s104	narrator	go by	1
23	157	u23-p157-s041	narrator	jacket	1
23	157	u23-p157-s105	narrator	grade	1
23	157	u23-p157-s042	narrator	grandparent	1
23	157	u23-p157-s043	narrator	jeans	1
23	157	u23-p157-s045	narrator	Greek	1
23	157	u23-p157-s046	narrator	jogging	1
23	157	u23-p157-s047	narrator	greet	1
23	157	u23-p157-s048	narrator	join	1
23	157	u23-p157-s050	narrator	grey	1
23	157	u23-p157-s110	narrator	AmE gray)	1
23	157	u23-p157-s052	narrator	just	1
23	157	u23-p157-s054	narrator	group	1
23	157	u23-p157-s055	narrator	grow	1
23	157	u23-p157-s076	narrator	gymnasium	1
23	157	u23-p157-s059	narrator	kilo	1
23	157	u23-p157-s077	narrator	kilogram	1
23	157	u23-p157-s060	narrator	habit	1
23	157	u23-p157-s061	narrator	haggis	1
23	158	u23-p158-s001	narrator	meaning	1
23	158	u23-p158-s002	narrator	meeting	1
23	158	u23-p158-s003	narrator	member	1
23	158	u23-p158-s089	narrator	laboratory	1
23	158	u23-p158-s005	narrator	midnight	1
23	158	u23-p158-s006	narrator	lady	1
23	158	u23-p158-s007	narrator	miss	1
23	158	u23-p158-s008	narrator	language	1
23	158	u23-p158-s011	narrator	lantern	1
23	158	u23-p158-s012	narrator	model	1
23	158	u23-p158-s013	narrator	large	1
23	158	u23-p158-s014	narrator	last	1
23	158	u23-p158-s015	narrator	role model	1
23	158	u23-p158-s016	narrator	modern	1
23	158	u23-p158-s017	narrator	leather	1
23	158	u23-p158-s018	narrator	moment	1
23	158	u23-p158-s019	narrator	leave	1
23	158	u23-p158-s100	narrator	at the moment	1
23	158	u23-p158-s022	narrator	more	1
23	158	u23-p158-s101	narrator	leave for	1
23	158	u23-p158-s025	narrator	most	1
23	158	u23-p158-s027	narrator	lemon	1
23	158	u23-p158-s028	narrator	less	1
23	158	u23-p158-s031	narrator	mountain	1
23	158	u23-p158-s033	narrator	museum	1
23	158	u23-p158-s034	narrator	life	1
23	158	u23-p158-s036	narrator	mutton	1
23	158	u23-p158-s037	narrator	lifestyle	1
23	158	u23-p158-s038	narrator	myself	1
23	158	u23-p158-s039	narrator	like	1
23	158	u23-p158-s040	narrator	lively	1
23	158	u23-p158-s103	narrator	enjoy oneself	1
23	158	u23-p158-s041	narrator	living	1
23	158	u23-p158-s084	narrator	Wordlist	1
23	158	u23-p158-s042	narrator	looks	1
23	158	u23-p158-s043	narrator	loose	1
23	158	u23-p158-s044	narrator	luck	1
23	158	u23-p158-s045	narrator	natural	1
23	158	u23-p158-s046	narrator	nature	1
23	158	u23-p158-s105	narrator	good luck	1
23	158	u23-p158-s048	narrator	need	1
23	158	u23-p158-s106	narrator	lucky	1
23	158	u23-p158-s049	narrator	lucky money	1
23	158	u23-p158-s051	narrator	news	1
23	158	u23-p158-s052	narrator	newspaper	1
23	158	u23-p158-s053	narrator	notebook	1
23	158	u23-p158-s054	narrator	noticeboard	1
23	158	u23-p158-s055	narrator	magazine	1
23	158	u23-p158-s115	narrator	make friends with	1
23	158	u23-p158-s116	narrator	mall	1
23	158	u23-p158-s057	narrator	manage	1
23	158	u23-p158-s125	narrator	of course	1
23	158	u23-p158-s060	narrator	master	1
23	158	u23-p158-s061	narrator	once	1
23	158	u23-p158-s062	narrator	match	1
23	158	u23-p158-s063	narrator	onion	1
23	158	u23-p158-s064	narrator	online	1
23	158	u23-p158-s067	narrator	material	1
23	158	u23-p158-s069	narrator	matter	1
23	158	u23-p158-s070	narrator	only	1
23	158	u23-p158-s071	narrator	maybe	1
23	158	u23-p158-s072	narrator	other	1
23	158	u23-p158-s074	narrator	meal	1
23	158	u23-p158-s075	narrator	outside	1
23	159	u23-p159-s001	narrator	protect	1
23	159	u23-p159-s003	narrator	purple	1
23	159	u23-p159-s004	narrator	p.m.	1
23	159	u23-p159-s007	narrator	packet	1
23	159	u23-p159-s088	narrator	put up	1
23	159	u23-p159-s008	narrator	paint	1
23	159	u23-p159-s011	narrator	painting	1
23	159	u23-p159-s012	narrator	pancake	1
23	159	u23-p159-s013	narrator	questionnaire	1
23	159	u23-p159-s014	narrator	paper-cutting	1
23	159	u23-p159-s015	narrator	quiet	1
23	159	u23-p159-s016	narrator	part	1
23	159	u23-p159-s017	narrator	quite	1
23	159	u23-p159-s089	narrator	pay for	1
23	159	u23-p159-s090	narrator	peace	1
23	159	u23-p159-s021	narrator	pepper	1
23	159	u23-p159-s022	narrator	race	1
23	159	u23-p159-s023	narrator	per cent	1
23	159	u23-p159-s025	narrator	rainy	1
23	159	u23-p159-s083	narrator	per cent)	1
23	159	u23-p159-s026	narrator	ready	1
23	159	u23-p159-s094	narrator	AmE percent)	1
23	159	u23-p159-s095	narrator	perfect	1
23	159	u23-p159-s106	narrator	be ready to do sth	1
23	159	u23-p159-s029	narrator	pick	1
23	159	u23-p159-s030	narrator	really	1
23	159	u23-p159-s032	narrator	red packet	1
23	159	u23-p159-s033	narrator	piece	1
23	159	u23-p159-s034	narrator	relative	1
23	159	u23-p159-s035	narrator	remember	1
23	159	u23-p159-s085	narrator	Wordlist	1
23	159	u23-p159-s036	narrator	plan	1
23	159	u23-p159-s038	narrator	respect	1
23	159	u23-p159-s039	narrator	player	1
23	159	u23-p159-s040	narrator	rest	1
23	159	u23-p159-s041	narrator	pocket	1
23	159	u23-p159-s043	narrator	ring	1
23	159	u23-p159-s044	narrator	pocket money	1
23	159	u23-p159-s045	narrator	poem	1
23	159	u23-p159-s046	narrator	role	1
23	159	u23-p159-s047	narrator	poet	1
23	159	u23-p159-s048	narrator	roller skate	1
23	159	u23-p159-s049	narrator	point	1
23	159	u23-p159-s050	narrator	rouble	1
23	159	u23-p159-s051	narrator	polite	1
23	159	u23-p159-s052	narrator	Russian	1
23	159	u23-p159-s053	narrator	popular	1
23	159	u23-p159-s054	narrator	pork	1
23	159	u23-p159-s055	narrator	porridge	1
23	159	u23-p159-s056	narrator	pound	1
23	159	u23-p159-s057	narrator	salt	1
23	159	u23-p159-s058	narrator	practise	1
23	159	u23-p159-s060	narrator	same	1
23	159	u23-p159-s087	narrator	(AmE practice)	1
23	159	u23-p159-s061	narrator	save	1
23	159	u23-p159-s063	narrator	prepare	1
23	159	u23-p159-s064	narrator	scarf	1
23	159	u23-p159-s107	narrator	scarves	1
23	159	u23-p159-s108	narrator	scarfs)	1
23	159	u23-p159-s066	narrator	scientist	1
23	159	u23-p159-s069	narrator	present	1
23	159	u23-p159-s070	narrator	score	1
23	159	u23-p159-s071	narrator	pretty	1
23	159	u23-p159-s072	narrator	Scottish	1
23	159	u23-p159-s073	narrator	primary	1
23	159	u23-p159-s074	narrator	seldom	1
23	159	u23-p159-s075	narrator	send	1
23	159	u23-p159-s076	narrator	problem	1
23	160	u23-p160-s001	narrator	survey	1
23	160	u23-p160-s089	narrator	a set of	1
23	160	u23-p160-s002	narrator	shell	1
23	160	u23-p160-s003	narrator	sweet	1
23	160	u23-p160-s004	narrator	show	1
23	160	u23-p160-s090	narrator	have a sweet tooth	1
23	160	u23-p160-s007	narrator	silk	1
23	160	u23-p160-s008	narrator	symbol	1
23	160	u23-p160-s009	narrator	similar	1
23	160	u23-p160-s010	narrator	size	1
23	160	u23-p160-s011	narrator	skill	1
23	160	u23-p160-s012	narrator	skin	1
23	160	u23-p160-s013	narrator	tablet	1
23	160	u23-p160-s014	narrator	slim	1
23	160	u23-p160-s091	narrator	take part in	1
23	160	u23-p160-s015	narrator	smart	1
23	160	u23-p160-s092	narrator	take place	1
23	160	u23-p160-s093	narrator	teach	1
23	160	u23-p160-s019	narrator	smartphone	1
23	160	u23-p160-s020	narrator	team	1
23	160	u23-p160-s021	narrator	smooth	1
23	160	u23-p160-s022	narrator	teamwork	1
23	160	u23-p160-s023	narrator	snack	1
23	160	u23-p160-s024	narrator	tennis	1
23	160	u23-p160-s025	narrator	soft	1
23	160	u23-p160-s026	narrator	term	1
23	160	u23-p160-s027	narrator	something	1
23	160	u23-p160-s028	narrator	than	1
23	160	u23-p160-s030	narrator	soon	1
23	160	u23-p160-s031	narrator	thing	1
23	160	u23-p160-s032	narrator	sound	1
23	160	u23-p160-s033	narrator	thousand	1
23	160	u23-p160-s034	narrator	special	1
23	160	u23-p160-s035	narrator	through	1
23	160	u23-p160-s036	narrator	spend	1
23	160	u23-p160-s084	narrator	Wordlist	1
23	160	u23-p160-s038	narrator	till	1
23	160	u23-p160-s083	narrator	until	1
23	160	u23-p160-s042	narrator	spread	1
23	160	u23-p160-s043	narrator	tiring	1
23	160	u23-p160-s046	narrator	Spring Festival couplets	1
23	160	u23-p160-s047	narrator	tofu	1
23	160	u23-p160-s048	narrator	spring roll	1
23	160	u23-p160-s049	narrator	together	1
23	160	u23-p160-s050	narrator	tonight	1
23	160	u23-p160-s104	narrator	stand out	1
23	160	u23-p160-s052	narrator	tooth	1
23	160	u23-p160-s105	narrator	start	1
23	160	u23-p160-s117	narrator	teeth)	1
23	160	u23-p160-s054	narrator	tour	1
23	160	u23-p160-s057	narrator	stay	1
23	160	u23-p160-s058	narrator	tradition	1
23	160	u23-p160-s059	narrator	traditional	1
23	160	u23-p160-s061	narrator	traveller	1
23	160	u23-p160-s118	narrator	stay up	1
23	160	u23-p160-s088	narrator	(AmE traveler)	1
23	160	u23-p160-s062	narrator	strawberry	1
23	160	u23-p160-s063	narrator	strike	1
23	160	u23-p160-s065	narrator	trip	1
23	160	u23-p160-s066	narrator	style	1
23	160	u23-p160-s067	narrator	field trip	1
23	160	u23-p160-s068	narrator	true	1
23	160	u23-p160-s119	narrator	such as	1
23	160	u23-p160-s069	narrator	sugar	1
23	160	u23-p160-s130	narrator	come true	1
23	160	u23-p160-s070	narrator	suit	1
23	160	u23-p160-s071	narrator	trust	1
23	160	u23-p160-s072	narrator	suitable	1
23	160	u23-p160-s073	narrator	T-shirt	1
23	160	u23-p160-s074	narrator	suitcase	1
23	160	u23-p160-s075	narrator	turn	1
23	160	u23-p160-s076	narrator	surprise	1
23	160	u23-p160-s132	narrator	take turns	1
23	160	u23-p160-s077	narrator	type	1
23	161	u23-p161-s001	narrator	weekend	1
23	161	u23-p161-s035	narrator	at the weekend	1
23	161	u23-p161-s002	narrator	wherever	1
23	161	u23-p161-s003	narrator	unhealthy	1
23	161	u23-p161-s004	narrator	whole	1
23	161	u23-p161-s005	narrator	usually	1
23	161	u23-p161-s006	narrator	wise	1
23	161	u23-p161-s007	narrator	without	1
23	161	u23-p161-s008	narrator	work	1
23	161	u23-p161-s009	narrator	would	1
23	161	u23-p161-s010	narrator	video	1
23	161	u23-p161-s026	narrator	(short form ’d)	1
23	161	u23-p161-s011	narrator	violin	1
23	161	u23-p161-s012	narrator	volleyball	1
23	161	u23-p161-s036	narrator	would like	1
23	161	u23-p161-s037	narrator	writer	1
23	161	u23-p161-s014	narrator	watermelon	1
23	161	u23-p161-s017	narrator	website	1
23	161	u23-p161-s018	narrator	yogurt	1
23	161	u23-p161-s019	narrator	wedding	1
23	161	u23-p161-s044	narrator	yoghurt)	1
23	161	u23-p161-s020	narrator	yuan	1
23	161	u23-p161-s022	narrator	weekday	1
23	161	u23-p161-s046	narrator	on weekdays	1
23	161	u23-p161-s034	narrator	Wordlist	1
24	162	u24-p162-s001	narrator	Proper nouns	1
24	162	u24-p162-s002	narrator	Millie /ˈmɪli/	1
24	162	u24-p162-s003	narrator	Sunshine /ˈsʌnʃaɪn/ Middle School	1
24	162	u24-p162-s004	narrator	Daniel /ˈdænjəl/	1
24	162	u24-p162-s005	narrator	Amy /ˈeɪmi/	1
24	162	u24-p162-s006	narrator	Kitty /ˈkɪti/	1
24	162	u24-p162-s007	narrator	Simon /ˈsaɪmən/	1
24	162	u24-p162-s008	narrator	Sandy /ˈsændi/	1
24	162	u24-p162-s009	narrator	Jenny /ˈdʒeni/	1
24	162	u24-p162-s010	narrator	William Smith /ˌwɪljəm ˈsmɪθ/	1
24	162	u24-p162-s011	narrator	the UK /ˌjuː ˈkeɪ/	1
24	162	u24-p162-s012	narrator	the United Kingdom）	1
24	162	u24-p162-s013	narrator	Will /wɪl/	1
24	162	u24-p162-s014	narrator	Andrew /ˈændruː/	1
24	162	u24-p162-s015	narrator	Andy /ˈændi/	1
24	162	u24-p162-s016	narrator	James /dʒeɪmz/	1
24	162	u24-p162-s017	narrator	Jimmy /ˈdʒɪmi/	1
24	162	u24-p162-s018	narrator	Thomas /ˈtɒməs/	1
24	162	u24-p162-s019	narrator	Tom /tɒm/	1
24	162	u24-p162-s020	narrator	Elizabeth /ɪˈlɪzəbəθ/	1
24	162	u24-p162-s021	narrator	Liz /lɪz/	1
24	162	u24-p162-s022	narrator	Susan /ˈsuːzn/	1
24	162	u24-p162-s023	narrator	Sue /suː/	1
24	162	u24-p162-s025	narrator	nouns Proper	1
24	162	u24-p162-s024	narrator	David /ˈdeɪvɪd/	1
24	162	u24-p162-s026	narrator	Nora /ˈnɔːrə/	1
24	162	u24-p162-s027	narrator	the Olympics /əˈlɪmpɪks/	1
24	162	u24-p162-s028	narrator	Kate /keɪt/	1
24	162	u24-p162-s029	narrator	Jack /dʒæk/	1
24	162	u24-p162-s030	narrator	Annie /ˈæni/	1
24	162	u24-p162-s031	narrator	Lucy /ˈluːsi/	1
24	162	u24-p162-s032	narrator	Peter /ˈpiːtə(r)/	1
24	162	u24-p162-s033	narrator	Yuelu Academy /əˈkædəmi/	1
24	162	u24-p162-s034	narrator	China /ˈtʃaɪnə/	1
24	162	u24-p162-s035	narrator	Yuelu Mountain /ˈmaʊntən/	1
24	162	u24-p162-s036	narrator	Tommy /ˈtɒmi/	1
24	162	u24-p162-s037	narrator	Shakespeare /ˈʃeɪkspɪə(r)/	1
24	162	u24-p162-s038	narrator	Children’s Day	1
24	162	u24-p162-s039	narrator	Benny /ˈbeni/	1
24	162	u24-p162-s040	narrator	France /frɑːns/	1
24	163	u24-p163-s001	narrator	Japan /dʒəˈpæn/	1
24	163	u24-p163-s002	narrator	Russia /ˈrʌʃə/	1
24	163	u24-p163-s003	narrator	USA /ˌjuː es ˈeɪ/	1
24	163	u24-p163-s004	narrator	the United States of America）	1
24	163	u24-p163-s005	narrator	Lucky /ˈlʌki/ Cat	1
24	163	u24-p163-s006	narrator	John /dʒɒn/	1
24	163	u24-p163-s007	narrator	Sunshine Museum the Spring Festival the Dragon /ˈdræɡən/ Boat Festival	3
24	163	u24-p163-s010	narrator	the Mid-Autumn /ˌmɪd ˈɔːtəm/ Festival	1
24	163	u24-p163-s011	narrator	Christmas /ˈkrɪsməs/	1
24	163	u24-p163-s012	narrator	Burns Night the Water Festival	2
24	163	u24-p163-s014	narrator	Scotland /ˈskɒtlənd/	1
24	163	u24-p163-s015	narrator	Robin /ˈrɒbɪn/	1
24	163	u24-p163-s016	narrator	Robert Burns	1
24	163	u24-p163-s017	narrator	Türkiye /ˈtʊəkijə/	1
24	163	u24-p163-s018	narrator	Greece /ɡriːs/	1
24	163	u24-p163-s019	narrator	Denmark /ˈdenmɑːk/	1
24	163	u24-p163-s020	narrator	Colombia /kəˈlʌmbiə/	1
24	163	u24-p163-s021	narrator	Shirley /ˈʃɜːli/	1
24	163	u24-p163-s039	narrator	vi	1
24	163	u24-p163-s041	narrator	en	1
24	163	u24-p163-s044	narrator	k	1
24	163	u24-p163-s045	narrator	ns	1
24	163	u24-p163-s046	narrator	t/	1
24	163	u24-p163-s038	narrator	the Vienna	1
24	163	u24-p163-s040	narrator	vi	1
24	163	u24-p163-s042	narrator	en	1
24	163	u24-p163-s043	narrator	New Year’s Concert	1
24	163	u24-p163-s023	narrator	the Strauss /straʊs/ family	1
24	163	u24-p163-s024	narrator	Wendy /ˈwendi/	1
24	163	u24-p163-s025	narrator	Violet /ˈvaɪələt/ the Window of the World the Lantern /ˈlæntən/ Festival	3
24	163	u24-p163-s030	narrator	Proper nouns	1
24	163	u24-p163-s028	narrator	the Double /ˈdʌbl/ Ninth Festival	1
24	163	u24-p163-s029	narrator	Chongyang Festival）	1
24	163	u24-p163-s031	narrator	Mother’s Day	1
24	163	u24-p163-s032	narrator	Father’s Day the Chinese New Year’s Eve /iːv/	2
24	163	u24-p163-s034	narrator	the Spring Festival Gala /ˈɡɑːlə/	1
24	163	u24-p163-s035	narrator	Chinese New Year: The Biggest Celebration on Earth	2
24	163	u24-p163-s037	narrator	Hong Kong /ˌhɒŋ ˈkɒŋ/	1
25	164	u25-p164-s002	narrator	jiaocai	1
25	164	u25-p164-s003	narrator	yilin	1
25	164	u25-p164-s004	narrator	com	1
25	164	u25-p164-s001	narrator	A	1
